pl_taxa,bf_taxa,Original,Predicted,Predicted_co
Corydalis,Parnassius_mnemosyne,1,0,0
Corydalis,Parnassius_apollo,0,0,0
Corydalis,Parnassius_phoebus,0,0,0
Corydalis,Iphiclides_podalirius,0,0,0
Corydalis,Papilio_machaon,0,0,0
Corydalis,Carcharodus_alceae,0,0,0
Corydalis,Spialia_sertorius,0,0,0
Corydalis,Erynnis_tages,0,0,0
Corydalis,Pyrgus_carthami,0,0,0
Corydalis,Pyrgus_malvae,0,0,0
Corydalis,Pyrgus_andromedae,0,0,0
Corydalis,Pyrgus_cacaliae,0,0,0
Corydalis,Pyrgus_serratulae,0,0,0
Corydalis,Pyrgus_armoricanus,0,0,0
Corydalis,Pyrgus_cirsii,0,0,0
Corydalis,Pyrgus_carlinae,0,0,0
Corydalis,Pyrgus_alveus,0,0,0
Corydalis,Heteropterus_morpheus,0,0,0
Corydalis,Carterocephalus_palaemon,0,0,0
Corydalis,Thymelicus_acteon,0,0,0
Corydalis,Thymelicus_sylvestris,0,0,0
Corydalis,Thymelicus_lineola,0,0,0
Corydalis,Ochlodes_sylvanus,0,0,0
Corydalis,Hesperia_comma,0,0,0
Corydalis,Gonepteryx_rhamni,0,0,0
Corydalis,Colias_alfacariensis,0,0,0
Corydalis,Colias_phicomone,0,0,0
Corydalis,Colias_palaeno,0,0,0
Corydalis,Anthocharis_cardamines,0,0,0
Corydalis,Aporia_crataegi,0,0,0
Corydalis,Pontia_callidice,0,0,0
Corydalis,Pieris_brassicae,0,0,0
Corydalis,Pieris_mannii,0,0,0
Corydalis,Pieris_bryoniae,0,0,0
Corydalis,Hamearis_lucina,0,0,0
Corydalis,Lycaena_phlaeas,0,0,0
Corydalis,Lycaena_virgaureae,0,0,0
Corydalis,Lycaena_helle,0,0,0
Corydalis,Lycaena_alciphron,0,0,0
Corydalis,Lycaena_dispar,0,0,0
Corydalis,Lycaena_hippothoe,0,0,0
Corydalis,Thecla_betulae,0,0,0
Corydalis,Favonius_quercus,0,0,0
Corydalis,Satyrium_acaciae,0,0,0
Corydalis,Satyrium_spini,0,0,0
Corydalis,Satyrium_ilicis,0,0,0
Corydalis,Lampides_boeticus,0,0,0
Corydalis,Celastrina_argiolus,0,0,0
Corydalis,Phengaris_arion,0,0,0
Corydalis,Phengaris_teleius,0,0,0
Corydalis,Phengaris_nausithous,0,0,0
Corydalis,Scolitantides_orion,0,0,0
Corydalis,Iolana_iolas,0,0,0
Corydalis,Glaucopsyche_alexis,0,0,0
Corydalis,Pseudophilotes_baton,0,0,0
Corydalis,Leptotes_pirithous,0,0,0
Corydalis,Cupido_argiades,0,0,0
Corydalis,Cupido_alcetas,0,0,0
Corydalis,Cupido_osiris,0,0,0
Corydalis,Cupido_minimus,0,0,0
Corydalis,Plebejus_argus,0,0,0
Corydalis,Plebejus_idas,0,0,0
Corydalis,Plebejus_argyrognomon,0,0,0
Corydalis,Cyaniris_semiargus,0,0,0
Corydalis,Aricia_nicias,0,0,0
Corydalis,Aricia_artaxerxes,0,0,0
Corydalis,Aricia_agestis,0,0,0
Corydalis,Polyommatus_escheri,0,0,0
Corydalis,Polyommatus_thersites,0,0,0
Corydalis,Polyommatus_amandus,0,0,0
Corydalis,Polyommatus_icarus,0,0,0
Corydalis,Polyommatus_eros,0,0,0
Corydalis,Polyommatus_dorylas,0,0,0
Corydalis,Polyommatus_damon,0,0,0
Corydalis,Neptis_rivularis,0,0,0
Corydalis,Limenitis_populi,0,0,0
Corydalis,Limenitis_reducta,0,0,0
Corydalis,Limenitis_camilla,0,0,0
Corydalis,Issoria_lathonia,0,0,0
Corydalis,Brenthis_ino,0,0,0
Corydalis,Argynnis_paphia,0,0,0
Corydalis,Fabriciana_adippe,0,0,0
Corydalis,Boloria_pales,0,0,0
Corydalis,Boloria_napaea,0,0,0
Corydalis,Boloria_aquilonaris,0,0,0
Corydalis,Boloria_selene,0,0,0
Corydalis,Boloria_dia,0,0,0
Corydalis,Boloria_euphrosyne,0,0,0
Corydalis,Boloria_titania,0,0,0
Corydalis,Apatura_iris,0,0,0
Corydalis,Apatura_ilia,0,0,0
Corydalis,Araschnia_levana,0,0,0
Corydalis,Vanessa_cardui,0,0,0
Corydalis,Vanessa_atalanta,0,0,0
Corydalis,Aglais_io,0,0,0
Corydalis,Aglais_urticae,0,0,0
Corydalis,Nymphalis_polychloros,0,0,0
Corydalis,Nymphalis_antiopa,0,0,0
Corydalis,Euphydryas_cynthia,0,0,0
Corydalis,Euphydryas_intermedia,0,0,0
Corydalis,Melitaea_didyma,0,0,0
Corydalis,Melitaea_phoebe,0,0,0
Corydalis,Melitaea_cinxia,0,0,0
Corydalis,Melitaea_diamina,0,0,0
Corydalis,Melitaea_aurelia,0,0,0
Corydalis,Melitaea_varia,0,0,0
Corydalis,Melitaea_parthenoides,0,0,0
Corydalis,Melitaea_deione,0,0,0
Corydalis,Melitaea_athalia,0,0,0
Corydalis,Melitaea_britomartis,0,0,0
Corydalis,Libythea_celtis,0,0,0
Corydalis,Lasiommata_maera,0,0,0
Corydalis,Lasiommata_petropolitana,0,0,0
Corydalis,Lasiommata_megera,0,0,0
Corydalis,Lopinga_achine,0,0,0
Corydalis,Coenonympha_glycerion,0,0,0
Corydalis,Coenonympha_pamphilus,0,0,0
Corydalis,Coenonympha_tullia,0,0,0
Corydalis,Melanargia_galathea,0,0,0
Corydalis,Hipparchia_statilinus,0,0,0
Corydalis,Hipparchia_fagi,0,0,0
Corydalis,Hipparchia_semele,0,0,0
Corydalis,Oeneis_glacialis,0,0,0
Corydalis,Brintesia_circe,0,0,0
Corydalis,Satyrus_ferula,0,0,0
Corydalis,Hyponephele_lycaon,0,0,0
Corydalis,Aphantopus_hyperantus,0,0,0
Corydalis,Maniola_jurtina,0,0,0
Corydalis,Erebia_nivalis,0,0,0
Corydalis,Erebia_tyndarus,0,0,0
Corydalis,Erebia_christi,0,0,0
Corydalis,Erebia_pharte,0,0,0
Corydalis,Erebia_epiphron,0,0,0
Corydalis,Erebia_meolans,0,0,0
Corydalis,Erebia_triarius,0,0,0
Corydalis,Erebia_medusa,0,0,0
Corydalis,Erebia_aethiops,0,0,0
Corydalis,Erebia_pandrose,0,0,0
Corydalis,Erebia_flavofasciata,0,0,0
Corydalis,Erebia_gorge,0,0,0
Corydalis,Erebia_pluto,0,0,0
Corydalis,Erebia_sudetica,0,0,0
Corydalis,Erebia_melampus,0,0,0
Corydalis,Erebia_manto,0,0,0
Corydalis,Erebia_eriphyle,0,0,0
Corydalis,Erebia_euryale,0,0,0
Corydalis,Erebia_ligea,0,0,0
Corydalis,Erebia_oeme,0,0,0
Corydalis,Erebia_mnestra,0,0,0
Corydalis,Erebia_styx,0,0,0
Sedum,Parnassius_mnemosyne,0,0,0
Sedum,Parnassius_apollo,1,0,0
Sedum,Parnassius_phoebus,0,0,0
Sedum,Iphiclides_podalirius,0,0,0
Sedum,Papilio_machaon,0,0,0
Sedum,Carcharodus_alceae,0,0,0
Sedum,Spialia_sertorius,0,0,0
Sedum,Erynnis_tages,0,0,0
Sedum,Pyrgus_carthami,0,0,0
Sedum,Pyrgus_malvae,0,0,0
Sedum,Pyrgus_andromedae,0,0,0
Sedum,Pyrgus_cacaliae,0,0,0
Sedum,Pyrgus_serratulae,0,0,0
Sedum,Pyrgus_armoricanus,0,0,0
Sedum,Pyrgus_cirsii,0,0,0
Sedum,Pyrgus_carlinae,0,0,0
Sedum,Pyrgus_alveus,0,0,0
Sedum,Heteropterus_morpheus,0,0,0
Sedum,Carterocephalus_palaemon,0,0,0
Sedum,Thymelicus_acteon,0,0,0
Sedum,Thymelicus_sylvestris,0,0,0
Sedum,Thymelicus_lineola,0,0,0
Sedum,Ochlodes_sylvanus,0,0,0
Sedum,Hesperia_comma,0,0,0
Sedum,Gonepteryx_rhamni,0,0,0
Sedum,Colias_alfacariensis,0,0,0
Sedum,Colias_phicomone,0,0,0
Sedum,Colias_palaeno,0,0,0
Sedum,Anthocharis_cardamines,0,0,0
Sedum,Aporia_crataegi,0,0,0
Sedum,Pontia_callidice,0,0,0
Sedum,Pieris_brassicae,0,0,0
Sedum,Pieris_mannii,0,0,0
Sedum,Pieris_bryoniae,0,0,0
Sedum,Hamearis_lucina,0,0,0
Sedum,Lycaena_phlaeas,0,0,0
Sedum,Lycaena_virgaureae,0,0,0
Sedum,Lycaena_helle,0,0,0
Sedum,Lycaena_alciphron,0,0,0
Sedum,Lycaena_dispar,0,0,0
Sedum,Lycaena_hippothoe,0,0,0
Sedum,Thecla_betulae,0,0,0
Sedum,Favonius_quercus,0,0,0
Sedum,Satyrium_acaciae,0,0,0
Sedum,Satyrium_spini,0,0,0
Sedum,Satyrium_ilicis,0,0,0
Sedum,Lampides_boeticus,0,0,0
Sedum,Celastrina_argiolus,0,0,0
Sedum,Phengaris_arion,0,0,0
Sedum,Phengaris_teleius,0,0,0
Sedum,Phengaris_nausithous,0,0,0
Sedum,Scolitantides_orion,0,0,0
Sedum,Iolana_iolas,0,0,0
Sedum,Glaucopsyche_alexis,0,0,0
Sedum,Pseudophilotes_baton,0,0,0
Sedum,Leptotes_pirithous,0,0,0
Sedum,Cupido_argiades,0,0,0
Sedum,Cupido_alcetas,0,0,0
Sedum,Cupido_osiris,0,0,0
Sedum,Cupido_minimus,0,0,0
Sedum,Plebejus_argus,0,0,0
Sedum,Plebejus_idas,0,0,0
Sedum,Plebejus_argyrognomon,0,0,0
Sedum,Cyaniris_semiargus,0,0,0
Sedum,Aricia_nicias,0,0,0
Sedum,Aricia_artaxerxes,0,0,0
Sedum,Aricia_agestis,0,0,0
Sedum,Polyommatus_escheri,0,0,0
Sedum,Polyommatus_thersites,0,0,0
Sedum,Polyommatus_amandus,0,0,0
Sedum,Polyommatus_icarus,0,0,0
Sedum,Polyommatus_eros,0,0,0
Sedum,Polyommatus_dorylas,0,0,0
Sedum,Polyommatus_damon,0,0,0
Sedum,Neptis_rivularis,0,0,0
Sedum,Limenitis_populi,0,0,0
Sedum,Limenitis_reducta,0,0,0
Sedum,Limenitis_camilla,0,0,0
Sedum,Issoria_lathonia,0,0,0
Sedum,Brenthis_ino,0,0,0
Sedum,Argynnis_paphia,0,0,0
Sedum,Fabriciana_adippe,0,0,0
Sedum,Boloria_pales,0,0,0
Sedum,Boloria_napaea,0,0,0
Sedum,Boloria_aquilonaris,0,0,0
Sedum,Boloria_selene,0,0,0
Sedum,Boloria_dia,0,0,0
Sedum,Boloria_euphrosyne,0,0,0
Sedum,Boloria_titania,0,0,0
Sedum,Apatura_iris,0,0,0
Sedum,Apatura_ilia,0,0,0
Sedum,Araschnia_levana,0,0,0
Sedum,Vanessa_cardui,0,0,0
Sedum,Vanessa_atalanta,0,0,0
Sedum,Aglais_io,0,0,0
Sedum,Aglais_urticae,0,0,0
Sedum,Nymphalis_polychloros,0,0,0
Sedum,Nymphalis_antiopa,0,0,0
Sedum,Euphydryas_cynthia,0,0,0
Sedum,Euphydryas_intermedia,0,0,0
Sedum,Melitaea_didyma,0,0,0
Sedum,Melitaea_phoebe,0,0,0
Sedum,Melitaea_cinxia,0,0,0
Sedum,Melitaea_diamina,0,0,0
Sedum,Melitaea_aurelia,0,0,0
Sedum,Melitaea_varia,0,0,0
Sedum,Melitaea_parthenoides,0,0,0
Sedum,Melitaea_deione,0,0,0
Sedum,Melitaea_athalia,0,0,0
Sedum,Melitaea_britomartis,0,0,0
Sedum,Libythea_celtis,0,0,0
Sedum,Lasiommata_maera,0,0,0
Sedum,Lasiommata_petropolitana,0,0,0
Sedum,Lasiommata_megera,0,0,0
Sedum,Lopinga_achine,0,0,0
Sedum,Coenonympha_glycerion,0,0,0
Sedum,Coenonympha_pamphilus,0,0,0
Sedum,Coenonympha_tullia,0,0,0
Sedum,Melanargia_galathea,0,0,0
Sedum,Hipparchia_statilinus,0,0,0
Sedum,Hipparchia_fagi,0,0,0
Sedum,Hipparchia_semele,0,0,0
Sedum,Oeneis_glacialis,0,0,0
Sedum,Brintesia_circe,0,0,0
Sedum,Satyrus_ferula,0,0,0
Sedum,Hyponephele_lycaon,0,0,0
Sedum,Aphantopus_hyperantus,0,0,0
Sedum,Maniola_jurtina,0,0,0
Sedum,Erebia_nivalis,0,0,0
Sedum,Erebia_tyndarus,0,0,0
Sedum,Erebia_christi,0,0,0
Sedum,Erebia_pharte,0,0,0
Sedum,Erebia_epiphron,0,0,0
Sedum,Erebia_meolans,0,0,0
Sedum,Erebia_triarius,0,0,0
Sedum,Erebia_medusa,0,0,0
Sedum,Erebia_aethiops,0,0,0
Sedum,Erebia_pandrose,0,0,0
Sedum,Erebia_flavofasciata,0,0,0
Sedum,Erebia_gorge,0,0,0
Sedum,Erebia_pluto,0,0,0
Sedum,Erebia_sudetica,0,0,0
Sedum,Erebia_melampus,0,0,0
Sedum,Erebia_manto,0,0,0
Sedum,Erebia_eriphyle,0,0,0
Sedum,Erebia_euryale,0,0,0
Sedum,Erebia_ligea,0,0,0
Sedum,Erebia_oeme,0,0,0
Sedum,Erebia_mnestra,0,0,0
Sedum,Erebia_styx,0,0,0
Sempervivum,Parnassius_mnemosyne,0,0,0
Sempervivum,Parnassius_apollo,1,0,0
Sempervivum,Parnassius_phoebus,0,0,0
Sempervivum,Iphiclides_podalirius,0,-5.35957863594729e-17,0
Sempervivum,Papilio_machaon,0,-3.385593075229862e-32,0
Sempervivum,Carcharodus_alceae,0,1.8547609050261834e-32,0
Sempervivum,Spialia_sertorius,0,3.132730380405889e-31,0
Sempervivum,Erynnis_tages,0,1.3361550088067323e-17,0
Sempervivum,Pyrgus_carthami,0,3.1754190975589324e-18,0
Sempervivum,Pyrgus_malvae,0,3.1754190975589154e-18,0
Sempervivum,Pyrgus_andromedae,0,3.175419097558911e-18,0
Sempervivum,Pyrgus_cacaliae,0,3.1754190975588434e-18,0
Sempervivum,Pyrgus_serratulae,0,5.704059546245365e-18,0
Sempervivum,Pyrgus_armoricanus,0,-4.352438417639147e-17,0
Sempervivum,Pyrgus_cirsii,0,3.1754190975588276e-18,0
Sempervivum,Pyrgus_carlinae,0,-4.024120939743295e-17,0
Sempervivum,Pyrgus_alveus,0,-4.024120939743304e-17,0
Sempervivum,Heteropterus_morpheus,0,6.577577570144734e-17,0
Sempervivum,Carterocephalus_palaemon,0,-4.717892438955507e-17,0
Sempervivum,Thymelicus_acteon,0,9.505235395261523e-17,0
Sempervivum,Thymelicus_sylvestris,0,-3.6064073520392527e-16,0
Sempervivum,Thymelicus_lineola,0,-7.997404442896505e-17,0
Sempervivum,Ochlodes_sylvanus,0,2.274606780548574e-16,0
Sempervivum,Hesperia_comma,0,1.452194717481232e-16,0
Sempervivum,Gonepteryx_rhamni,0,-1.3504426855233869e-31,0
Sempervivum,Colias_alfacariensis,0,-4.088086575667796e-17,0
Sempervivum,Colias_phicomone,0,2.7247767083476635e-17,0
Sempervivum,Colias_palaeno,0,2.3846070254745707e-32,0
Sempervivum,Anthocharis_cardamines,0,1.85099105407493e-17,0
Sempervivum,Aporia_crataegi,0,-3.618416990357536e-17,0
Sempervivum,Pontia_callidice,0,3.374126531081264e-17,0
Sempervivum,Pieris_brassicae,0,3.3950147650719675e-32,0
Sempervivum,Pieris_mannii,0,-2.92587882369904e-18,0
Sempervivum,Pieris_bryoniae,0,5.2251175851561964e-17,0
Sempervivum,Hamearis_lucina,0,-4.3041512351701724e-32,0
Sempervivum,Lycaena_phlaeas,0,-1.137134398563746e-31,0
Sempervivum,Lycaena_virgaureae,0,-9.587059677375835e-32,0
Sempervivum,Lycaena_helle,0,9.999000559047189e-33,0
Sempervivum,Lycaena_alciphron,0,-1.9425641731963793e-32,0
Sempervivum,Lycaena_dispar,0,-1.1655245562073336e-31,0
Sempervivum,Lycaena_hippothoe,0,-5.718264412323675e-32,0
Sempervivum,Thecla_betulae,0,-2.160080178770481e-17,0
Sempervivum,Favonius_quercus,0,2.0829274918801416e-33,0
Sempervivum,Satyrium_acaciae,0,-2.160080178770478e-17,0
Sempervivum,Satyrium_spini,0,-2.7207609671194435e-32,0
Sempervivum,Satyrium_ilicis,0,-1.737661229549205e-32,0
Sempervivum,Lampides_boeticus,0,-3.150715748004328e-17,0
Sempervivum,Celastrina_argiolus,0,-3.7353403483722857e-32,0
Sempervivum,Phengaris_arion,0,1.0510172734593526e-32,0
Sempervivum,Phengaris_teleius,0,3.134070658762564e-31,0
Sempervivum,Phengaris_nausithous,0,3.160776080648432e-31,0
Sempervivum,Scolitantides_orion,0,6.989217961064469e-33,0
Sempervivum,Iolana_iolas,0,-3.1507157480043273e-17,0
Sempervivum,Glaucopsyche_alexis,0,-1.753361866946192e-17,0
Sempervivum,Pseudophilotes_baton,0,8.105536118734418e-33,0
Sempervivum,Leptotes_pirithous,0,2.935472703323101e-17,0
Sempervivum,Cupido_argiades,0,2.2048497778778903e-16,0
Sempervivum,Cupido_alcetas,0,2.9389051237460495e-17,0
Sempervivum,Cupido_osiris,0,-1.055289659502488e-16,0
Sempervivum,Cupido_minimus,0,-2.2852436338582075e-16,0
Sempervivum,Plebejus_argus,0,-7.333715607995945e-17,0
Sempervivum,Plebejus_idas,0,-1.3706393403483623e-16,0
Sempervivum,Plebejus_argyrognomon,0,-1.0960338171710417e-17,0
Sempervivum,Cyaniris_semiargus,0,6.647910390943019e-17,0
Sempervivum,Aricia_nicias,0,-6.8747025523460005e-18,0
Sempervivum,Aricia_artaxerxes,0,-5.0291331047337825e-17,0
Sempervivum,Aricia_agestis,0,-4.922844372263675e-17,0
Sempervivum,Polyommatus_escheri,0,-1.8151526291247392e-16,0
Sempervivum,Polyommatus_thersites,0,-7.40218084702055e-17,0
Sempervivum,Polyommatus_amandus,0,4.654417780411118e-17,0
Sempervivum,Polyommatus_icarus,0,2.460450188801565e-16,0
Sempervivum,Polyommatus_eros,0,-2.5553707138267954e-16,0
Sempervivum,Polyommatus_dorylas,0,-4.700910047334678e-17,0
Sempervivum,Polyommatus_damon,0,-7.40218084702055e-17,0
Sempervivum,Neptis_rivularis,0,3.4131044619267427e-32,0
Sempervivum,Limenitis_populi,0,1.0476966359771653e-45,0
Sempervivum,Limenitis_reducta,0,8.845236440469865e-46,0
Sempervivum,Limenitis_camilla,0,-7.010108587239912e-46,0
Sempervivum,Issoria_lathonia,0,-8.204609820518616e-18,0
Sempervivum,Brenthis_ino,0,2.1482432216610056e-31,0
Sempervivum,Argynnis_paphia,0,-8.204609820518616e-18,0
Sempervivum,Fabriciana_adippe,0,-8.204609820518616e-18,0
Sempervivum,Boloria_pales,0,-8.751716885849703e-18,0
Sempervivum,Boloria_napaea,0,-8.204609820518616e-18,0
Sempervivum,Boloria_aquilonaris,0,2.20919994694315e-32,0
Sempervivum,Boloria_selene,0,-8.204609820518616e-18,0
Sempervivum,Boloria_dia,0,-8.204609820518616e-18,0
Sempervivum,Boloria_euphrosyne,0,-8.204609820518616e-18,0
Sempervivum,Boloria_titania,0,-8.204609820518616e-18,0
Sempervivum,Apatura_iris,0,-1.3102103995671113e-46,0
Sempervivum,Apatura_ilia,0,-4.681719496032949e-46,0
Sempervivum,Araschnia_levana,0,9.906488622178872e-19,0
Sempervivum,Vanessa_cardui,0,2.148225526712593e-18,0
Sempervivum,Vanessa_atalanta,0,9.906488622178872e-19,0
Sempervivum,Aglais_io,0,1.1767986483977308e-18,0
Sempervivum,Aglais_urticae,0,9.906488622178872e-19,0
Sempervivum,Nymphalis_polychloros,0,3.489467783146471e-46,0
Sempervivum,Nymphalis_antiopa,0,-1.3102103995671113e-46,0
Sempervivum,Euphydryas_cynthia,0,-8.751716885849703e-18,0
Sempervivum,Euphydryas_intermedia,0,-1.828376027345472e-46,0
Sempervivum,Melitaea_didyma,0,4.4586638419820856e-18,0
Sempervivum,Melitaea_phoebe,0,1.1782780057591315e-18,0
Sempervivum,Melitaea_cinxia,0,6.188566425365004e-19,0
Sempervivum,Melitaea_diamina,0,0,0
Sempervivum,Melitaea_aurelia,0,-5.471070653310653e-19,0
Sempervivum,Melitaea_varia,0,-5.471070653310653e-19,0
Sempervivum,Melitaea_parthenoides,0,2.520002702433868e-20,0
Sempervivum,Melitaea_deione,0,1.0804931705925906e-18,0
Sempervivum,Melitaea_athalia,0,3.5078365948986925e-18,0
Sempervivum,Melitaea_britomartis,0,6.188566425365004e-19,0
Sempervivum,Libythea_celtis,0,1.9075624442185397e-46,0
Sempervivum,Lasiommata_maera,0,2.850988131006039e-17,0
Sempervivum,Lasiommata_petropolitana,0,9.868224342699389e-18,0
Sempervivum,Lasiommata_megera,0,-2.831224548300176e-17,0
Sempervivum,Lopinga_achine,0,-3.099103775432342e-17,0
Sempervivum,Coenonympha_glycerion,0,-1.385598739296805e-16,0
Sempervivum,Coenonympha_pamphilus,0,-6.173150049170164e-17,0
Sempervivum,Coenonympha_tullia,0,3.608191384333746e-17,0
Sempervivum,Melanargia_galathea,0,-4.8246202029032556e-17,0
Sempervivum,Hipparchia_statilinus,0,1.0055870818908127e-17,0
Sempervivum,Hipparchia_fagi,0,-2.831224548300176e-17,0
Sempervivum,Hipparchia_semele,0,9.868224342699389e-18,0
Sempervivum,Oeneis_glacialis,0,9.868224342699389e-18,0
Sempervivum,Brintesia_circe,0,-2.831224548300176e-17,0
Sempervivum,Satyrus_ferula,0,9.868224342699389e-18,0
Sempervivum,Hyponephele_lycaon,0,4.82363406446093e-17,0
Sempervivum,Aphantopus_hyperantus,0,-2.831224548300176e-17,0
Sempervivum,Maniola_jurtina,0,-2.831224548300176e-17,0
Sempervivum,Erebia_nivalis,0,9.868224342699389e-18,0
Sempervivum,Erebia_tyndarus,0,-5.692775316737591e-17,0
Sempervivum,Erebia_christi,0,9.868224342699389e-18,0
Sempervivum,Erebia_pharte,0,6.713323890243182e-17,0
Sempervivum,Erebia_epiphron,0,9.868224342699389e-18,0
Sempervivum,Erebia_meolans,0,9.868224342699389e-18,0
Sempervivum,Erebia_triarius,0,4.82363406446093e-17,0
Sempervivum,Erebia_medusa,0,-1.844402114030233e-17,0
Sempervivum,Erebia_aethiops,0,-4.403447850827468e-17,0
Sempervivum,Erebia_pandrose,0,4.5108229838591367e-17,0
Sempervivum,Erebia_flavofasciata,0,9.868224342699389e-18,0
Sempervivum,Erebia_gorge,0,4.993184454331418e-17,0
Sempervivum,Erebia_pluto,0,4.993184454331418e-17,0
Sempervivum,Erebia_sudetica,0,-8.293079116460428e-17,0
Sempervivum,Erebia_melampus,0,-5.21041384626531e-17,0
Sempervivum,Erebia_manto,0,-3.07103862428485e-17,0
Sempervivum,Erebia_eriphyle,0,-7.259412015309224e-17,0
Sempervivum,Erebia_euryale,0,2.839464780835727e-17,0
Sempervivum,Erebia_ligea,0,9.041388148960221e-18,0
Sempervivum,Erebia_oeme,0,1.2927689508832343e-16,0
Sempervivum,Erebia_mnestra,0,1.9105191841363012e-17,0
Sempervivum,Erebia_styx,0,9.236967498663613e-18,0
Rhodiola,Parnassius_mnemosyne,0,0,0
Rhodiola,Parnassius_apollo,1,0,0
Rhodiola,Parnassius_phoebus,0,0,0
Rhodiola,Iphiclides_podalirius,0,5.662617272660733e-17,0
Rhodiola,Papilio_machaon,0,3.8213323074080605e-32,0
Rhodiola,Carcharodus_alceae,0,2.545039989117156e-31,0
Rhodiola,Spialia_sertorius,0,-1.033769991928744e-31,0
Rhodiola,Erynnis_tages,0,5.29108412089926e-16,0
Rhodiola,Pyrgus_carthami,0,5.188460796812287e-18,0
Rhodiola,Pyrgus_malvae,0,5.1884607968122565e-18,0
Rhodiola,Pyrgus_andromedae,0,5.188460796812249e-18,0
Rhodiola,Pyrgus_cacaliae,0,5.188460796812326e-18,0
Rhodiola,Pyrgus_serratulae,0,-3.7050872998163835e-19,0
Rhodiola,Pyrgus_armoricanus,0,1.4281080611605048e-16,0
Rhodiola,Pyrgus_cirsii,0,5.1884607968121795e-18,0
Rhodiola,Pyrgus_carlinae,0,1.3159170329099968e-16,0
Rhodiola,Pyrgus_alveus,0,1.315917032909998e-16,0
Rhodiola,Heteropterus_morpheus,0,-7.097394140792962e-17,0
Rhodiola,Carterocephalus_palaemon,0,3.9774111752935247e-17,0
Rhodiola,Thymelicus_acteon,0,-9.852186014443667e-17,0
Rhodiola,Thymelicus_sylvestris,0,3.5443379651420734e-16,0
Rhodiola,Thymelicus_lineola,0,9.129864737216062e-17,0
Rhodiola,Ochlodes_sylvanus,0,-2.4149254192723545e-16,0
Rhodiola,Hesperia_comma,0,-1.4050845082366318e-16,0
Rhodiola,Gonepteryx_rhamni,0,1.3273658127424532e-31,0
Rhodiola,Colias_alfacariensis,0,4.2631387724014948e-16,0
Rhodiola,Colias_phicomone,0,2.4567415634380547e-16,0
Rhodiola,Colias_palaeno,0,-2.3683796284889426e-32,0
Rhodiola,Anthocharis_cardamines,0,-1.850991054074928e-17,0
Rhodiola,Aporia_crataegi,0,3.823007728977253e-17,0
Rhodiola,Pontia_callidice,0,-3.37412653108126e-17,0
Rhodiola,Pieris_brassicae,0,-4.230377568398166e-32,0
Rhodiola,Pieris_mannii,0,8.961571224065764e-17,0
Rhodiola,Pieris_bryoniae,0,-5.2251175851561933e-17,0
Rhodiola,Hamearis_lucina,0,4.7304213746545075e-32,0
Rhodiola,Lycaena_phlaeas,0,1.3436382620920642e-31,0
Rhodiola,Lycaena_virgaureae,0,1.291439602874002e-31,0
Rhodiola,Lycaena_helle,0,-1.4462317869383442e-32,0
Rhodiola,Lycaena_alciphron,0,4.1154627904774337e-32,0
Rhodiola,Lycaena_dispar,0,1.4696515804470506e-31,0
Rhodiola,Lycaena_hippothoe,0,8.095154109786316e-32,0
Rhodiola,Thecla_betulae,0,2.2822143607705584e-17,0
Rhodiola,Favonius_quercus,0,-1.4150035468118546e-33,0
Rhodiola,Satyrium_acaciae,0,2.2822143607705556e-17,0
Rhodiola,Satyrium_spini,0,2.7402489173643683e-32,0
Rhodiola,Satyrium_ilicis,0,1.7375052404381232e-32,0
Rhodiola,Lampides_boeticus,0,1.3764855315337017e-17,0
Rhodiola,Celastrina_argiolus,0,3.7350660157598653e-32,0
Rhodiola,Phengaris_arion,0,-1.0509525207485717e-32,0
Rhodiola,Phengaris_teleius,0,-2.1573914246138365e-31,0
Rhodiola,Phengaris_nausithous,0,-2.1841201861555905e-31,0
Rhodiola,Scolitantides_orion,0,-6.989214086014062e-33,0
Rhodiola,Iolana_iolas,0,1.3764855315337007e-17,0
Rhodiola,Glaucopsyche_alexis,0,-1.0428979465422348e-16,0
Rhodiola,Pseudophilotes_baton,0,-8.10556637903783e-33,0
Rhodiola,Leptotes_pirithous,0,-6.169932305484769e-17,0
Rhodiola,Cupido_argiades,0,-2.4440644228317257e-16,0
Rhodiola,Cupido_alcetas,0,1.6837586258801458e-16,0
Rhodiola,Cupido_osiris,0,2.5676776230955865e-17,0
Rhodiola,Cupido_minimus,0,1.8477996332575033e-16,0
Rhodiola,Plebejus_argus,0,3.588985762288737e-16,0
Rhodiola,Plebejus_idas,0,2.4862934547782565e-16,0
Rhodiola,Plebejus_argyrognomon,0,1.9381854350546323e-16,0
Rhodiola,Cyaniris_semiargus,0,-1.159408684050009e-16,0
Rhodiola,Aricia_nicias,0,1.9883302144424012e-17,0
Rhodiola,Aricia_artaxerxes,0,1.4628654463861157e-16,0
Rhodiola,Aricia_agestis,0,1.4318131484603225e-16,0
Rhodiola,Polyommatus_escheri,0,1.4225293133668604e-16,0
Rhodiola,Polyommatus_thersites,0,1.1911920915618901e-17,0
Rhodiola,Polyommatus_amandus,0,-3.060694305068698e-17,0
Rhodiola,Polyommatus_icarus,0,-3.4336611976922856e-16,0
Rhodiola,Polyommatus_eros,0,1.5416485225230489e-16,0
Rhodiola,Polyommatus_dorylas,0,4.2527031989064254e-17,0
Rhodiola,Polyommatus_damon,0,1.1911920915618901e-17,0
Rhodiola,Neptis_rivularis,0,-7.23889107752342e-32,0
Rhodiola,Limenitis_populi,0,-1.0476966349573382e-45,0
Rhodiola,Limenitis_reducta,0,-8.845236432822798e-46,0
Rhodiola,Limenitis_camilla,0,7.010108580652503e-46,0
Rhodiola,Issoria_lathonia,0,7.223491642984999e-18,0
Rhodiola,Brenthis_ino,0,-3.928102728642576e-32,0
Rhodiola,Argynnis_paphia,0,7.223491642984999e-18,0
Rhodiola,Fabriciana_adippe,0,7.223491642984999e-18,0
Rhodiola,Boloria_pales,0,6.299711395749267e-18,0
Rhodiola,Boloria_napaea,0,7.223491642984999e-18,0
Rhodiola,Boloria_aquilonaris,0,-2.2003116118281007e-32,0
Rhodiola,Boloria_selene,0,7.223491642984999e-18,0
Rhodiola,Boloria_dia,0,7.223491642984999e-18,0
Rhodiola,Boloria_euphrosyne,0,7.223491642984999e-18,0
Rhodiola,Boloria_titania,0,7.223491642984999e-18,0
Rhodiola,Apatura_iris,0,1.3102103979384788e-46,0
Rhodiola,Apatura_ilia,0,4.681719492078055e-46,0
Rhodiola,Araschnia_levana,0,-1.1624632434650913e-18,0
Rhodiola,Vanessa_cardui,0,-2.5257716349751618e-18,0
Rhodiola,Vanessa_atalanta,0,-1.1624632434650913e-18,0
Rhodiola,Aglais_io,0,-1.3810163691865992e-18,0
Rhodiola,Aglais_urticae,0,-1.1624632434650913e-18,0
Rhodiola,Nymphalis_polychloros,0,-3.4894677798922536e-46,0
Rhodiola,Nymphalis_antiopa,0,1.3102103979384788e-46,0
Rhodiola,Euphydryas_cynthia,0,6.299711395749267e-18,0
Rhodiola,Euphydryas_intermedia,0,1.828376025627335e-46,0
Rhodiola,Melitaea_didyma,0,-8.777557780855466e-18,0
Rhodiola,Melitaea_phoebe,0,-1.575282205342846e-18,0
Rhodiola,Melitaea_cinxia,0,-2.8976929913118222e-18,0
Rhodiola,Melitaea_diamina,0,0,0
Rhodiola,Melitaea_aurelia,0,-9.2378024723575e-19,0
Rhodiola,Melitaea_varia,0,-9.2378024723575e-19,0
Rhodiola,Melitaea_parthenoides,0,-1.890928973504151e-18,0
Rhodiola,Melitaea_deione,0,-1.629666944456584e-18,0
Rhodiola,Melitaea_athalia,0,-7.334010330293963e-18,0
Rhodiola,Melitaea_britomartis,0,-2.8976929913118222e-18,0
Rhodiola,Libythea_celtis,0,-1.9075624420534095e-46,0
Rhodiola,Lasiommata_maera,0,-2.988958530602957e-17,0
Rhodiola,Lasiommata_petropolitana,0,-8.995195441089596e-18,0
Rhodiola,Lasiommata_megera,0,4.667118561744483e-17,0
Rhodiola,Lopinga_achine,0,1.8818142016154298e-17,0
Rhodiola,Coenonympha_glycerion,0,1.1251832863120742e-16,0
Rhodiola,Coenonympha_pamphilus,0,8.840811198944438e-17,0
Rhodiola,Coenonympha_tullia,0,-4.827121588977564e-17,0
Rhodiola,Melanargia_galathea,0,5.910061717658973e-17,0
Rhodiola,Hipparchia_statilinus,0,9.806271452749068e-18,0
Rhodiola,Hipparchia_fagi,0,4.667118561744483e-17,0
Rhodiola,Hipparchia_semele,0,-8.995195441089596e-18,0
Rhodiola,Oeneis_glacialis,0,-8.995195441089596e-18,0
Rhodiola,Brintesia_circe,0,4.667118561744483e-17,0
Rhodiola,Satyrus_ferula,0,-8.995195441089596e-18,0
Rhodiola,Hyponephele_lycaon,0,-4.5860109605785405e-17,0
Rhodiola,Aphantopus_hyperantus,0,4.667118561744483e-17,0
Rhodiola,Maniola_jurtina,0,4.667118561744483e-17,0
Rhodiola,Erebia_nivalis,0,-8.995195441089596e-18,0
Rhodiola,Erebia_tyndarus,0,6.069182080456494e-17,0
Rhodiola,Erebia_christi,0,-8.995195441089596e-18,0
Rhodiola,Erebia_pharte,0,-7.380960359718833e-17,0
Rhodiola,Erebia_epiphron,0,-8.995195441089596e-18,0
Rhodiola,Erebia_meolans,0,-8.995195441089596e-18,0
Rhodiola,Erebia_triarius,0,-4.5860109605785405e-17,0
Rhodiola,Erebia_medusa,0,3.76759901763552e-17,0
Rhodiola,Erebia_aethiops,0,2.344600265598357e-17,0
Rhodiola,Erebia_pandrose,0,-3.775800431080217e-17,0
Rhodiola,Erebia_flavofasciata,0,-8.995195441089596e-18,0
Rhodiola,Erebia_gorge,0,-4.5296583530589016e-17,0
Rhodiola,Erebia_pluto,0,-4.5296583530589016e-17,0
Rhodiola,Erebia_sudetica,0,8.32351841333409e-17,0
Rhodiola,Erebia_melampus,0,5.3153241584778116e-17,0
Rhodiola,Erebia_manto,0,1.9877392198544977e-17,0
Rhodiola,Erebia_eriphyle,0,5.634804520411712e-17,0
Rhodiola,Erebia_euryale,0,-5.80287129333094e-17,0
Rhodiola,Erebia_ligea,0,-2.8431306649941416e-17,0
Rhodiola,Erebia_oeme,0,-1.5393288082583037e-16,0
Rhodiola,Erebia_mnestra,0,-1.5214640982026256e-17,0
Rhodiola,Erebia_styx,0,-6.219445540936638e-18,0
Saxifraga,Parnassius_mnemosyne,0,0,0
Saxifraga,Parnassius_apollo,0,0,0
Saxifraga,Parnassius_phoebus,1,0,0
Saxifraga,Iphiclides_podalirius,0,-5.010462467395044e-32,0
Saxifraga,Papilio_machaon,0,-4.308123219524606e-35,0
Saxifraga,Carcharodus_alceae,0,-2.986538694560086e-33,0
Saxifraga,Spialia_sertorius,0,-7.474660525925516e-34,0
Saxifraga,Erynnis_tages,0,3.0699428840189302e-18,0
Saxifraga,Pyrgus_carthami,0,7.856557090683702e-18,0
Saxifraga,Pyrgus_malvae,0,7.856557090683705e-18,0
Saxifraga,Pyrgus_andromedae,0,7.856557090683693e-18,0
Saxifraga,Pyrgus_cacaliae,0,7.856557090683698e-18,0
Saxifraga,Pyrgus_serratulae,0,8.614296976224064e-18,0
Saxifraga,Pyrgus_armoricanus,0,1.5297733144419532e-17,0
Saxifraga,Pyrgus_cirsii,0,7.85655709068369e-18,0
Saxifraga,Pyrgus_carlinae,0,1.4007373410448933e-17,0
Saxifraga,Pyrgus_alveus,0,1.4007373410448933e-17,0
Saxifraga,Heteropterus_morpheus,0,3.373453802554559e-36,0
Saxifraga,Carterocephalus_palaemon,0,4.8149415812578604e-36,0
Saxifraga,Thymelicus_acteon,0,8.301584654466904e-35,0
Saxifraga,Thymelicus_sylvestris,0,1.6851967987898662e-34,0
Saxifraga,Thymelicus_lineola,0,1.43353879256181e-34,0
Saxifraga,Ochlodes_sylvanus,0,1.0131831411472065e-34,0
Saxifraga,Hesperia_comma,0,9.207533329977818e-35,0
Saxifraga,Gonepteryx_rhamni,0,1.225347642921136e-41,0
Saxifraga,Colias_alfacariensis,0,1.8587528684358816e-18,0
Saxifraga,Colias_phicomone,0,2.8279798804320233e-18,0
Saxifraga,Colias_palaeno,0,2.4306291713880997e-45,0
Saxifraga,Anthocharis_cardamines,0,-1.8272425835438762e-47,0
Saxifraga,Aporia_crataegi,0,2.625083734520978e-32,0
Saxifraga,Pontia_callidice,0,-5.057467620137873e-48,0
Saxifraga,Pieris_brassicae,0,7.376157027365644e-50,0
Saxifraga,Pieris_mannii,0,9.169636903769127e-20,0
Saxifraga,Pieris_bryoniae,0,-1.0064008760951148e-47,0
Saxifraga,Hamearis_lucina,0,-7.972755416703373e-52,0
Saxifraga,Lycaena_phlaeas,0,7.694554004456718e-53,0
Saxifraga,Lycaena_virgaureae,0,1.6121181783662258e-52,0
Saxifraga,Lycaena_helle,0,-1.92044230950535e-52,0
Saxifraga,Lycaena_alciphron,0,6.24888452117306e-53,0
Saxifraga,Lycaena_dispar,0,-1.1375556005544456e-52,0
Saxifraga,Lycaena_hippothoe,0,-2.860064988463208e-53,0
Saxifraga,Thecla_betulae,0,4.108019080028526e-32,0
Saxifraga,Favonius_quercus,0,5.279739226312331e-55,0
Saxifraga,Satyrium_acaciae,0,4.108019080028526e-32,0
Saxifraga,Satyrium_spini,0,-6.507498040718833e-45,0
Saxifraga,Satyrium_ilicis,0,-2.1080370844960477e-56,0
Saxifraga,Lampides_boeticus,0,1.0138120344583698e-18,0
Saxifraga,Celastrina_argiolus,0,-8.13023742180146e-45,0
Saxifraga,Phengaris_arion,0,3.320133428774422e-58,0
Saxifraga,Phengaris_teleius,0,-1.1814753465829374e-33,0
Saxifraga,Phengaris_nausithous,0,-1.1814753465829374e-33,0
Saxifraga,Scolitantides_orion,0,2.8497046536869727e-60,0
Saxifraga,Iolana_iolas,0,1.0138120344583698e-18,0
Saxifraga,Glaucopsyche_alexis,0,2.070087820924197e-18,0
Saxifraga,Pseudophilotes_baton,0,-1.448112370631739e-59,0
Saxifraga,Leptotes_pirithous,0,9.347398711715917e-19,0
Saxifraga,Cupido_argiades,0,3.0001931094415e-18,0
Saxifraga,Cupido_alcetas,0,1.2423449598851725e-19,0
Saxifraga,Cupido_osiris,0,2.115308278323104e-18,0
Saxifraga,Cupido_minimus,0,2.1696867705186077e-18,0
Saxifraga,Plebejus_argus,0,7.859302553651891e-18,0
Saxifraga,Plebejus_idas,0,1.765600310731637e-17,0
Saxifraga,Plebejus_argyrognomon,0,1.5026663454922337e-19,0
Saxifraga,Cyaniris_semiargus,0,9.38140024397383e-19,0
Saxifraga,Aricia_nicias,0,5.862732051929611e-19,0
Saxifraga,Aricia_artaxerxes,0,6.737089524958196e-18,0
Saxifraga,Aricia_agestis,0,6.683436168195473e-18,0
Saxifraga,Polyommatus_escheri,0,1.1980086348991302e-18,0
Saxifraga,Polyommatus_thersites,0,1.1014962438647377e-18,0
Saxifraga,Polyommatus_amandus,0,-4.743385956853921e-20,0
Saxifraga,Polyommatus_icarus,0,4.010237109773711e-18,0
Saxifraga,Polyommatus_eros,0,2.299504878763866e-18,0
Saxifraga,Polyommatus_dorylas,0,9.716781356194815e-19,0
Saxifraga,Polyommatus_damon,0,1.1014962438647377e-18,0
Saxifraga,Neptis_rivularis,0,1.21463575035958e-32,0
Saxifraga,Limenitis_populi,0,3.44326246584024e-76,0
Saxifraga,Limenitis_reducta,0,2.4158533388793354e-76,0
Saxifraga,Limenitis_camilla,0,-2.2022551256598868e-76,0
Saxifraga,Issoria_lathonia,0,1.9595202449946446e-36,0
Saxifraga,Brenthis_ino,0,8.728921230070884e-33,0
Saxifraga,Argynnis_paphia,0,1.9595202449946446e-36,0
Saxifraga,Fabriciana_adippe,0,1.9595202449946446e-36,0
Saxifraga,Boloria_pales,0,5.5937394178266853e-36,0
Saxifraga,Boloria_napaea,0,1.9595202449946446e-36,0
Saxifraga,Boloria_aquilonaris,0,1.0359361416942153e-48,0
Saxifraga,Boloria_selene,0,1.9595202449946446e-36,0
Saxifraga,Boloria_dia,0,1.9595202449946446e-36,0
Saxifraga,Boloria_euphrosyne,0,1.9595202449946446e-36,0
Saxifraga,Boloria_titania,0,1.9595202449946446e-36,0
Saxifraga,Apatura_iris,0,-5.83854761292876e-77,0
Saxifraga,Apatura_ilia,0,-1.2781177758914861e-76,0
Saxifraga,Araschnia_levana,0,5.010496169866253e-39,0
Saxifraga,Vanessa_cardui,0,6.901276748826315e-38,0
Saxifraga,Vanessa_atalanta,0,5.010496169866253e-39,0
Saxifraga,Aglais_io,0,5.2436234888967487e-39,0
Saxifraga,Aglais_urticae,0,5.010496169866253e-39,0
Saxifraga,Nymphalis_polychloros,0,1.085461689490204e-76,0
Saxifraga,Nymphalis_antiopa,0,-5.83854761292876e-77,0
Saxifraga,Euphydryas_cynthia,0,5.5937394178266853e-36,0
Saxifraga,Euphydryas_intermedia,0,-5.7439644115653e-77,0
Saxifraga,Melitaea_didyma,0,1.1001745770224459e-35,0
Saxifraga,Melitaea_phoebe,0,8.1693228806842e-37,0
Saxifraga,Melitaea_cinxia,0,5.713868660267654e-36,0
Saxifraga,Melitaea_diamina,0,0,0
Saxifraga,Melitaea_aurelia,0,3.634219172832039e-36,0
Saxifraga,Melitaea_varia,0,3.634219172832039e-36,0
Saxifraga,Melitaea_parthenoides,0,4.6470788701554805e-36,0
Saxifraga,Melitaea_deione,0,1.4269998809678762e-36,0
Saxifraga,Melitaea_athalia,0,9.73127338829305e-36,0
Saxifraga,Melitaea_britomartis,0,5.713868660267654e-36,0
Saxifraga,Libythea_celtis,0,7.607485795017779e-77,0
Saxifraga,Lasiommata_maera,0,5.617845323015357e-35,0
Saxifraga,Lasiommata_petropolitana,0,5.202651605108764e-35,0
Saxifraga,Lasiommata_megera,0,3.148979562237984e-35,0
Saxifraga,Lopinga_achine,0,2.6369335165812443e-35,0
Saxifraga,Coenonympha_glycerion,0,9.876746482469683e-35,0
Saxifraga,Coenonympha_pamphilus,0,1.4102678694944278e-34,0
Saxifraga,Coenonympha_tullia,0,1.2389870817523148e-35,0
Saxifraga,Melanargia_galathea,0,5.410821919507049e-35,0
Saxifraga,Hipparchia_statilinus,0,3.7971583971728365e-35,0
Saxifraga,Hipparchia_fagi,0,3.148979562237984e-35,0
Saxifraga,Hipparchia_semele,0,5.202651605108764e-35,0
Saxifraga,Oeneis_glacialis,0,5.202651605108764e-35,0
Saxifraga,Brintesia_circe,0,3.148979562237984e-35,0
Saxifraga,Satyrus_ferula,0,5.202651605108764e-35,0
Saxifraga,Hyponephele_lycaon,0,5.85083044004364e-35,0
Saxifraga,Aphantopus_hyperantus,0,3.148979562237984e-35,0
Saxifraga,Maniola_jurtina,0,3.148979562237984e-35,0
Saxifraga,Erebia_nivalis,0,5.202651605108764e-35,0
Saxifraga,Erebia_tyndarus,0,8.899015428800132e-35,0
Saxifraga,Erebia_christi,0,5.202651605108764e-35,0
Saxifraga,Erebia_pharte,0,7.661329709071583e-35,0
Saxifraga,Erebia_epiphron,0,5.202651605108764e-35,0
Saxifraga,Erebia_meolans,0,5.202651605108764e-35,0
Saxifraga,Erebia_triarius,0,5.85083044004364e-35,0
Saxifraga,Erebia_medusa,0,8.351631167346758e-35,0
Saxifraga,Erebia_aethiops,0,1.9442211362096803e-34,0
Saxifraga,Erebia_pandrose,0,7.256234691492382e-35,0
Saxifraga,Erebia_flavofasciata,0,5.202651605108764e-35,0
Saxifraga,Erebia_gorge,0,7.775763129545501e-35,0
Saxifraga,Erebia_pluto,0,7.775763129545501e-35,0
Saxifraga,Erebia_sudetica,0,7.678663340972665e-35,0
Saxifraga,Erebia_melampus,0,9.418543866853214e-35,0
Saxifraga,Erebia_manto,0,5.454218277879684e-35,0
Saxifraga,Erebia_eriphyle,0,4.089428911311291e-35,0
Saxifraga,Erebia_euryale,0,1.64600636882856e-34,0
Saxifraga,Erebia_ligea,0,3.8011162842550606e-35,0
Saxifraga,Erebia_oeme,0,4.2595778991737355e-35,0
Saxifraga,Erebia_mnestra,0,6.035882603664927e-35,0
Saxifraga,Erebia_styx,0,8.332309985560997e-36,0
Aristolochia,Parnassius_mnemosyne,0,0,0
Aristolochia,Parnassius_apollo,0,0,0
Aristolochia,Parnassius_phoebus,0,0,0
Aristolochia,Iphiclides_podalirius,0,-5.670913112959634e-31,0
Aristolochia,Papilio_machaon,0,-2.0661596143088413e-32,0
Aristolochia,Carcharodus_alceae,0,-1.0629012369057018e-31,0
Aristolochia,Spialia_sertorius,0,-1.2443631445960096e-32,0
Aristolochia,Erynnis_tages,0,-4.1218392864667237e-17,0
Aristolochia,Pyrgus_carthami,0,1.0671433346587074e-16,0
Aristolochia,Pyrgus_malvae,0,1.0671433346587077e-16,0
Aristolochia,Pyrgus_andromedae,0,1.0671433346587055e-16,0
Aristolochia,Pyrgus_cacaliae,0,1.067143334658707e-16,0
Aristolochia,Pyrgus_serratulae,0,1.1795488362549375e-16,0
Aristolochia,Pyrgus_armoricanus,0,1.9647007469161618e-16,0
Aristolochia,Pyrgus_cirsii,0,1.0671433346587055e-16,0
Aristolochia,Pyrgus_carlinae,0,1.8055876622721345e-16,0
Aristolochia,Pyrgus_alveus,0,1.8055876622721345e-16,0
Aristolochia,Heteropterus_morpheus,0,-3.321244811612023e-17,0
Aristolochia,Carterocephalus_palaemon,0,3.0619237929728786e-17,0
Aristolochia,Thymelicus_acteon,0,-6.887566351517491e-17,0
Aristolochia,Thymelicus_sylvestris,0,1.2417881338700538e-16,0
Aristolochia,Thymelicus_lineola,0,-4.1013137122935866e-17,0
Aristolochia,Ochlodes_sylvanus,0,-1.9187496451185124e-16,0
Aristolochia,Hesperia_comma,0,-9.980187798644972e-17,0
Aristolochia,Gonepteryx_rhamni,0,1.0962120243591983e-31,0
Aristolochia,Colias_alfacariensis,0,-5.1163817292283136e-17,0
Aristolochia,Colias_phicomone,0,1.5665303193132227e-17,0
Aristolochia,Colias_palaeno,0,-2.2651945155334439e-32,0
Aristolochia,Anthocharis_cardamines,0,-5.5297459494073304e-17,0
Aristolochia,Aporia_crataegi,0,3.0547627861106278e-31,0
Aristolochia,Pontia_callidice,0,-1.0080039272452968e-16,0
Aristolochia,Pieris_brassicae,0,-1.4801850923205298e-32,0
Aristolochia,Pieris_mannii,0,-1.7527668468358903e-17,0
Aristolochia,Pieris_bryoniae,0,-1.5609785221860306e-16,0
Aristolochia,Hamearis_lucina,0,6.908787046171088e-32,0
Aristolochia,Lycaena_phlaeas,0,2.606605881299375e-32,0
Aristolochia,Lycaena_virgaureae,0,-2.625252098194325e-32,0
Aristolochia,Lycaena_helle,0,-1.6268065134657763e-32,0
Aristolochia,Lycaena_alciphron,0,-9.288893756780995e-32,0
Aristolochia,Lycaena_dispar,0,-9.199816536181294e-32,0
Aristolochia,Lycaena_hippothoe,0,-2.956895538071848e-32,0
Aristolochia,Thecla_betulae,0,4.72470085950228e-31,0
Aristolochia,Favonius_quercus,0,-1.9799870173941878e-32,0
Aristolochia,Satyrium_acaciae,0,4.146132890689406e-31,0
Aristolochia,Satyrium_spini,0,3.5763519915985766e-32,0
Aristolochia,Satyrium_ilicis,0,5.209186706938877e-32,0
Aristolochia,Lampides_boeticus,0,2.7861982163695357e-17,0
Aristolochia,Celastrina_argiolus,0,4.902748608156795e-32,0
Aristolochia,Phengaris_arion,0,-3.1411077979105994e-32,0
Aristolochia,Phengaris_teleius,0,1.9646929525061412e-32,0
Aristolochia,Phengaris_nausithous,0,1.1534643418596386e-32,0
Aristolochia,Scolitantides_orion,0,-2.0880026953231655e-32,0
Aristolochia,Iolana_iolas,0,2.7861982163695357e-17,0
Aristolochia,Glaucopsyche_alexis,0,9.418250430913049e-17,0
Aristolochia,Pseudophilotes_baton,0,-2.4214324961831528e-32,0
Aristolochia,Leptotes_pirithous,0,3.9361892017818643e-17,0
Aristolochia,Cupido_argiades,0,1.383631216604529e-16,0
Aristolochia,Cupido_alcetas,0,-3.446670383787496e-17,0
Aristolochia,Cupido_osiris,0,6.763124388955808e-17,0
Aristolochia,Cupido_minimus,0,4.716396385226478e-17,0
Aristolochia,Plebejus_argus,0,6.203664305849994e-17,0
Aristolochia,Plebejus_idas,0,3.8791096518768944e-16,0
Aristolochia,Plebejus_argyrognomon,0,-3.935602758944043e-17,0
Aristolochia,Cyaniris_semiargus,0,5.1587462429645155e-17,0
Aristolochia,Aricia_nicias,0,4.8154484644272466e-18,0
Aristolochia,Aricia_artaxerxes,0,7.865988122576981e-17,0
Aristolochia,Aricia_agestis,0,7.851519106612236e-17,0
Aristolochia,Polyommatus_escheri,0,2.5519708716790373e-17,0
Aristolochia,Polyommatus_thersites,0,3.97692617258628e-17,0
Aristolochia,Polyommatus_amandus,0,5.2940093346738176e-18,0
Aristolochia,Polyommatus_icarus,0,1.8845551430431957e-16,0
Aristolochia,Polyommatus_eros,0,6.528897044265323e-17,0
Aristolochia,Polyommatus_dorylas,0,2.1644255135474442e-17,0
Aristolochia,Polyommatus_damon,0,3.97692617258628e-17,0
Aristolochia,Neptis_rivularis,0,1.6466819856755093e-31,0
Aristolochia,Limenitis_populi,0,-3.129942877203236e-45,0
Aristolochia,Limenitis_reducta,0,-2.6424714773515553e-45,0
Aristolochia,Limenitis_camilla,0,2.0942359346331832e-45,0
Aristolochia,Issoria_lathonia,0,-1.0728504724044136e-17,0
Aristolochia,Brenthis_ino,0,8.148079001166804e-32,0
Aristolochia,Argynnis_paphia,0,-1.0728504724044136e-17,0
Aristolochia,Fabriciana_adippe,0,-1.0728504724044136e-17,0
Aristolochia,Boloria_pales,0,-2.326379388253396e-17,0
Aristolochia,Boloria_napaea,0,-1.0728504724044136e-17,0
Aristolochia,Boloria_aquilonaris,0,-3.359686903161265e-32,0
Aristolochia,Boloria_selene,0,-1.0728504724044136e-17,0
Aristolochia,Boloria_dia,0,-1.0728504724044136e-17,0
Aristolochia,Boloria_euphrosyne,0,-1.0728504724044136e-17,0
Aristolochia,Boloria_titania,0,-1.0728504724044136e-17,0
Aristolochia,Apatura_iris,0,3.914190018033704e-46,0
Aristolochia,Apatura_ilia,0,1.3986409877682145e-45,0
Aristolochia,Araschnia_levana,0,1.3829321909781083e-18,0
Aristolochia,Vanessa_cardui,0,2.718599277078995e-18,0
Aristolochia,Vanessa_atalanta,0,1.3829321909781083e-18,0
Aristolochia,Aglais_io,0,1.6470468674058266e-18,0
Aristolochia,Aglais_urticae,0,1.3829321909781083e-18,0
Aristolochia,Nymphalis_polychloros,0,-1.0424615728772807e-45,0
Aristolochia,Nymphalis_antiopa,0,3.914190018033704e-46,0
Aristolochia,Euphydryas_cynthia,0,-2.326379388253396e-17,0
Aristolochia,Euphydryas_intermedia,0,5.46218468777884e-46,0
Aristolochia,Melitaea_didyma,0,-3.4504166127738554e-17,0
Aristolochia,Melitaea_phoebe,0,-1.6869649226851944e-18,0
Aristolochia,Melitaea_cinxia,0,-1.8949639021100236e-17,0
Aristolochia,Melitaea_diamina,0,0,0
Aristolochia,Melitaea_aurelia,0,-1.2535289158489836e-17,0
Aristolochia,Melitaea_varia,0,-1.2535289158489836e-17,0
Aristolochia,Melitaea_parthenoides,0,-1.5635987693419355e-17,0
Aristolochia,Melitaea_deione,0,-4.2441309817843496e-18,0
Aristolochia,Melitaea_athalia,0,-3.1008380498401494e-17,0
Aristolochia,Melitaea_britomartis,0,-1.8949639021100236e-17,0
Aristolochia,Libythea_celtis,0,-5.698750273629935e-46,0
Aristolochia,Lasiommata_maera,0,-2.7272205806831247e-17,0
Aristolochia,Lasiommata_petropolitana,0,-2.1527801406951584e-17,0
Aristolochia,Lasiommata_megera,0,-3.2783971521350784e-17,0
Aristolochia,Lopinga_achine,0,2.150809231633039e-17,0
Aristolochia,Coenonympha_glycerion,0,7.099670158390773e-17,0
Aristolochia,Coenonympha_pamphilus,0,-2.311891872352146e-17,0
Aristolochia,Coenonympha_tullia,0,2.317452218195357e-17,0
Aristolochia,Melanargia_galathea,0,-3.0386986437642226e-17,0
Aristolochia,Hipparchia_statilinus,0,-5.4609385263194635e-17,0
Aristolochia,Hipparchia_fagi,0,-3.2783971521350784e-17,0
Aristolochia,Hipparchia_semele,0,-2.1527801406951584e-17,0
Aristolochia,Oeneis_glacialis,0,-2.1527801406951584e-17,0
Aristolochia,Brintesia_circe,0,-3.2783971521350784e-17,0
Aristolochia,Satyrus_ferula,0,-2.1527801406951584e-17,0
Aristolochia,Hyponephele_lycaon,0,-4.335321514879543e-17,0
Aristolochia,Aphantopus_hyperantus,0,-3.2783971521350784e-17,0
Aristolochia,Maniola_jurtina,0,-3.2783971521350784e-17,0
Aristolochia,Erebia_nivalis,0,-2.1527801406951584e-17,0
Aristolochia,Erebia_tyndarus,0,1.8476267833886685e-17,0
Aristolochia,Erebia_christi,0,-2.1527801406951584e-17,0
Aristolochia,Erebia_pharte,0,-1.5365743653905087e-17,0
Aristolochia,Erebia_epiphron,0,-2.1527801406951584e-17,0
Aristolochia,Erebia_meolans,0,-2.1527801406951584e-17,0
Aristolochia,Erebia_triarius,0,-4.335321514879543e-17,0
Aristolochia,Erebia_medusa,0,-5.43117729283024e-17,0
Aristolochia,Erebia_aethiops,0,2.856709393224477e-17,0
Aristolochia,Erebia_pandrose,0,-4.0904496486428436e-17,0
Aristolochia,Erebia_flavofasciata,0,-2.1527801406951584e-17,0
Aristolochia,Erebia_gorge,0,-3.327247874601998e-17,0
Aristolochia,Erebia_pluto,0,-3.327247874601998e-17,0
Aristolochia,Erebia_sudetica,0,3.355849606312284e-17,0
Aristolochia,Erebia_melampus,0,2.6108285574295144e-17,0
Aristolochia,Erebia_manto,0,6.888037296352938e-17,0
Aristolochia,Erebia_eriphyle,0,9.544169068497882e-17,0
Aristolochia,Erebia_euryale,0,5.868849252303193e-17,0
Aristolochia,Erebia_ligea,0,4.394071404109006e-17,0
Aristolochia,Erebia_oeme,0,-2.9000721168610062e-18,0
Aristolochia,Erebia_mnestra,0,-2.5822268257192292e-17,0
Aristolochia,Erebia_styx,0,-4.294466850240747e-18,0
Prunus,Parnassius_mnemosyne,0,0,0
Prunus,Parnassius_apollo,0,0,0
Prunus,Parnassius_phoebus,0,0,0
Prunus,Iphiclides_podalirius,1,1.3934042573620924,1
Prunus,Papilio_machaon,0,-2.0643302857123683e-16,0
Prunus,Carcharodus_alceae,0,-3.2986981409699944e-31,0
Prunus,Spialia_sertorius,0,-3.3250737445637504e-32,0
Prunus,Erynnis_tages,0,-4.2582737685711834e-16,0
Prunus,Pyrgus_carthami,0,5.20231104719501e-16,0
Prunus,Pyrgus_malvae,0,5.202311047195013e-16,0
Prunus,Pyrgus_andromedae,0,5.202311047195009e-16,0
Prunus,Pyrgus_cacaliae,0,5.202311047195008e-16,0
Prunus,Pyrgus_serratulae,0,5.755788842964965e-16,0
Prunus,Pyrgus_armoricanus,0,8.1581227802406655e-16,0
Prunus,Pyrgus_cirsii,0,5.202311047195002e-16,0
Prunus,Pyrgus_carlinae,0,7.392808119553983e-16,0
Prunus,Pyrgus_alveus,0,7.392808119553982e-16,0
Prunus,Heteropterus_morpheus,0,-5.918063006755911e-20,0
Prunus,Carterocephalus_palaemon,0,3.946865852835106e-18,0
Prunus,Thymelicus_acteon,0,-1.232962314435134e-17,0
Prunus,Thymelicus_sylvestris,0,1.775387525513914e-17,0
Prunus,Thymelicus_lineola,0,-4.3765355228335174e-18,0
Prunus,Ochlodes_sylvanus,0,4.26112850348905e-18,0
Prunus,Hesperia_comma,0,-4.3667938515202695e-18,0
Prunus,Gonepteryx_rhamni,0,-2.654194621997362e-33,0
Prunus,Colias_alfacariensis,0,-2.529603391905232e-16,0
Prunus,Colias_phicomone,0,-2.619632582807532e-16,0
Prunus,Colias_palaeno,0,6.865295571575515e-34,0
Prunus,Anthocharis_cardamines,0,2.5695171739742045e-34,0
Prunus,Aporia_crataegi,1,0.9407302293241457,1
Prunus,Pontia_callidice,0,4.97703053337139e-33,0
Prunus,Pieris_brassicae,0,-2.8542379801552756e-33,0
Prunus,Pieris_mannii,0,-5.4331315877675085e-17,0
Prunus,Pieris_bryoniae,0,1.6059888562701317e-32,0
Prunus,Hamearis_lucina,0,-4.343549487085235e-33,0
Prunus,Lycaena_phlaeas,0,1.5256481692028728e-33,0
Prunus,Lycaena_virgaureae,0,-4.046403467069143e-33,0
Prunus,Lycaena_helle,0,1.9135507120485572e-33,0
Prunus,Lycaena_alciphron,0,3.3308185332227715e-33,0
Prunus,Lycaena_dispar,0,7.656254010946368e-33,0
Prunus,Lycaena_hippothoe,0,1.3480702339654479e-33,0
Prunus,Thecla_betulae,1,0.561586109989084,1
Prunus,Favonius_quercus,0,2.78397219248929e-34,0
Prunus,Satyrium_acaciae,1,0.561586109989084,1
Prunus,Satyrium_spini,0,-2.1952847440017973e-34,0
Prunus,Satyrium_ilicis,0,1.3929420435899796e-34,0
Prunus,Lampides_boeticus,0,-6.465283993169441e-17,0
Prunus,Celastrina_argiolus,0,-3.535277232932971e-34,0
Prunus,Phengaris_arion,0,3.0041357113174446e-37,0
Prunus,Phengaris_teleius,0,-3.979627116019193e-32,0
Prunus,Phengaris_nausithous,0,-3.9803954249100695e-32,0
Prunus,Scolitantides_orion,0,1.4297867584426988e-40,0
Prunus,Iolana_iolas,0,-6.465283993169441e-17,0
Prunus,Glaucopsyche_alexis,0,-1.6602849138603735e-16,0
Prunus,Pseudophilotes_baton,0,-2.0999638099634947e-38,0
Prunus,Leptotes_pirithous,0,-4.2028376174433324e-17,0
Prunus,Cupido_argiades,0,-2.3536713000260796e-16,0
Prunus,Cupido_alcetas,0,-1.2852298336683517e-16,0
Prunus,Cupido_osiris,0,-1.7677023979885003e-16,0
Prunus,Cupido_minimus,0,-2.844460960925477e-16,0
Prunus,Plebejus_argus,0,7.562217074406429e-17,0
Prunus,Plebejus_idas,0,-6.428433311266937e-16,0
Prunus,Plebejus_argyrognomon,0,-1.0953280269868998e-16,0
Prunus,Cyaniris_semiargus,0,-4.393013602666079e-17,0
Prunus,Aricia_nicias,0,2.30083240170033e-17,0
Prunus,Aricia_artaxerxes,0,2.420580312529005e-16,0
Prunus,Aricia_agestis,0,2.4023339372757036e-16,0
Prunus,Polyommatus_escheri,0,-2.0703247228030192e-16,0
Prunus,Polyommatus_thersites,0,-1.1211739986715541e-16,0
Prunus,Polyommatus_amandus,0,-1.886097440854616e-17,0
Prunus,Polyommatus_icarus,0,-2.5965595206301746e-16,0
Prunus,Polyommatus_eros,0,-3.191498721474572e-16,0
Prunus,Polyommatus_dorylas,0,-7.741362381224576e-17,0
Prunus,Polyommatus_damon,0,-1.1211739986715541e-16,0
Prunus,Neptis_rivularis,0,8.9610043285083e-31,0
Prunus,Limenitis_populi,0,4.314619735956389e-55,0
Prunus,Limenitis_reducta,0,3.0206284401946316e-55,0
Prunus,Limenitis_camilla,0,-2.590232542777007e-55,0
Prunus,Issoria_lathonia,0,-1.6007393779236972e-18,0
Prunus,Brenthis_ino,0,7.874273421734013e-31,0
Prunus,Argynnis_paphia,0,-1.6007393779236972e-18,0
Prunus,Fabriciana_adippe,0,-1.6007393779236972e-18,0
Prunus,Boloria_pales,0,2.823999064579163e-18,0
Prunus,Boloria_napaea,0,-1.6007393779236972e-18,0
Prunus,Boloria_aquilonaris,0,-6.301935994684093e-34,0
Prunus,Boloria_selene,0,-1.6007393779236972e-18,0
Prunus,Boloria_dia,0,-1.6007393779236972e-18,0
Prunus,Boloria_euphrosyne,0,-1.6007393779236972e-18,0
Prunus,Boloria_titania,0,-1.6007393779236972e-18,0
Prunus,Apatura_iris,0,-9.750913818007422e-56,0
Prunus,Apatura_ilia,0,-1.1807571093872178e-55,0
Prunus,Araschnia_levana,0,5.037700393103915e-19,0
Prunus,Vanessa_cardui,0,1.1674321487806786e-18,0
Prunus,Vanessa_atalanta,0,5.037700393103915e-19,0
Prunus,Aglais_io,0,5.975155533010902e-19,0
Prunus,Aglais_urticae,0,5.037700393103915e-19,0
Prunus,Nymphalis_polychloros,0,1.2586800565481865e-55,0
Prunus,Nymphalis_antiopa,0,-9.750913818007422e-56,0
Prunus,Euphydryas_cynthia,0,2.823999064579163e-18,0
Prunus,Euphydryas_intermedia,0,-6.755968128571617e-56,0
Prunus,Melitaea_didyma,0,1.6397327206417047e-17,0
Prunus,Melitaea_phoebe,0,1.6436497834918045e-18,0
Prunus,Melitaea_cinxia,0,7.699716763351771e-18,0
Prunus,Melitaea_diamina,0,0,0
Prunus,Melitaea_aurelia,0,4.424738442502856e-18,0
Prunus,Melitaea_varia,0,4.424738442502856e-18,0
Prunus,Melitaea_parthenoides,0,6.018448075074433e-18,0
Prunus,Melitaea_deione,0,2.3861271802437555e-18,0
Prunus,Melitaea_athalia,0,1.4345852064550237e-17,0
Prunus,Melitaea_britomartis,0,7.699716763351771e-18,0
Prunus,Libythea_celtis,0,1.1651427385847442e-55,0
Prunus,Lasiommata_maera,0,2.093751570645881e-18,0
Prunus,Lasiommata_petropolitana,0,3.452470419018144e-18,0
Prunus,Lasiommata_megera,0,-5.9004780469609654e-18,0
Prunus,Lopinga_achine,0,3.6258048251484105e-18,0
Prunus,Coenonympha_glycerion,0,2.1289884801197683e-17,0
Prunus,Coenonympha_pamphilus,0,-1.4315273190646072e-17,0
Prunus,Coenonympha_tullia,0,-4.546642240484104e-18,0
Prunus,Melanargia_galathea,0,-2.4903575048863383e-18,0
Prunus,Hipparchia_statilinus,0,-9.577137866328675e-18,0
Prunus,Hipparchia_fagi,0,-5.9004780469609654e-18,0
Prunus,Hipparchia_semele,0,3.452470419018144e-18,0
Prunus,Oeneis_glacialis,0,3.452470419018144e-18,0
Prunus,Brintesia_circe,0,-5.9004780469609654e-18,0
Prunus,Satyrus_ferula,0,3.452470419018144e-18,0
Prunus,Hyponephele_lycaon,0,-2.2418940034956454e-19,0
Prunus,Aphantopus_hyperantus,0,-5.9004780469609654e-18,0
Prunus,Maniola_jurtina,0,-5.9004780469609654e-18,0
Prunus,Erebia_nivalis,0,3.452470419018144e-18,0
Prunus,Erebia_tyndarus,0,-2.9176017477492682e-18,0
Prunus,Erebia_christi,0,3.452470419018144e-18,0
Prunus,Erebia_pharte,0,-2.9344386143091696e-18,0
Prunus,Erebia_epiphron,0,3.452470419018144e-18,0
Prunus,Erebia_meolans,0,3.452470419018144e-18,0
Prunus,Erebia_triarius,0,-2.2418940034956454e-19,0
Prunus,Erebia_medusa,0,-2.4480076279428244e-18,0
Prunus,Erebia_aethiops,0,-1.028508173464069e-18,0
Prunus,Erebia_pandrose,0,8.683645174374269e-18,0
Prunus,Erebia_flavofasciata,0,3.452470419018144e-18,0
Prunus,Erebia_gorge,0,7.609962723343225e-18,0
Prunus,Erebia_pluto,0,7.609962723343225e-18,0
Prunus,Erebia_sudetica,0,-4.0118541371986877e-19,0
Prunus,Erebia_melampus,0,-3.99128419878032e-18,0
Prunus,Erebia_manto,0,-1.1314247317096376e-17,0
Prunus,Erebia_eriphyle,0,-7.508464248962146e-18,0
Prunus,Erebia_euryale,0,6.90870836985219e-18,0
Prunus,Erebia_ligea,0,1.4017194537052442e-17,0
Prunus,Erebia_oeme,0,-5.2326318342822624e-18,0
Prunus,Erebia_mnestra,0,1.1200061508403668e-17,0
Prunus,Erebia_styx,0,7.747591089385527e-18,0
Malus,Parnassius_mnemosyne,0,0,0
Malus,Parnassius_apollo,0,0,0
Malus,Parnassius_phoebus,0,0,0
Malus,Iphiclides_podalirius,1,0.5615861099890753,1
Malus,Papilio_machaon,0,-8.319905790158569e-17,0
Malus,Carcharodus_alceae,0,9.572274327480322e-33,0
Malus,Spialia_sertorius,0,1.2806000022440715e-31,0
Malus,Erynnis_tages,0,-1.1961909705256815e-16,0
Malus,Pyrgus_carthami,0,-2.414026303461203e-16,0
Malus,Pyrgus_malvae,0,-2.414026303461204e-16,0
Malus,Pyrgus_andromedae,0,-2.4140263034612013e-16,0
Malus,Pyrgus_cacaliae,0,-2.414026303461202e-16,0
Malus,Pyrgus_serratulae,0,-2.634072948123168e-16,0
Malus,Pyrgus_armoricanus,0,-4.645652628474285e-16,0
Malus,Pyrgus_cirsii,0,-2.4140263034611973e-16,0
Malus,Pyrgus_carlinae,0,-4.2275509903494493e-16,0
Malus,Pyrgus_alveus,0,-4.22755099034945e-16,0
Malus,Heteropterus_morpheus,0,9.493657247902835e-17,0
Malus,Carterocephalus_palaemon,0,-4.967246981593204e-17,0
Malus,Thymelicus_acteon,0,1.4697533626116788e-16,0
Malus,Thymelicus_sylvestris,0,-4.977970722744342e-16,0
Malus,Thymelicus_lineola,0,-1.2086646311586046e-16,0
Malus,Ochlodes_sylvanus,0,3.177486588598897e-16,0
Malus,Hesperia_comma,0,1.6836012611655206e-16,0
Malus,Gonepteryx_rhamni,0,-1.918394610757069e-31,0
Malus,Colias_alfacariensis,0,-1.3359567022190803e-16,0
Malus,Colias_phicomone,0,-3.3890654643468773e-17,0
Malus,Colias_palaeno,0,4.376111335248673e-32,0
Malus,Anthocharis_cardamines,0,4.9406527538941004e-17,0
Malus,Aporia_crataegi,0,0.3791441193350628,1
Malus,Pontia_callidice,0,9.00619562751217e-17,0
Malus,Pieris_brassicae,0,6.247489932461037e-32,0
Malus,Pieris_mannii,0,-2.6055317985426107e-17,0
Malus,Pieris_bryoniae,0,1.3946848381406278e-16,0
Malus,Hamearis_lucina,0,-8.802478321468569e-32,0
Malus,Lycaena_phlaeas,0,-1.832607098797559e-31,0
Malus,Lycaena_virgaureae,0,-1.6442591614314178e-31,0
Malus,Lycaena_helle,0,2.655071170744175e-32,0
Malus,Lycaena_alciphron,0,-3.2021931041991864e-32,0
Malus,Lycaena_dispar,0,-1.5440759453111989e-31,0
Malus,Lycaena_hippothoe,0,-1.0190321065250846e-31,0
Malus,Thecla_betulae,0,0.22633701401897735,1
Malus,Favonius_quercus,0,1.0767153747998475e-32,0
Malus,Satyrium_acaciae,0,0.22633701401897735,1
Malus,Satyrium_spini,0,-4.732894352174803e-32,0
Malus,Satyrium_ilicis,0,-4.702611692213328e-32,0
Malus,Lampides_boeticus,0,1.2446649268711435e-17,0
Malus,Celastrina_argiolus,0,-6.441816716333247e-32,0
Malus,Phengaris_arion,0,2.8058201431677413e-32,0
Malus,Phengaris_teleius,0,1.503722803925391e-31,0
Malus,Phengaris_nausithous,0,1.5758602217071143e-31,0
Malus,Scolitantides_orion,0,1.8655608363571926e-32,0
Malus,Iolana_iolas,0,1.244664926871145e-17,0
Malus,Glaucopsyche_alexis,0,1.120262230060837e-16,0
Malus,Pseudophilotes_baton,0,2.1635064155856985e-32,0
Malus,Leptotes_pirithous,0,4.7688274478759936e-17,0
Malus,Cupido_argiades,0,2.2642622485441005e-16,0
Malus,Cupido_alcetas,0,-3.577475398332922e-17,0
Malus,Cupido_osiris,0,4.156580061942658e-17,0
Malus,Cupido_minimus,0,-7.938065349621943e-18,0
Malus,Plebejus_argus,0,-2.5527501448705906e-16,0
Malus,Plebejus_idas,0,4.7347275265623955e-17,0
Malus,Plebejus_argyrognomon,0,-5.967312442367364e-17,0
Malus,Cyaniris_semiargus,0,7.958889160393119e-17,0
Malus,Aricia_nicias,0,-2.2455643622440348e-17,0
Malus,Aricia_artaxerxes,0,-2.038081123112648e-16,0
Malus,Aricia_agestis,0,-2.0115796803511186e-16,0
Malus,Polyommatus_escheri,0,-9.424056490331666e-18,0
Malus,Polyommatus_thersites,0,2.9119151350715004e-17,0
Malus,Polyommatus_amandus,0,2.7080907553432412e-17,0
Malus,Polyommatus_icarus,0,2.860957501411202e-16,0
Malus,Polyommatus_eros,0,1.9695094860383237e-17,0
Malus,Polyommatus_dorylas,0,1.4859911407097747e-18,0
Malus,Polyommatus_damon,0,2.9119151350715004e-17,0
Malus,Neptis_rivularis,0,-3.554687838527031e-31,0
Malus,Limenitis_populi,0,2.7965047545594897e-45,0
Malus,Limenitis_reducta,0,2.360964510658706e-45,0
Malus,Limenitis_camilla,0,-1.8711334292975113e-45,0
Malus,Issoria_lathonia,0,-1.2520289704461012e-18,0
Malus,Brenthis_ino,0,-2.950225927496562e-31,0
Malus,Argynnis_paphia,0,-1.2520289704461012e-18,0
Malus,Fabriciana_adippe,0,-1.2520289704461012e-18,0
Malus,Boloria_pales,0,3.032756469570866e-18,0
Malus,Boloria_napaea,0,-1.2520289704461012e-18,0
Malus,Boloria_aquilonaris,0,4.1576962202770666e-32,0
Malus,Boloria_selene,0,-1.2520289704461012e-18,0
Malus,Boloria_dia,0,-1.2520289704461012e-18,0
Malus,Boloria_euphrosyne,0,-1.2520289704461012e-18,0
Malus,Boloria_titania,0,-1.2520289704461012e-18,0
Malus,Apatura_iris,0,-3.4972047129684884e-46,0
Malus,Apatura_ilia,0,-1.2496413922215484e-45,0
Malus,Araschnia_levana,0,-1.3665309284580798e-18,0
Malus,Vanessa_cardui,0,-2.7196302414459433e-18,0
Malus,Vanessa_atalanta,0,-1.3665309284580798e-18,0
Malus,Aglais_io,0,-1.6279646784854271e-18,0
Malus,Aglais_urticae,0,-1.3665309284580798e-18,0
Malus,Nymphalis_polychloros,0,9.31406373836891e-46,0
Malus,Nymphalis_antiopa,0,-3.4972047129684884e-46,0
Malus,Euphydryas_cynthia,0,3.032756469570866e-18,0
Malus,Euphydryas_intermedia,0,-4.88028889070222e-46,0
Malus,Melitaea_didyma,0,1.5309976245503832e-17,0
Malus,Melitaea_phoebe,0,6.113930697963381e-19,0
Malus,Melitaea_cinxia,0,7.380039123552534e-18,0
Malus,Melitaea_diamina,0,0,0
Malus,Melitaea_aurelia,0,4.284785440016993e-18,0
Malus,Melitaea_varia,0,4.284785440016993e-18,0
Malus,Melitaea_parthenoides,0,5.766953671711845e-18,0
Malus,Melitaea_deione,0,2.22726449717312e-18,0
Malus,Melitaea_athalia,0,1.3625416671828157e-17,0
Malus,Melitaea_britomartis,0,7.380039123552534e-18,0
Malus,Libythea_celtis,0,5.091652738756545e-46,0
Malus,Lasiommata_maera,0,4.3501486295199753e-17,0
Malus,Lasiommata_petropolitana,0,1.0181936536320227e-17,0
Malus,Lasiommata_megera,0,-5.731397030997296e-17,0
Malus,Lopinga_achine,0,-2.9096880868071725e-17,0
Malus,Coenonympha_glycerion,0,-1.6751497998138609e-16,0
Malus,Coenonympha_pamphilus,0,-1.4462281645810373e-16,0
Malus,Coenonympha_tullia,0,5.5137641212411937e-17,0
Malus,Melanargia_galathea,0,-7.195657860257662e-17,0
Malus,Hipparchia_statilinus,0,6.616731762271345e-19,0
Malus,Hipparchia_fagi,0,-5.731397030997296e-17,0
Malus,Hipparchia_semele,0,1.0181936536320227e-17,0
Malus,Oeneis_glacialis,0,1.0181936536320227e-17,0
Malus,Brintesia_circe,0,-5.731397030997296e-17,0
Malus,Satyrus_ferula,0,1.0181936536320227e-17,0
Malus,Hyponephele_lycaon,0,6.815758002252039e-17,0
Malus,Aphantopus_hyperantus,0,-5.731397030997296e-17,0
Malus,Maniola_jurtina,0,-5.731397030997296e-17,0
Malus,Erebia_nivalis,0,1.0181936536320227e-17,0
Malus,Erebia_tyndarus,0,-9.805701897567269e-17,0
Malus,Erebia_christi,0,1.0181936536320227e-17,0
Malus,Erebia_pharte,0,8.058866108492918e-17,0
Malus,Erebia_epiphron,0,1.0181936536320227e-17,0
Malus,Erebia_meolans,0,1.0181936536320227e-17,0
Malus,Erebia_triarius,0,6.815758002252039e-17,0
Malus,Erebia_medusa,0,-4.71320337736527e-17,0
Malus,Erebia_aethiops,0,-8.66524650071542e-17,0
Malus,Erebia_pandrose,0,2.0519918522400592e-17,0
Malus,Erebia_flavofasciata,0,1.0181936536320227e-17,0
Malus,Erebia_gorge,0,2.3005561826027525e-17,0
Malus,Erebia_pluto,0,2.3005561826027525e-17,0
Malus,Erebia_sudetica,0,-1.2159352311691026e-16,0
Malus,Erebia_melampus,0,-9.557137567204573e-17,0
Malus,Erebia_manto,0,-5.88830918009947e-17,0
Malus,Erebia_eriphyle,0,-9.935951182132723e-17,0
Malus,Erebia_euryale,0,-1.8812176993965285e-17,0
Malus,Erebia_ligea,0,-1.1061937550992567e-17,0
Malus,Erebia_oeme,0,1.734437363298355e-16,0
Malus,Erebia_mnestra,0,-3.016585618836978e-18,0
Malus,Erebia_styx,0,-1.3198522155157236e-17,0
Sorbus,Parnassius_mnemosyne,0,0,0
Sorbus,Parnassius_apollo,0,0,0
Sorbus,Parnassius_phoebus,0,0,0
Sorbus,Iphiclides_podalirius,1,0.940730229324138,1
Sorbus,Papilio_machaon,0,-1.3936931029300822e-16,0
Sorbus,Carcharodus_alceae,0,1.991063028051662e-32,0
Sorbus,Spialia_sertorius,0,1.1724849867393853e-31,0
Sorbus,Erynnis_tages,0,7.999901460629059e-17,0
Sorbus,Pyrgus_carthami,0,-2.0783311401307986e-16,0
Sorbus,Pyrgus_malvae,0,-2.0783311401308003e-16,0
Sorbus,Pyrgus_andromedae,0,-2.0783311401308003e-16,0
Sorbus,Pyrgus_cacaliae,0,-2.078331140130798e-16,0
Sorbus,Pyrgus_serratulae,0,-2.2827482137053226e-16,0
Sorbus,Pyrgus_armoricanus,0,-3.3054030492084263e-16,0
Sorbus,Pyrgus_cirsii,0,-2.0783311401307942e-16,0
Sorbus,Pyrgus_carlinae,0,-2.971321583884372e-16,0
Sorbus,Pyrgus_alveus,0,-2.971321583884372e-16,0
Sorbus,Heteropterus_morpheus,0,-1.4903066993546652e-18,0
Sorbus,Carterocephalus_palaemon,0,1.951875451908892e-18,0
Sorbus,Thymelicus_acteon,0,-1.3020539250982228e-17,0
Sorbus,Thymelicus_sylvestris,0,4.091746789365503e-18,0
Sorbus,Thymelicus_lineola,0,-4.673065434373027e-18,0
Sorbus,Ochlodes_sylvanus,0,-1.6301595301344022e-17,0
Sorbus,Hesperia_comma,0,-3.829088319907432e-18,0
Sorbus,Gonepteryx_rhamni,0,3.0462473104098554e-33,0
Sorbus,Colias_alfacariensis,0,-1.831438733858199e-17,0
Sorbus,Colias_phicomone,0,1.2183952343101873e-16,0
Sorbus,Colias_palaeno,0,3.2588167445608944e-33,0
Sorbus,Anthocharis_cardamines,0,-5.908866716487341e-33,0
Sorbus,Aporia_crataegi,1,0.6351160186919695,1
Sorbus,Pontia_callidice,0,-1.7652446735029723e-32,0
Sorbus,Pieris_brassicae,0,-3.386827408834315e-33,0
Sorbus,Pieris_mannii,0,-1.0966564590762849e-17,0
Sorbus,Pieris_bryoniae,0,-2.021470682038835e-32,0
Sorbus,Hamearis_lucina,0,-7.768878891227619e-34,0
Sorbus,Lycaena_phlaeas,0,-3.876058634309811e-33,0
Sorbus,Lycaena_virgaureae,0,-6.168352824189973e-33,0
Sorbus,Lycaena_helle,0,2.0740437353393545e-33,0
Sorbus,Lycaena_alciphron,0,-5.849633275385817e-33,0
Sorbus,Lycaena_dispar,0,-6.899859595900222e-33,0
Sorbus,Lycaena_hippothoe,0,-6.494878669398151e-33,0
Sorbus,Thecla_betulae,0,0.37914411933506553,1
Sorbus,Favonius_quercus,0,-7.900271043764046e-35,0
Sorbus,Satyrium_acaciae,0,0.37914411933506553,1
Sorbus,Satyrium_spini,0,3.8571461032914475e-34,0
Sorbus,Satyrium_ilicis,0,2.1350210976643481e-35,0
Sorbus,Lampides_boeticus,0,6.979436422987993e-17,0
Sorbus,Celastrina_argiolus,0,7.172242064642717e-34,0
Sorbus,Phengaris_arion,0,-8.033199870705254e-38,0
Sorbus,Phengaris_teleius,0,1.4113738878497997e-31,0
Sorbus,Phengaris_nausithous,0,1.4113733115373313e-31,0
Sorbus,Scolitantides_orion,0,-7.172396884912625e-40,0
Sorbus,Iolana_iolas,0,6.979436422987993e-17,0
Sorbus,Glaucopsyche_alexis,0,2.4861364237702033e-16,0
Sorbus,Pseudophilotes_baton,0,2.7467322106485e-39,0
Sorbus,Leptotes_pirithous,0,9.332554621983034e-17,0
Sorbus,Cupido_argiades,0,3.988167538698335e-16,0
Sorbus,Cupido_alcetas,0,-3.421538265641979e-18,0
Sorbus,Cupido_osiris,0,1.8268744530359295e-16,0
Sorbus,Cupido_minimus,0,1.7662941660406612e-16,0
Sorbus,Plebejus_argus,0,-7.673948747997406e-17,0
Sorbus,Plebejus_idas,0,8.072218118396049e-16,0
Sorbus,Plebejus_argyrognomon,0,-3.0873944233965366e-17,0
Sorbus,Cyaniris_semiargus,0,1.2636382006256742e-16,0
Sorbus,Aricia_nicias,0,-1.4883428687261223e-17,0
Sorbus,Aricia_artaxerxes,0,-1.0418247306261854e-16,0
Sorbus,Aricia_agestis,0,-1.0226548355031054e-16,0
Sorbus,Polyommatus_escheri,0,1.1491471126593025e-16,0
Sorbus,Polyommatus_thersites,0,1.128930810737129e-16,0
Sorbus,Polyommatus_amandus,0,2.9631376423105676e-17,0
Sorbus,Polyommatus_icarus,0,5.037063730376967e-16,0
Sorbus,Polyommatus_eros,0,2.278077923396431e-16,0
Sorbus,Polyommatus_dorylas,0,6.171470533813597e-17,0
Sorbus,Polyommatus_damon,0,1.128930810737129e-16,0
Sorbus,Neptis_rivularis,0,-3.4496594280590883e-31,0
Sorbus,Limenitis_populi,0,-1.3219332345975485e-55,0
Sorbus,Limenitis_reducta,0,-1.022537560502605e-55,0
Sorbus,Limenitis_camilla,0,8.825366368299271e-56,0
Sorbus,Issoria_lathonia,0,1.4242958618304961e-19,0
Sorbus,Brenthis_ino,0,-3.5842500964308037e-31,0
Sorbus,Argynnis_paphia,0,1.4242958618304961e-19,0
Sorbus,Fabriciana_adippe,0,1.4242958618304961e-19,0
Sorbus,Boloria_pales,0,1.1653030633354553e-18,0
Sorbus,Boloria_napaea,0,1.4242958618304961e-19,0
Sorbus,Boloria_aquilonaris,0,-1.3476573044683194e-34,0
Sorbus,Boloria_selene,0,1.4242958618304961e-19,0
Sorbus,Boloria_dia,0,1.4242958618304961e-19,0
Sorbus,Boloria_euphrosyne,0,1.4242958618304961e-19,0
Sorbus,Boloria_titania,0,1.4242958618304961e-19,0
Sorbus,Apatura_iris,0,1.6943949044541156e-56,0
Sorbus,Apatura_ilia,0,5.843791391229072e-56,0
Sorbus,Araschnia_levana,0,1.0443282517464797e-19,0
Sorbus,Vanessa_cardui,0,2.383129716383535e-19,0
Sorbus,Vanessa_atalanta,0,1.0443282517464797e-19,0
Sorbus,Aglais_io,0,1.2395983774479165e-19,0
Sorbus,Aglais_urticae,0,1.0443282517464797e-19,0
Sorbus,Nymphalis_polychloros,0,-4.390238608316796e-56,0
Sorbus,Nymphalis_antiopa,0,1.6943949044541156e-56,0
Sorbus,Euphydryas_cynthia,0,1.1653030633354553e-18,0
Sorbus,Euphydryas_intermedia,0,2.301832612809877e-56,0
Sorbus,Melitaea_didyma,0,3.4047282929585027e-18,0
Sorbus,Melitaea_phoebe,0,3.22456947959073e-19,0
Sorbus,Melitaea_cinxia,0,1.6847311249838178e-18,0
Sorbus,Melitaea_diamina,0,0,0
Sorbus,Melitaea_aurelia,0,1.0228734771524051e-18,0
Sorbus,Melitaea_varia,0,1.0228734771524051e-18,0
Sorbus,Melitaea_parthenoides,0,1.3453418515062728e-18,0
Sorbus,Melitaea_deione,0,4.687039955712943e-19,0
Sorbus,Melitaea_athalia,0,2.99649940844971e-18,0
Sorbus,Melitaea_britomartis,0,1.6847311249838178e-18,0
Sorbus,Libythea_celtis,0,-2.4436091204954306e-56,0
Sorbus,Lasiommata_maera,0,-2.2834328584099568e-20,0
Sorbus,Lasiommata_petropolitana,0,6.78107335081819e-19,0
Sorbus,Lasiommata_megera,0,-6.967257925426884e-18,0
Sorbus,Lopinga_achine,0,9.596792403753023e-19,0
Sorbus,Coenonympha_glycerion,0,6.282362364967774e-18,0
Sorbus,Coenonympha_pamphilus,0,-5.893529208782337e-18,0
Sorbus,Coenonympha_tullia,0,-6.740281093247731e-19,0
Sorbus,Melanargia_galathea,0,-7.017316847814338e-18,0
Sorbus,Hipparchia_statilinus,0,-9.335635639271589e-18,0
Sorbus,Hipparchia_fagi,0,-6.967257925426884e-18,0
Sorbus,Hipparchia_semele,0,6.78107335081819e-19,0
Sorbus,Oeneis_glacialis,0,6.78107335081819e-19,0
Sorbus,Brintesia_circe,0,-6.967257925426884e-18,0
Sorbus,Satyrus_ferula,0,6.78107335081819e-19,0
Sorbus,Hyponephele_lycaon,0,-1.6902703787628885e-18,0
Sorbus,Aphantopus_hyperantus,0,-6.967257925426884e-18,0
Sorbus,Maniola_jurtina,0,-6.967257925426884e-18,0
Sorbus,Erebia_nivalis,0,6.78107335081819e-19,0
Sorbus,Erebia_tyndarus,0,2.8935194342664354e-18,0
Sorbus,Erebia_christi,0,6.78107335081819e-19,0
Sorbus,Erebia_pharte,0,-1.0625582215862654e-18,0
Sorbus,Erebia_epiphron,0,6.78107335081819e-19,0
Sorbus,Erebia_meolans,0,6.78107335081819e-19,0
Sorbus,Erebia_triarius,0,-1.6902703787628885e-18,0
Sorbus,Erebia_medusa,0,-6.289150590345068e-18,0
Sorbus,Erebia_aethiops,0,-5.385881347301411e-18,0
Sorbus,Erebia_pandrose,0,-3.421759068411251e-18,0
Sorbus,Erebia_flavofasciata,0,6.78107335081819e-19,0
Sorbus,Erebia_gorge,0,-3.6786171356697144e-18,0
Sorbus,Erebia_pluto,0,-3.6786171356697144e-18,0
Sorbus,Erebia_sudetica,0,3.982550423893232e-18,0
Sorbus,Erebia_melampus,0,2.636661367007966e-18,0
Sorbus,Erebia_manto,0,1.306919464884864e-18,0
Sorbus,Erebia_eriphyle,0,3.6625466845328805e-18,0
Sorbus,Erebia_euryale,0,-1.4586927402173857e-18,0
Sorbus,Erebia_ligea,0,-3.247581564285982e-18,0
Sorbus,Erebia_oeme,0,-2.4201896093340717e-18,0
Sorbus,Erebia_mnestra,0,-2.332728078784453e-18,0
Sorbus,Erebia_styx,0,-3.0108354138662763e-18,0
Pyrus,Parnassius_mnemosyne,0,0,0
Pyrus,Parnassius_apollo,0,0,0
Pyrus,Parnassius_phoebus,0,0,0
Pyrus,Iphiclides_podalirius,1,0.5615861099890753,1
Pyrus,Papilio_machaon,0,-8.319905790158557e-17,0
Pyrus,Carcharodus_alceae,0,8.309854869062404e-32,0
Pyrus,Spialia_sertorius,0,3.055006916944496e-31,0
Pyrus,Erynnis_tages,0,-1.4471896138138582e-16,0
Pyrus,Pyrgus_carthami,0,-4.552453071555544e-16,0
Pyrus,Pyrgus_malvae,0,-4.552453071555548e-16,0
Pyrus,Pyrgus_andromedae,0,-4.552453071555542e-16,0
Pyrus,Pyrgus_cacaliae,0,-4.552453071555542e-16,0
Pyrus,Pyrgus_serratulae,0,-4.9706378719423095e-16,0
Pyrus,Pyrgus_armoricanus,0,-8.787741849127179e-16,0
Pyrus,Pyrgus_cirsii,0,-4.552453071555538e-16,0
Pyrus,Pyrgus_carlinae,0,-8.004693035292726e-16,0
Pyrus,Pyrgus_alveus,0,-8.004693035292728e-16,0
Pyrus,Heteropterus_morpheus,0,-9.330193119827804e-17,0
Pyrus,Carterocephalus_palaemon,0,5.4066444344087927e-17,0
Pyrus,Thymelicus_acteon,0,-1.5366245364230769e-16,0
Pyrus,Thymelicus_sylvestris,0,4.957094628329735e-16,0
Pyrus,Thymelicus_lineola,0,1.0550359765020397e-16,0
Pyrus,Ochlodes_sylvanus,0,-3.3190886678454064e-16,0
Pyrus,Hesperia_comma,0,-1.7120374945791174e-16,0
Pyrus,Gonepteryx_rhamni,0,1.9873215141727285e-31,0
Pyrus,Colias_alfacariensis,0,-1.9031557027547754e-16,0
Pyrus,Colias_phicomone,0,-3.688275141138163e-17,0
Pyrus,Colias_palaeno,0,-4.189372923150387e-32,0
Pyrus,Anthocharis_cardamines,0,-4.940652753894102e-17,0
Pyrus,Aporia_crataegi,0,0.3791441193350628,1
Pyrus,Pontia_callidice,0,-9.006195627512174e-17,0
Pyrus,Pieris_brassicae,0,-5.974098891789064e-32,0
Pyrus,Pieris_mannii,0,-3.199377196558775e-17,0
Pyrus,Pieris_bryoniae,0,-1.394684838140628e-16,0
Pyrus,Hamearis_lucina,0,8.481953730644379e-32,0
Pyrus,Lycaena_phlaeas,0,1.687059202855739e-31,0
Pyrus,Lycaena_virgaureae,0,1.414956969642688e-31,0
Pyrus,Lycaena_helle,0,-2.2136646095076862e-32,0
Pyrus,Lycaena_alciphron,0,1.342629834095445e-32,0
Pyrus,Lycaena_dispar,0,1.3047516443472541e-31,0
Pyrus,Lycaena_hippothoe,0,8.328649398640574e-32,0
Pyrus,Thecla_betulae,0,0.22633701401897735,1
Pyrus,Favonius_quercus,0,-1.1288983695852621e-32,0
Pyrus,Satyrium_acaciae,0,0.22633701401897735,1
Pyrus,Satyrium_spini,0,4.781161679192465e-32,0
Pyrus,Satyrium_ilicis,0,4.7069676768297095e-32,0
Pyrus,Lampides_boeticus,0,1.0951893939357719e-18,0
Pyrus,Celastrina_argiolus,0,6.56339579640536e-32,0
Pyrus,Phengaris_arion,0,-2.805869697059821e-32,0
Pyrus,Phengaris_teleius,0,4.015702542597422e-31,0
Pyrus,Phengaris_nausithous,0,3.9434903148071453e-31,0
Pyrus,Scolitantides_orion,0,-1.8655611843564915e-32,0
Pyrus,Iolana_iolas,0,1.0951893939357591e-18,0
Pyrus,Glaucopsyche_alexis,0,1.4152558587777883e-16,0
Pyrus,Pseudophilotes_baton,0,-2.1635043078402144e-32,0
Pyrus,Leptotes_pirithous,0,7.127425758070463e-17,0
Pyrus,Cupido_argiades,0,3.878007818606869e-16,0
Pyrus,Cupido_alcetas,0,-2.545818902050138e-17,0
Pyrus,Cupido_osiris,0,1.2061672818362358e-17,0
Pyrus,Cupido_minimus,0,-9.307075885674817e-17,0
Pyrus,Plebejus_argus,0,-4.5969712864477905e-16,0
Pyrus,Plebejus_idas,0,-9.800191920428158e-17,0
Pyrus,Plebejus_argyrognomon,0,-7.584243800441673e-17,0
Pyrus,Cyaniris_semiargus,0,1.2926704956374024e-16,0
Pyrus,Aricia_nicias,0,-4.120710554382522e-17,0
Pyrus,Aricia_artaxerxes,0,-3.8643110191754366e-16,0
Pyrus,Aricia_agestis,0,-3.8171039771848747e-16,0
Pyrus,Polyommatus_escheri,0,-7.490443848942839e-17,0
Pyrus,Polyommatus_thersites,0,1.0966483424426412e-17,0
Pyrus,Polyommatus_amandus,0,5.732573530136974e-17,0
Pyrus,Polyommatus_icarus,0,4.713485056505817e-16,0
Pyrus,Polyommatus_eros,0,-6.393795506500179e-17,0
Pyrus,Polyommatus_dorylas,0,-1.8166320367319988e-17,0
Pyrus,Polyommatus_damon,0,1.0966483424426412e-17,0
Pyrus,Neptis_rivularis,0,-7.090089568961642e-31,0
Pyrus,Limenitis_populi,0,-2.7965047553527932e-45,0
Pyrus,Limenitis_reducta,0,-2.3609645112599594e-45,0
Pyrus,Limenitis_camilla,0,1.8711334298158088e-45,0
Pyrus,Issoria_lathonia,0,-6.149746563403521e-19,0
Pyrus,Brenthis_ino,0,-5.0403137921240045e-31,0
Pyrus,Argynnis_paphia,0,-6.149746563403521e-19,0
Pyrus,Fabriciana_adippe,0,-6.149746563403521e-19,0
Pyrus,Boloria_pales,0,-5.3446020500612015e-18,0
Pyrus,Boloria_napaea,0,-6.149746563403521e-19,0
Pyrus,Boloria_aquilonaris,0,-4.167619698233959e-32,0
Pyrus,Boloria_selene,0,-6.149746563403521e-19,0
Pyrus,Boloria_dia,0,-6.149746563403521e-19,0
Pyrus,Boloria_euphrosyne,0,-6.149746563403521e-19,0
Pyrus,Boloria_titania,0,-6.149746563403521e-19,0
Pyrus,Apatura_iris,0,3.497204714149934e-46,0
Pyrus,Apatura_ilia,0,1.2496413925439e-45,0
Pyrus,Araschnia_levana,0,1.6742726285784301e-18,0
Pyrus,Vanessa_cardui,0,3.371831971868173e-18,0
Pyrus,Vanessa_atalanta,0,1.6742726285784301e-18,0
Pyrus,Aglais_io,0,1.9938142735297507e-18,0
Pyrus,Aglais_urticae,0,1.6742726285784301e-18,0
Pyrus,Nymphalis_polychloros,0,-9.314063740935575e-46,0
Pyrus,Nymphalis_antiopa,0,3.497204714149934e-46,0
Pyrus,Euphydryas_cynthia,0,-5.3446020500612015e-18,0
Pyrus,Euphydryas_intermedia,0,4.880288892054049e-46,0
Pyrus,Melitaea_didyma,0,-1.5373636225126827e-17,0
Pyrus,Melitaea_phoebe,0,-3.897755277648027e-19,0
Pyrus,Melitaea_cinxia,0,-7.77382568642241e-18,0
Pyrus,Melitaea_diamina,0,0,0
Pyrus,Melitaea_aurelia,0,-4.729627393720877e-18,0
Pyrus,Melitaea_varia,0,-4.729627393720877e-18,0
Pyrus,Melitaea_parthenoides,0,-6.184393150717775e-18,0
Pyrus,Melitaea_deione,0,-2.1331876731877005e-18,0
Pyrus,Melitaea_athalia,0,-1.378841054987081e-17,0
Pyrus,Melitaea_britomartis,0,-7.77382568642241e-18,0
Pyrus,Libythea_celtis,0,-5.0916527403663495e-46,0
Pyrus,Lasiommata_maera,0,-4.4486472913137855e-17,0
Pyrus,Lasiommata_petropolitana,0,-1.2198148027679495e-17,0
Pyrus,Lasiommata_megera,0,3.881471508391216e-17,0
Pyrus,Lopinga_achine,0,3.628083723530705e-17,0
Pyrus,Coenonympha_glycerion,0,1.8141394415382638e-16,0
Pyrus,Coenonympha_pamphilus,0,1.3067083128927342e-16,0
Pyrus,Coenonympha_tullia,0,-4.1372455157665835e-17,0
Pyrus,Melanargia_galathea,0,5.516553020962487e-17,0
Pyrus,Hipparchia_statilinus,0,-2.1549318637118432e-17,0
Pyrus,Hipparchia_fagi,0,3.881471508391216e-17,0
Pyrus,Hipparchia_semele,0,-1.2198148027679495e-17,0
Pyrus,Oeneis_glacialis,0,-1.2198148027679495e-17,0
Pyrus,Brintesia_circe,0,3.881471508391216e-17,0
Pyrus,Satyrus_ferula,0,-1.2198148027679495e-17,0
Pyrus,Hyponephele_lycaon,0,-7.256218174871016e-17,0
Pyrus,Aphantopus_hyperantus,0,3.881471508391216e-17,0
Pyrus,Maniola_jurtina,0,3.881471508391216e-17,0
Pyrus,Erebia_nivalis,0,-1.2198148027679495e-17,0
Pyrus,Erebia_tyndarus,0,1.0184228281889278e-16,0
Pyrus,Erebia_christi,0,-1.2198148027679495e-17,0
Pyrus,Erebia_pharte,0,-7.108215082037303e-17,0
Pyrus,Erebia_epiphron,0,-1.2198148027679495e-17,0
Pyrus,Erebia_meolans,0,-1.2198148027679495e-17,0
Pyrus,Erebia_triarius,0,-7.256218174871016e-17,0
Pyrus,Erebia_medusa,0,2.661656705623261e-17,0
Pyrus,Erebia_aethiops,0,1.0376204250151147e-16,0
Pyrus,Erebia_pandrose,0,-2.7686774967417855e-17,0
Pyrus,Erebia_flavofasciata,0,-1.2198148027679495e-17,0
Pyrus,Erebia_gorge,0,-2.6398831233190646e-17,0
Pyrus,Erebia_pluto,0,-2.6398831233190646e-17,0
Pyrus,Erebia_sudetica,0,1.262724714569495e-16,0
Pyrus,Erebia_melampus,0,1.0313022655312e-16,0
Pyrus,Erebia_manto,0,8.087456042616278e-17,0
Pyrus,Erebia_eriphyle,0,1.2394682743958654e-16,0
Pyrus,Erebia_euryale,0,5.3037907461742553e-17,0
Pyrus,Erebia_ligea,0,2.5151292988397747e-17,0
Pyrus,Erebia_oeme,0,-1.4859484095141978e-16,0
Pyrus,Erebia_mnestra,0,-3.2565863293611345e-18,0
Pyrus,Erebia_styx,0,8.94156169831837e-18,0
Foeniculum,Parnassius_mnemosyne,0,0,0
Foeniculum,Parnassius_apollo,0,0,0
Foeniculum,Parnassius_phoebus,0,0,0
Foeniculum,Iphiclides_podalirius,0,-1.467917203026238e-16,0
Foeniculum,Papilio_machaon,1,2.798724920183183e-32,0
Foeniculum,Carcharodus_alceae,0,-6.881223690028444e-32,0
Foeniculum,Spialia_sertorius,0,-1.3323791643231175e-31,0
Foeniculum,Erynnis_tages,0,-1.0888929641818015e-16,0
Foeniculum,Pyrgus_carthami,0,9.979105758296826e-17,0
Foeniculum,Pyrgus_malvae,0,9.979105758296838e-17,0
Foeniculum,Pyrgus_andromedae,0,9.979105758296828e-17,0
Foeniculum,Pyrgus_cacaliae,0,9.979105758296823e-17,0
Foeniculum,Pyrgus_serratulae,0,1.0973640791736558e-16,0
Foeniculum,Pyrgus_armoricanus,0,1.6535696354377452e-16,0
Foeniculum,Pyrgus_cirsii,0,9.979105758296813e-17,0
Foeniculum,Pyrgus_carlinae,0,1.4953140703716838e-16,0
Foeniculum,Pyrgus_alveus,0,1.4953140703716838e-16,0
Foeniculum,Heteropterus_morpheus,0,1.3672429239942171e-17,0
Foeniculum,Carterocephalus_palaemon,0,-7.339033298687591e-18,0
Foeniculum,Thymelicus_acteon,0,1.4050214522045466e-17,0
Foeniculum,Thymelicus_sylvestris,0,-7.916694640380931e-17,0
Foeniculum,Thymelicus_lineola,0,-2.359668058897717e-17,0
Foeniculum,Ochlodes_sylvanus,0,3.482189814394236e-17,0
Foeniculum,Hesperia_comma,0,2.0620101004630917e-17,0
Foeniculum,Gonepteryx_rhamni,0,-1.784692663175308e-32,0
Foeniculum,Colias_alfacariensis,0,-4.264000558207931e-17,0
Foeniculum,Colias_phicomone,0,-8.176170070269067e-17,0
Foeniculum,Colias_palaeno,0,4.5423271571890526e-33,0
Foeniculum,Anthocharis_cardamines,0,-7.509915582996903e-18,0
Foeniculum,Aporia_crataegi,0,-9.910362191988575e-17,0
Foeniculum,Pontia_callidice,0,-1.3689642291347702e-17,0
Foeniculum,Pieris_brassicae,0,6.869822707555882e-33,0
Foeniculum,Pieris_mannii,0,-9.835911980446404e-18,0
Foeniculum,Pieris_bryoniae,0,-2.1199557874344628e-17,0
Foeniculum,Hamearis_lucina,0,6.024338411107867e-33,0
Foeniculum,Lycaena_phlaeas,0,-4.1270436716236466e-32,0
Foeniculum,Lycaena_virgaureae,0,-4.601740586003634e-32,0
Foeniculum,Lycaena_helle,0,1.920656576481553e-34,0
Foeniculum,Lycaena_alciphron,0,-3.877941423440235e-32,0
Foeniculum,Lycaena_dispar,0,-7.898006873186605e-32,0
Foeniculum,Lycaena_hippothoe,0,-3.970513684230639e-32,0
Foeniculum,Thecla_betulae,0,-5.916171904011397e-17,0
Foeniculum,Favonius_quercus,0,-4.438608310573453e-33,0
Foeniculum,Satyrium_acaciae,0,-5.916171904011397e-17,0
Foeniculum,Satyrium_spini,0,3.1273658716575303e-33,0
Foeniculum,Satyrium_ilicis,0,4.4632075246497946e-33,0
Foeniculum,Lampides_boeticus,0,-1.0322836001349439e-17,0
Foeniculum,Celastrina_argiolus,0,-8.466997711299109e-34,0
Foeniculum,Phengaris_arion,0,-4.268402168169003e-33,0
Foeniculum,Phengaris_teleius,0,-1.372199087960635e-31,0
Foeniculum,Phengaris_nausithous,0,-1.382721415467683e-31,0
Foeniculum,Scolitantides_orion,0,-2.835687492669064e-33,0
Foeniculum,Iolana_iolas,0,-1.0322836001349439e-17,0
Foeniculum,Glaucopsyche_alexis,0,-5.2535194745025606e-17,0
Foeniculum,Pseudophilotes_baton,0,-3.2882868615111194e-33,0
Foeniculum,Leptotes_pirithous,0,-2.874938309185128e-17,0
Foeniculum,Cupido_argiades,0,-1.6553601819775147e-16,0
Foeniculum,Cupido_alcetas,0,-3.756753741325295e-17,0
Foeniculum,Cupido_osiris,0,-1.8789057692347504e-17,0
Foeniculum,Cupido_minimus,0,2.7811913209179197e-18,0
Foeniculum,Plebejus_argus,0,2.439202760716392e-17,0
Foeniculum,Plebejus_idas,0,-1.9596460229468344e-16,0
Foeniculum,Plebejus_argyrognomon,0,-1.729168373504309e-17,0
Foeniculum,Cyaniris_semiargus,0,-4.4777812609859577e-17,0
Foeniculum,Aricia_nicias,0,6.621895315638478e-18,0
Foeniculum,Aricia_artaxerxes,0,5.63622447698386e-17,0
Foeniculum,Aricia_agestis,0,5.562055562640902e-17,0
Foeniculum,Polyommatus_escheri,0,9.54540655625629e-18,0
Foeniculum,Polyommatus_thersites,0,-8.466221690998036e-18,0
Foeniculum,Polyommatus_amandus,0,-2.2552504369446863e-17,0
Foeniculum,Polyommatus_icarus,0,-1.9026280126996257e-16,0
Foeniculum,Polyommatus_eros,0,1.0791848652582693e-18,0
Foeniculum,Polyommatus_dorylas,0,-6.7642152353383526e-18,0
Foeniculum,Polyommatus_damon,0,-8.466221690998036e-18,0
Foeniculum,Neptis_rivularis,0,1.6718863371564853e-31,0
Foeniculum,Limenitis_populi,0,-4.250757118757657e-46,0
Foeniculum,Limenitis_reducta,0,-3.588725054224906e-46,0
Foeniculum,Limenitis_camilla,0,2.8441695720902648e-46,0
Foeniculum,Issoria_lathonia,0,-6.994948804948454e-19,0
Foeniculum,Brenthis_ino,0,8.784653758132652e-32,0
Foeniculum,Argynnis_paphia,0,-6.994948804948454e-19,0
Foeniculum,Fabriciana_adippe,0,-6.994948804948454e-19,0
Foeniculum,Boloria_pales,0,-6.629402689827129e-18,0
Foeniculum,Boloria_napaea,0,-6.994948804948454e-19,0
Foeniculum,Boloria_aquilonaris,0,-6.586549450235612e-34,0
Foeniculum,Boloria_selene,0,-6.994948804948454e-19,0
Foeniculum,Boloria_dia,0,-6.994948804948454e-19,0
Foeniculum,Boloria_euphrosyne,0,-6.994948804948454e-19,0
Foeniculum,Boloria_titania,0,-6.994948804948454e-19,0
Foeniculum,Apatura_iris,0,5.31583863903158e-47,0
Foeniculum,Apatura_ilia,0,1.8994861356897876e-46,0
Foeniculum,Araschnia_levana,0,-9.84445121317064e-18,0
Foeniculum,Vanessa_cardui,0,-2.0546568448187525e-17,0
Foeniculum,Vanessa_atalanta,0,-9.84445121317064e-18,0
Foeniculum,Aglais_io,0,-1.1712865237346686e-17,0
Foeniculum,Aglais_urticae,0,-9.84445121317064e-18,0
Foeniculum,Nymphalis_polychloros,0,-1.4157609635426405e-46,0
Foeniculum,Nymphalis_antiopa,0,5.31583863903158e-47,0
Foeniculum,Euphydryas_cynthia,0,-6.629402689827129e-18,0
Foeniculum,Euphydryas_intermedia,0,7.418161072115748e-47,0
Foeniculum,Melitaea_didyma,0,-2.155447818039382e-17,0
Foeniculum,Melitaea_phoebe,0,-6.6172281949901416e-18,0
Foeniculum,Melitaea_cinxia,0,-9.894097041229726e-18,0
Foeniculum,Melitaea_diamina,0,0,0
Foeniculum,Melitaea_aurelia,0,-5.929907809332284e-18,0
Foeniculum,Melitaea_varia,0,-5.929907809332284e-18,0
Foeniculum,Melitaea_parthenoides,0,-7.98268244423649e-18,0
Foeniculum,Melitaea_deione,0,-2.9134775675903944e-18,0
Foeniculum,Melitaea_athalia,0,-1.78535512625247e-17,0
Foeniculum,Melitaea_britomartis,0,-9.894097041229726e-18,0
Foeniculum,Libythea_celtis,0,-7.739439478413311e-47,0
Foeniculum,Lasiommata_maera,0,2.4909568391239624e-18,0
Foeniculum,Lasiommata_petropolitana,0,-2.021249948332702e-18,0
Foeniculum,Lasiommata_megera,0,-1.3966022000656526e-17,0
Foeniculum,Lopinga_achine,0,-3.645276810698026e-18,0
Foeniculum,Coenonympha_glycerion,0,-2.8309917234461346e-17,0
Foeniculum,Coenonympha_pamphilus,0,-2.5907178497418794e-17,0
Foeniculum,Coenonympha_tullia,0,1.0241197840621891e-17,0
Foeniculum,Melanargia_galathea,0,-1.6829424853729087e-17,0
Foeniculum,Hipparchia_statilinus,0,-6.977190820399386e-18,0
Foeniculum,Hipparchia_fagi,0,-1.3966022000656526e-17,0
Foeniculum,Hipparchia_semele,0,-2.021249948332702e-18,0
Foeniculum,Oeneis_glacialis,0,-2.021249948332702e-18,0
Foeniculum,Brintesia_circe,0,-1.3966022000656526e-17,0
Foeniculum,Satyrus_ferula,0,-2.021249948332702e-18,0
Foeniculum,Hyponephele_lycaon,0,4.9675812319244464e-18,0
Foeniculum,Aphantopus_hyperantus,0,-1.3966022000656526e-17,0
Foeniculum,Maniola_jurtina,0,-1.3966022000656526e-17,0
Foeniculum,Erebia_nivalis,0,-2.021249948332702e-18,0
Foeniculum,Erebia_tyndarus,0,-1.394471362501075e-17,0
Foeniculum,Erebia_christi,0,-2.021249948332702e-18,0
Foeniculum,Erebia_pharte,0,9.764939029838025e-18,0
Foeniculum,Erebia_epiphron,0,-2.021249948332702e-18,0
Foeniculum,Erebia_meolans,0,-2.021249948332702e-18,0
Foeniculum,Erebia_triarius,0,4.9675812319244464e-18,0
Foeniculum,Erebia_medusa,0,-1.5987271948989224e-17,0
Foeniculum,Erebia_aethiops,0,-1.6716094030874185e-17,0
Foeniculum,Erebia_pandrose,0,-7.087680971640191e-18,0
Foeniculum,Erebia_flavofasciata,0,-2.021249948332702e-18,0
Foeniculum,Erebia_gorge,0,-5.88526473597535e-18,0
Foeniculum,Erebia_pluto,0,-5.88526473597535e-18,0
Foeniculum,Erebia_sudetica,0,-1.6993333804534534e-17,0
Foeniculum,Erebia_melampus,0,-1.2742297389345905e-17,0
Foeniculum,Erebia_manto,0,-1.9834786423662807e-18,0
Foeniculum,Erebia_eriphyle,0,-7.016389015180383e-18,0
Foeniculum,Erebia_euryale,0,-5.734974158078057e-18,0
Foeniculum,Erebia_ligea,0,-8.242050756718874e-18,0
Foeniculum,Erebia_oeme,0,2.8472616041991376e-17,0
Foeniculum,Erebia_mnestra,0,-1.0136301151163981e-17,0
Foeniculum,Erebia_styx,0,-8.115051202831287e-18,0
Pastinaca,Parnassius_mnemosyne,0,0,0
Pastinaca,Parnassius_apollo,0,0,0
Pastinaca,Parnassius_phoebus,0,0,0
Pastinaca,Iphiclides_podalirius,0,-1.467917203026237e-16,0
Pastinaca,Papilio_machaon,1,1.2046226492439594e-31,0
Pastinaca,Carcharodus_alceae,0,-4.817315613043596e-32,0
Pastinaca,Spialia_sertorius,0,-2.2706863203736983e-31,0
Pastinaca,Erynnis_tages,0,-2.1467121472924188e-16,0
Pastinaca,Pyrgus_carthami,0,6.187316576903974e-17,0
Pastinaca,Pyrgus_malvae,0,6.187316576903982e-17,0
Pastinaca,Pyrgus_andromedae,0,6.187316576903995e-17,0
Pastinaca,Pyrgus_cacaliae,0,6.187316576903976e-17,0
Pastinaca,Pyrgus_serratulae,0,6.803570662900962e-17,0
Pastinaca,Pyrgus_armoricanus,0,7.000434279511147e-17,0
Pastinaca,Pyrgus_cirsii,0,6.18731657690397e-17,0
Pastinaca,Pyrgus_carlinae,0,6.02083792880497e-17,0
Pastinaca,Pyrgus_alveus,0,6.020837928804975e-17,0
Pastinaca,Heteropterus_morpheus,0,-1.0974837210736693e-18,0
Pastinaca,Carterocephalus_palaemon,0,2.917977232796802e-17,0
Pastinaca,Thymelicus_acteon,0,1.2767948771275061e-16,0
Pastinaca,Thymelicus_sylvestris,0,1.9562455279037296e-17,0
Pastinaca,Thymelicus_lineola,0,3.1089382812132086e-17,0
Pastinaca,Ochlodes_sylvanus,0,4.49421468323993e-18,0
Pastinaca,Hesperia_comma,0,3.2837126327419382e-18,0
Pastinaca,Gonepteryx_rhamni,0,-3.35689631504865e-32,0
Pastinaca,Colias_alfacariensis,0,-7.417018577238421e-17,0
Pastinaca,Colias_phicomone,0,-1.8870717109472198e-16,0
Pastinaca,Colias_palaeno,0,-4.3643383258203025e-34,0
Pastinaca,Anthocharis_cardamines,0,6.694608360998557e-17,0
Pastinaca,Aporia_crataegi,0,-9.910362191988589e-17,0
Pastinaca,Pontia_callidice,0,1.2203438604587256e-16,0
Pastinaca,Pieris_brassicae,0,2.5274621649739386e-32,0
Pastinaca,Pieris_mannii,0,-1.0926358090686773e-17,0
Pastinaca,Pieris_bryoniae,0,1.8898046965585828e-16,0
Pastinaca,Hamearis_lucina,0,-8.219968753905901e-32,0
Pastinaca,Lycaena_phlaeas,0,4.310395054731725e-32,0
Pastinaca,Lycaena_virgaureae,0,4.8890056381270066e-32,0
Pastinaca,Lycaena_helle,0,1.2846259290941706e-32,0
Pastinaca,Lycaena_alciphron,0,9.94370103028102e-32,0
Pastinaca,Lycaena_dispar,0,2.089008222487673e-31,0
Pastinaca,Lycaena_hippothoe,0,8.413697187312473e-32,0
Pastinaca,Thecla_betulae,0,-5.916171904011406e-17,0
Pastinaca,Favonius_quercus,0,2.515681469101356e-32,0
Pastinaca,Satyrium_acaciae,0,-5.916171904011401e-17,0
Pastinaca,Satyrium_spini,0,-3.9191731829330946e-32,0
Pastinaca,Satyrium_ilicis,0,-5.567130597578455e-32,0
Pastinaca,Lampides_boeticus,0,-4.368554593266305e-17,0
Pastinaca,Celastrina_argiolus,0,-3.494606870301294e-32,0
Pastinaca,Phengaris_arion,0,3.803150653130812e-32,0
Pastinaca,Phengaris_teleius,0,-2.3675833028530674e-31,0
Pastinaca,Phengaris_nausithous,0,-2.2714595965983204e-31,0
Pastinaca,Scolitantides_orion,0,2.5278416996203935e-32,0
Pastinaca,Iolana_iolas,0,-4.3685545932663046e-17,0
Pastinaca,Glaucopsyche_alexis,0,-1.6599287878549454e-16,0
Pastinaca,Pseudophilotes_baton,0,2.931463046841535e-32,0
Pastinaca,Leptotes_pirithous,0,-8.198823490725424e-17,0
Pastinaca,Cupido_argiades,0,-4.046770392269294e-16,0
Pastinaca,Cupido_alcetas,0,-5.4594916405671136e-17,0
Pastinaca,Cupido_osiris,0,-9.161206378176033e-17,0
Pastinaca,Cupido_minimus,0,-4.424147437979725e-17,0
Pastinaca,Plebejus_argus,0,-6.079728670954079e-17,0
Pastinaca,Plebejus_idas,0,-7.332713258329844e-16,0
Pastinaca,Plebejus_argyrognomon,0,-1.5037685543833276e-17,0
Pastinaca,Cyaniris_semiargus,0,-1.174787765625236e-16,0
Pastinaca,Aricia_nicias,0,4.431035656828064e-18,0
Pastinaca,Aricia_artaxerxes,0,2.7662491758380433e-18,0
Pastinaca,Aricia_agestis,0,1.9686361661019943e-18,0
Pastinaca,Polyommatus_escheri,0,-1.0375461858908401e-17,0
Pastinaca,Polyommatus_thersites,0,-4.7926517849097336e-17,0
Pastinaca,Polyommatus_amandus,0,-4.3711107061259936e-17,0
Pastinaca,Polyommatus_icarus,0,-4.851471752922482e-16,0
Pastinaca,Polyommatus_eros,0,-5.830197970800571e-17,0
Pastinaca,Polyommatus_dorylas,0,-3.386601252088895e-17,0
Pastinaca,Polyommatus_damon,0,-4.7926517849097336e-17,0
Pastinaca,Neptis_rivularis,0,1.2428263683726e-31,0
Pastinaca,Limenitis_populi,0,3.789277475913129e-45,0
Pastinaca,Limenitis_reducta,0,3.199118334797631e-45,0
Pastinaca,Limenitis_camilla,0,-2.5353948503816874e-45,0
Pastinaca,Issoria_lathonia,0,-8.985923885943996e-18,0
Pastinaca,Brenthis_ino,0,4.709997323136909e-32,0
Pastinaca,Argynnis_paphia,0,-8.985923885943996e-18,0
Pastinaca,Fabriciana_adippe,0,-8.985923885943996e-18,0
Pastinaca,Boloria_pales,0,3.0592388782174543e-18,0
Pastinaca,Boloria_napaea,0,-8.985923885943996e-18,0
Pastinaca,Boloria_aquilonaris,0,2.919815843996524e-32,0
Pastinaca,Boloria_selene,0,-8.985923885943996e-18,0
Pastinaca,Boloria_dia,0,-8.985923885943996e-18,0
Pastinaca,Boloria_euphrosyne,0,-8.985923885943996e-18,0
Pastinaca,Boloria_titania,0,-8.985923885943996e-18,0
Pastinaca,Apatura_iris,0,-4.738729333001014e-46,0
Pastinaca,Apatura_ilia,0,-1.693270130154483e-45,0
Pastinaca,Araschnia_levana,0,2.776028920409774e-17,0
Pastinaca,Vanessa_cardui,0,5.79730995662073e-17,0
Pastinaca,Vanessa_atalanta,0,2.776028920409774e-17,0
Pastinaca,Aglais_io,0,3.302762866646989e-17,0
Pastinaca,Aglais_urticae,0,2.776028920409774e-17,0
Pastinaca,Nymphalis_polychloros,0,1.262060143102295e-45,0
Pastinaca,Nymphalis_antiopa,0,-4.738729333001014e-46,0
Pastinaca,Euphydryas_cynthia,0,3.0592388782174543e-18,0
Pastinaca,Euphydryas_intermedia,0,-6.61281506071323e-46,0
Pastinaca,Melitaea_didyma,0,5.301973759085295e-17,0
Pastinaca,Melitaea_phoebe,0,1.8463009152547375e-17,0
Pastinaca,Melitaea_cinxia,0,2.2115618324632148e-17,0
Pastinaca,Melitaea_diamina,0,0,0
Pastinaca,Melitaea_aurelia,0,1.2045162764161447e-17,0
Pastinaca,Melitaea_varia,0,1.2045162764161447e-17,0
Pastinaca,Melitaea_parthenoides,0,1.7288056521476778e-17,0
Pastinaca,Melitaea_deione,0,7.744635379552873e-18,0
Pastinaca,Melitaea_athalia,0,4.308859276344455e-17,0
Pastinaca,Melitaea_britomartis,0,2.2115618324632148e-17,0
Pastinaca,Libythea_celtis,0,6.899214121273106e-46,0
Pastinaca,Lasiommata_maera,0,6.59302286779667e-17,0
Pastinaca,Lasiommata_petropolitana,0,3.9027163764356204e-17,0
Pastinaca,Lasiommata_megera,0,1.363971176862797e-17,0
Pastinaca,Lopinga_achine,0,6.947975231114744e-18,0
Pastinaca,Coenonympha_glycerion,0,5.1711557464781234e-17,0
Pastinaca,Coenonympha_pamphilus,0,-3.545663199406704e-18,0
Pastinaca,Coenonympha_tullia,0,2.832756501638257e-17,0
Pastinaca,Melanargia_galathea,0,2.4929043364942234e-17,0
Pastinaca,Hipparchia_statilinus,0,5.266725162636922e-17,0
Pastinaca,Hipparchia_fagi,0,1.363971176862797e-17,0
Pastinaca,Hipparchia_semele,0,3.9027163764356204e-17,0
Pastinaca,Oeneis_glacialis,0,3.9027163764356204e-17,0
Pastinaca,Brintesia_circe,0,1.363971176862797e-17,0
Pastinaca,Satyrus_ferula,0,3.9027163764356204e-17,0
Pastinaca,Hyponephele_lycaon,0,7.805470362209747e-17,0
Pastinaca,Aphantopus_hyperantus,0,1.363971176862797e-17,0
Pastinaca,Maniola_jurtina,0,1.363971176862797e-17,0
Pastinaca,Erebia_nivalis,0,3.9027163764356204e-17,0
Pastinaca,Erebia_tyndarus,0,5.954490580795973e-18,0
Pastinaca,Erebia_christi,0,3.9027163764356204e-17,0
Pastinaca,Erebia_pharte,0,5.389859191240874e-17,0
Pastinaca,Erebia_epiphron,0,3.9027163764356204e-17,0
Pastinaca,Erebia_meolans,0,3.9027163764356204e-17,0
Pastinaca,Erebia_triarius,0,7.805470362209747e-17,0
Pastinaca,Erebia_medusa,0,5.2666875532984154e-17,0
Pastinaca,Erebia_aethiops,0,2.234716604765467e-17,0
Pastinaca,Erebia_pandrose,0,2.832815414912641e-17,0
Pastinaca,Erebia_flavofasciata,0,3.9027163764356204e-17,0
Pastinaca,Erebia_gorge,0,1.8550809464173262e-17,0
Pastinaca,Erebia_pluto,0,1.8550809464173262e-17,0
Pastinaca,Erebia_sudetica,0,1.4254371439422873e-17,0
Pastinaca,Erebia_melampus,0,-3.82285410415711e-18,0
Pastinaca,Erebia_manto,0,-1.967870886183385e-17,0
Pastinaca,Erebia_eriphyle,0,-5.942839683453274e-18,0
Pastinaca,Erebia_euryale,0,-1.7622243297716837e-17,0
Pastinaca,Erebia_ligea,0,1.4027681759802123e-17,0
Pastinaca,Erebia_oeme,0,2.6773927573814287e-18,0
Pastinaca,Erebia_mnestra,0,3.662803500775332e-17,0
Pastinaca,Erebia_styx,0,-2.3991287566028517e-18,0
Peucedanum,Parnassius_mnemosyne,0,0,0
Peucedanum,Parnassius_apollo,0,0,0
Peucedanum,Parnassius_phoebus,0,0,0
Peucedanum,Iphiclides_podalirius,0,-1.4679172030262398e-16,0
Peucedanum,Papilio_machaon,1,2.4600865741281324e-32,0
Peucedanum,Carcharodus_alceae,0,-6.744091803614748e-32,0
Peucedanum,Spialia_sertorius,0,-1.2480297101643652e-32,0
Peucedanum,Erynnis_tages,0,-8.414830626512278e-17,0
Peucedanum,Pyrgus_carthami,0,1.3651496348632067e-16,0
Peucedanum,Pyrgus_malvae,0,1.3651496348632077e-16,0
Peucedanum,Pyrgus_andromedae,0,1.3651496348632065e-16,0
Peucedanum,Pyrgus_cacaliae,0,1.365149634863206e-16,0
Peucedanum,Pyrgus_serratulae,0,1.5081695611844261e-16,0
Peucedanum,Pyrgus_armoricanus,0,2.152251293961911e-16,0
Peucedanum,Pyrgus_cirsii,0,1.3651496348632038e-16,0
Peucedanum,Pyrgus_carlinae,0,1.9476544544202715e-16,0
Peucedanum,Pyrgus_alveus,0,1.9476544544202705e-16,0
Peucedanum,Heteropterus_morpheus,0,-1.1560447463351941e-17,0
Peucedanum,Carterocephalus_palaemon,0,1.1601312587617578e-17,0
Peucedanum,Thymelicus_acteon,0,-7.155276968234045e-17,0
Peucedanum,Thymelicus_sylvestris,0,4.7528593087387284e-17,0
Peucedanum,Thymelicus_lineola,0,-1.08157439628525e-17,0
Peucedanum,Ochlodes_sylvanus,0,-9.941180809911676e-17,0
Peucedanum,Hesperia_comma,0,-3.569469984241982e-17,0
Peucedanum,Gonepteryx_rhamni,0,5.886544245321512e-32,0
Peucedanum,Colias_alfacariensis,0,-4.2450438607261356e-17,0
Peucedanum,Colias_phicomone,0,-6.123407004874479e-17,0
Peucedanum,Colias_palaeno,0,9.069149693157625e-34,0
Peucedanum,Anthocharis_cardamines,0,-5.040165069850089e-17,0
Peucedanum,Aporia_crataegi,0,-9.910362191988569e-17,0
Peucedanum,Pontia_callidice,0,-9.187594205693978e-17,0
Peucedanum,Pieris_brassicae,0,-1.937850185098998e-32,0
Peucedanum,Pieris_mannii,0,-7.946469387954245e-18,0
Peucedanum,Pieris_bryoniae,0,-1.4227759275544074e-16,0
Peucedanum,Hamearis_lucina,0,6.108795370267145e-32,0
Peucedanum,Lycaena_phlaeas,0,-5.012445397401135e-32,0
Peucedanum,Lycaena_virgaureae,0,-8.326724330643194e-32,0
Peucedanum,Lycaena_helle,0,-4.577537144362117e-33,0
Peucedanum,Lycaena_alciphron,0,-1.2919985849998498e-31,0
Peucedanum,Lycaena_dispar,0,-1.9919910521004537e-31,0
Peucedanum,Lycaena_hippothoe,0,-9.793217545240071e-32,0
Peucedanum,Thecla_betulae,0,-5.916171904011377e-17,0
Peucedanum,Favonius_quercus,0,-2.0297826049978968e-32,0
Peucedanum,Satyrium_acaciae,0,-5.916171904011381e-17,0
Peucedanum,Satyrium_spini,0,3.429985476313029e-32,0
Peucedanum,Satyrium_ilicis,0,4.1282695812322785e-32,0
Peucedanum,Lampides_boeticus,0,-2.383136743634752e-17,0
Peucedanum,Celastrina_argiolus,0,3.4499579795082055e-32,0
Peucedanum,Phengaris_arion,0,-2.8634252887748763e-32,0
Peucedanum,Phengaris_teleius,0,-1.1890895951147254e-32,0
Peucedanum,Phengaris_nausithous,0,-1.9136624671225273e-32,0
Peucedanum,Scolitantides_orion,0,-1.9031345389663418e-32,0
Peucedanum,Iolana_iolas,0,-2.383136743634752e-17,0
Peucedanum,Glaucopsyche_alexis,0,-6.894633399361119e-17,0
Peucedanum,Pseudophilotes_baton,0,-2.2069983236076237e-32,0
Peucedanum,Leptotes_pirithous,0,-1.964263666738416e-17,0
Peucedanum,Cupido_argiades,0,-8.864278049690044e-17,0
Peucedanum,Cupido_alcetas,0,-2.0146532647995427e-17,0
Peucedanum,Cupido_osiris,0,-6.594669833628732e-17,0
Peucedanum,Cupido_minimus,0,-9.236640265676622e-17,0
Peucedanum,Plebejus_argus,0,3.07678101768688e-17,0
Peucedanum,Plebejus_idas,0,-2.342469012865297e-16,0
Peucedanum,Plebejus_argyrognomon,0,-1.496776682842368e-17,0
Peucedanum,Cyaniris_semiargus,0,-2.2881613313749862e-17,0
Peucedanum,Aricia_nicias,0,6.7908552795393285e-18,0
Peucedanum,Aricia_artaxerxes,0,6.504133723524568e-17,0
Peucedanum,Aricia_agestis,0,6.440817327774852e-17,0
Peucedanum,Polyommatus_escheri,0,-6.648920208210163e-17,0
Peucedanum,Polyommatus_thersites,0,-4.2115330899939673e-17,0
Peucedanum,Polyommatus_amandus,0,-5.119928878291742e-18,0
Peucedanum,Polyommatus_icarus,0,-1.0719271410452674e-16,0
Peucedanum,Polyommatus_eros,0,-1.0860453298204126e-16,0
Peucedanum,Polyommatus_dorylas,0,-2.5877200574664622e-17,0
Peucedanum,Polyommatus_damon,0,-4.2115330899939673e-17,0
Peucedanum,Neptis_rivularis,0,2.263350381042932e-31,0
Peucedanum,Limenitis_populi,0,-2.8528306599466834e-45,0
Peucedanum,Limenitis_reducta,0,-2.4085179634307754e-45,0
Peucedanum,Limenitis_camilla,0,1.9088209321397795e-45,0
Peucedanum,Issoria_lathonia,0,9.029051770844725e-19,0
Peucedanum,Brenthis_ino,0,2.163053007155905e-31,0
Peucedanum,Argynnis_paphia,0,9.029051770844725e-19,0
Peucedanum,Fabriciana_adippe,0,9.029051770844725e-19,0
Peucedanum,Boloria_pales,0,-9.943653063655456e-18,0
Peucedanum,Boloria_napaea,0,9.029051770844725e-19,0
Peucedanum,Boloria_aquilonaris,0,-2.4672439228663746e-32,0
Peucedanum,Boloria_selene,0,9.029051770844725e-19,0
Peucedanum,Boloria_dia,0,9.029051770844725e-19,0
Peucedanum,Boloria_euphrosyne,0,9.029051770844725e-19,0
Peucedanum,Boloria_titania,0,9.029051770844725e-19,0
Peucedanum,Apatura_iris,0,3.567643811810596e-46,0
Peucedanum,Apatura_ilia,0,1.274811087930262e-45,0
Peucedanum,Araschnia_levana,0,-2.3058048230673304e-17,0
Peucedanum,Vanessa_cardui,0,-4.8087769922400255e-17,0
Peucedanum,Vanessa_atalanta,0,-2.3058048230673304e-17,0
Peucedanum,Aglais_io,0,-2.7434671529827175e-17,0
Peucedanum,Aglais_urticae,0,-2.3058048230673304e-17,0
Peucedanum,Nymphalis_polychloros,0,-9.501663294668115e-46,0
Peucedanum,Nymphalis_antiopa,0,3.567643811810596e-46,0
Peucedanum,Euphydryas_cynthia,0,-9.943653063655456e-18,0
Peucedanum,Euphydryas_intermedia,0,4.9785854090373675e-46,0
Peucedanum,Melitaea_didyma,0,-4.200090223235031e-17,0
Peucedanum,Melitaea_phoebe,0,-1.49113057675388e-17,0
Peucedanum,Melitaea_cinxia,0,-1.855924268117053e-17,0
Peucedanum,Melitaea_diamina,0,0,0
Peucedanum,Melitaea_aurelia,0,-1.0846558240739937e-17,0
Peucedanum,Melitaea_varia,0,-1.0846558240739937e-17,0
Peucedanum,Melitaea_parthenoides,0,-1.4890151428216483e-17,0
Peucedanum,Melitaea_deione,0,-5.777348570402911e-18,0
Peucedanum,Melitaea_athalia,0,-3.4236772984339326e-17,0
Peucedanum,Melitaea_britomartis,0,-1.855924268117053e-17,0
Peucedanum,Libythea_celtis,0,-5.1942064698656e-46,0
Peucedanum,Lasiommata_maera,0,-1.3950340805805256e-17,0
Peucedanum,Lasiommata_petropolitana,0,-8.101348005574119e-18,0
Peucedanum,Lasiommata_megera,0,-3.3968901328646684e-17,0
Peucedanum,Lopinga_achine,0,1.1567193259144001e-17,0
Peucedanum,Coenonympha_glycerion,0,2.961126736479731e-17,0
Peucedanum,Coenonympha_pamphilus,0,-1.8660008027111532e-17,0
Peucedanum,Coenonympha_tullia,0,-1.164781489368489e-18,0
Peucedanum,Melanargia_galathea,0,-3.0956048333568036e-17,0
Peucedanum,Hipparchia_statilinus,0,-5.1220655664669506e-17,0
Peucedanum,Hipparchia_fagi,0,-3.3968901328646684e-17,0
Peucedanum,Hipparchia_semele,0,-8.101348005574119e-18,0
Peucedanum,Oeneis_glacialis,0,-8.101348005574119e-18,0
Peucedanum,Brintesia_circe,0,-3.3968901328646684e-17,0
Peucedanum,Satyrus_ferula,0,-8.101348005574119e-18,0
Peucedanum,Hyponephele_lycaon,0,-2.535310234159696e-17,0
Peucedanum,Aphantopus_hyperantus,0,-3.3968901328646684e-17,0
Peucedanum,Maniola_jurtina,0,-3.3968901328646684e-17,0
Peucedanum,Erebia_nivalis,0,-8.101348005574119e-18,0
Peucedanum,Erebia_tyndarus,0,2.1734592372163158e-17,0
Peucedanum,Erebia_christi,0,-8.101348005574119e-18,0
Peucedanum,Erebia_pharte,0,-1.6667358403543436e-17,0
Peucedanum,Erebia_epiphron,0,-8.101348005574119e-18,0
Peucedanum,Erebia_meolans,0,-8.101348005574119e-18,0
Peucedanum,Erebia_triarius,0,-2.535310234159696e-17,0
Peucedanum,Erebia_medusa,0,-4.207024933422081e-17,0
Peucedanum,Erebia_aethiops,0,-1.3209814711766929e-17,0
Peucedanum,Erebia_pandrose,0,-4.8842741066375955e-17,0
Peucedanum,Erebia_flavofasciata,0,-8.101348005574119e-18,0
Peucedanum,Erebia_gorge,0,-4.746726265244558e-17,0
Peucedanum,Erebia_pluto,0,-4.746726265244558e-17,0
Peucedanum,Erebia_sudetica,0,2.9108735438164864e-17,0
Peucedanum,Erebia_melampus,0,2.3110070786093526e-17,0
Peucedanum,Erebia_manto,0,3.0019551459700034e-17,0
Peucedanum,Erebia_eriphyle,0,4.457255637583666e-17,0
Peucedanum,Erebia_euryale,0,-1.4440819174935393e-17,0
Peucedanum,Erebia_ligea,0,-3.669112289996071e-17,0
Peucedanum,Erebia_oeme,0,-1.2106671639529128e-17,0
Peucedanum,Erebia_mnestra,0,-4.1468598000374255e-17,0
Peucedanum,Erebia_styx,0,-3.3367249994800177e-17,0
Pimpinella,Parnassius_mnemosyne,0,0,0
Pimpinella,Parnassius_apollo,0,0,0
Pimpinella,Parnassius_phoebus,0,0,0
Pimpinella,Iphiclides_podalirius,0,-1.4679172030262213e-16,0
Pimpinella,Papilio_machaon,1,5.6759523980106064e-33,0
Pimpinella,Carcharodus_alceae,0,1.4760355030060624e-31,0
Pimpinella,Spialia_sertorius,0,4.249721119114661e-31,0
Pimpinella,Erynnis_tages,0,1.8657610489200766e-16,0
Pimpinella,Pyrgus_carthami,0,-1.185772310783007e-16,0
Pimpinella,Pyrgus_malvae,0,-1.1857723107830083e-16,0
Pimpinella,Pyrgus_andromedae,0,-1.1857723107830068e-16,0
Pimpinella,Pyrgus_cacaliae,0,-1.1857723107830075e-16,0
Pimpinella,Pyrgus_serratulae,0,-1.2908215568750697e-16,0
Pimpinella,Pyrgus_armoricanus,0,-2.3921633198179963e-16,0
Pimpinella,Pyrgus_cirsii,0,-1.185772310783007e-16,0
Pimpinella,Pyrgus_carlinae,0,-2.1815392605814428e-16,0
Pimpinella,Pyrgus_alveus,0,-2.1815392605814443e-16,0
Pimpinella,Heteropterus_morpheus,0,-2.202266040799254e-17,0
Pimpinella,Carterocephalus_palaemon,0,-1.0068956574354144e-18,0
Pimpinella,Thymelicus_acteon,0,-8.884311461001513e-17,0
Pimpinella,Thymelicus_sylvestris,0,6.825104409775738e-17,0
Pimpinella,Thymelicus_lineola,0,-1.108702900226758e-17,0
Pimpinella,Ochlodes_sylvanus,0,-1.2276625518187973e-16,0
Pimpinella,Hesperia_comma,0,-2.8515774052791096e-17,0
Pimpinella,Gonepteryx_rhamni,0,4.835992768634882e-32,0
Pimpinella,Colias_alfacariensis,0,6.729534730048418e-17,0
Pimpinella,Colias_phicomone,0,1.1898205886335183e-16,0
Pimpinella,Colias_palaeno,0,3.446975482509625e-33,0
Pimpinella,Anthocharis_cardamines,0,-7.331941978629493e-18,0
Pimpinella,Aporia_crataegi,0,-9.910362191988659e-17,0
Pimpinella,Pontia_callidice,0,-1.3365218540619066e-17,0
Pimpinella,Pieris_brassicae,0,-2.609850996614351e-32,0
Pimpinella,Pieris_mannii,0,2.3732324634552155e-17,0
Pimpinella,Pieris_bryoniae,0,-2.0697160519248532e-17,0
Pimpinella,Hamearis_lucina,0,2.3416413400965538e-33,0
Pimpinella,Lycaena_phlaeas,0,3.040321017633055e-32,0
Pimpinella,Lycaena_virgaureae,0,3.5976496019438057e-32,0
Pimpinella,Lycaena_helle,0,4.4776660857036455e-33,0
Pimpinella,Lycaena_alciphron,0,4.441378307651194e-33,0
Pimpinella,Lycaena_dispar,0,2.4611275857016454e-32,0
Pimpinella,Lycaena_hippothoe,0,9.205782690655178e-33,0
Pimpinella,Thecla_betulae,0,-5.916171904011544e-17,0
Pimpinella,Favonius_quercus,0,-1.0358287923850507e-33,0
Pimpinella,Satyrium_acaciae,0,-5.916171904011543e-17,0
Pimpinella,Satyrium_spini,0,1.3958568531684904e-32,0
Pimpinella,Satyrium_ilicis,0,3.889029568524053e-33,0
Pimpinella,Lampides_boeticus,0,-3.551563498759753e-17,0
Pimpinella,Celastrina_argiolus,0,1.293320181624215e-32,0
Pimpinella,Phengaris_arion,0,-4.164367770321033e-33,0
Pimpinella,Phengaris_teleius,0,4.1815852139651375e-31,0
Pimpinella,Phengaris_nausithous,0,4.171262211816545e-31,0
Pimpinella,Scolitantides_orion,0,-2.7684628660525654e-33,0
Pimpinella,Iolana_iolas,0,-3.551563498759753e-17,0
Pimpinella,Glaucopsyche_alexis,0,-3.092222711553334e-17,0
Pimpinella,Pseudophilotes_baton,0,-3.210470197476363e-33,0
Pimpinella,Leptotes_pirithous,0,2.927350392787686e-17,0
Pimpinella,Cupido_argiades,0,2.752637872991458e-16,0
Pimpinella,Cupido_alcetas,0,9.750732460775658e-17,0
Pimpinella,Cupido_osiris,0,-1.2323775537410322e-16,0
Pimpinella,Cupido_minimus,0,-2.4221343998277613e-16,0
Pimpinella,Plebejus_argus,0,-7.614306907346305e-17,0
Pimpinella,Plebejus_idas,0,-1.2314803547598617e-16,0
Pimpinella,Plebejus_argyrognomon,0,4.386172139410361e-17,0
Pimpinella,Cyaniris_semiargus,0,6.926985785754909e-17,0
Pimpinella,Aricia_nicias,0,-1.192559632812623e-17,0
Pimpinella,Aricia_artaxerxes,0,-1.115022913079699e-16,0
Pimpinella,Aricia_agestis,0,-1.1013417629429267e-16,0
Pimpinella,Polyommatus_escheri,0,-1.937197174180576e-16,0
Pimpinella,Polyommatus_thersites,0,-8.772212038650569e-17,0
Pimpinella,Polyommatus_amandus,0,6.120674555872271e-17,0
Pimpinella,Polyommatus_icarus,0,2.8791484230828554e-16,0
Pimpinella,Polyommatus_eros,0,-2.814418378045634e-16,0
Pimpinella,Polyommatus_dorylas,0,-4.84937225647186e-17,0
Pimpinella,Polyommatus_damon,0,-8.772212038650569e-17,0
Pimpinella,Neptis_rivularis,0,-1.8759452864271071e-31,0
Pimpinella,Limenitis_populi,0,-4.150020577900337e-46,0
Pimpinella,Limenitis_reducta,0,-3.50367767978747e-46,0
Pimpinella,Limenitis_camilla,0,2.776767037783061e-46,0
Pimpinella,Issoria_lathonia,0,-5.977071993563379e-18,0
Pimpinella,Brenthis_ino,0,1.109497723564915e-31,0
Pimpinella,Argynnis_paphia,0,-5.977071993563379e-18,0
Pimpinella,Fabriciana_adippe,0,-5.977071993563379e-18,0
Pimpinella,Boloria_pales,0,4.272233341965695e-19,0
Pimpinella,Boloria_napaea,0,-5.977071993563379e-18,0
Pimpinella,Boloria_aquilonaris,0,-6.552317842966382e-33,0
Pimpinella,Boloria_selene,0,-5.977071993563379e-18,0
Pimpinella,Boloria_dia,0,-5.977071993563379e-18,0
Pimpinella,Boloria_euphrosyne,0,-5.977071993563379e-18,0
Pimpinella,Boloria_titania,0,-5.977071993563379e-18,0
Pimpinella,Apatura_iris,0,5.189861263937626e-47,0
Pimpinella,Apatura_ilia,0,1.854471176539896e-46,0
Pimpinella,Araschnia_levana,0,-1.2293663550940366e-17,0
Pimpinella,Vanessa_cardui,0,-2.5274586217313e-17,0
Pimpinella,Vanessa_atalanta,0,-1.2293663550940366e-17,0
Pimpinella,Aglais_io,0,-1.4633073812506544e-17,0
Pimpinella,Aglais_urticae,0,-1.2293663550940366e-17,0
Pimpinella,Nymphalis_polychloros,0,-1.3822095615016248e-46,0
Pimpinella,Nymphalis_antiopa,0,5.189861263937626e-47,0
Pimpinella,Euphydryas_cynthia,0,4.272233341965695e-19,0
Pimpinella,Euphydryas_intermedia,0,7.242361829670188e-47,0
Pimpinella,Melitaea_didyma,0,2.4046260504925505e-17,0
Pimpinella,Melitaea_phoebe,0,-3.928768244701553e-18,0
Pimpinella,Melitaea_cinxia,0,1.1677304678189287e-17,0
Pimpinella,Melitaea_diamina,0,0,0
Pimpinella,Melitaea_aurelia,0,6.4042953277599564e-18,0
Pimpinella,Melitaea_varia,0,6.4042953277599564e-18,0
Pimpinella,Melitaea_parthenoides,0,8.795067927306149e-18,0
Pimpinella,Melitaea_deione,0,3.7961623358722914e-18,0
Pimpinella,Melitaea_athalia,0,2.247619710762272e-17,0
Pimpinella,Melitaea_britomartis,0,1.1677304678189287e-17,0
Pimpinella,Libythea_celtis,0,-7.55602641487549e-47,0
Pimpinella,Lasiommata_maera,0,-3.088919451108151e-17,0
Pimpinella,Lasiommata_petropolitana,0,-1.5565931502789222e-17,0
Pimpinella,Lasiommata_megera,0,-1.0902581201988743e-17,0
Pimpinella,Lopinga_achine,0,2.102887208238847e-19,0
Pimpinella,Coenonympha_glycerion,0,8.826157771433145e-18,0
Pimpinella,Coenonympha_pamphilus,0,3.840513001432753e-17,0
Pimpinella,Coenonympha_tullia,0,-2.0206810329333766e-18,0
Pimpinella,Melanargia_galathea,0,-2.122356629214502e-17,0
Pimpinella,Hipparchia_statilinus,0,-3.66610363768896e-17,0
Pimpinella,Hipparchia_fagi,0,-1.0902581201988743e-17,0
Pimpinella,Hipparchia_semele,0,-1.5565931502789222e-17,0
Pimpinella,Oeneis_glacialis,0,-1.5565931502789222e-17,0
Pimpinella,Brintesia_circe,0,-1.0902581201988743e-17,0
Pimpinella,Satyrus_ferula,0,-1.5565931502789222e-17,0
Pimpinella,Hyponephele_lycaon,0,-4.1324386677690096e-17,0
Pimpinella,Aphantopus_hyperantus,0,-1.0902581201988743e-17,0
Pimpinella,Maniola_jurtina,0,-1.0902581201988743e-17,0
Pimpinella,Erebia_nivalis,0,-1.5565931502789222e-17,0
Pimpinella,Erebia_tyndarus,0,3.3456037615120744e-17,0
Pimpinella,Erebia_christi,0,-1.5565931502789222e-17,0
Pimpinella,Erebia_pharte,0,-1.3484854087113448e-17,0
Pimpinella,Erebia_epiphron,0,-1.5565931502789222e-17,0
Pimpinella,Erebia_meolans,0,-1.5565931502789222e-17,0
Pimpinella,Erebia_triarius,0,-4.1324386677690096e-17,0
Pimpinella,Erebia_medusa,0,-2.6468512704777985e-17,0
Pimpinella,Erebia_aethiops,0,2.1932078723984003e-17,0
Pimpinella,Erebia_pandrose,0,-1.0389363982018996e-17,0
Pimpinella,Erebia_flavofasciata,0,-1.5565931502789222e-17,0
Pimpinella,Erebia_gorge,0,-2.2900803341175066e-18,0
Pimpinella,Erebia_pluto,0,-2.2900803341175066e-18,0
Pimpinella,Erebia_sudetica,0,3.0844492977414815e-17,0
Pimpinella,Erebia_melampus,0,4.155532126302219e-17,0
Pimpinella,Erebia_manto,0,5.659078554378129e-17,0
Pimpinella,Erebia_eriphyle,0,5.641123106915401e-17,0
Pimpinella,Erebia_euryale,0,5.886348634787938e-17,0
Pimpinella,Erebia_ligea,0,1.0563212721164777e-17,0
Pimpinella,Erebia_oeme,0,-6.907258662916003e-18,0
Pimpinella,Erebia_mnestra,0,-1.3000908619724918e-17,0
Pimpinella,Erebia_styx,0,2.5650228830642828e-18,0
Trinia,Parnassius_mnemosyne,0,0,0
Trinia,Parnassius_apollo,0,0,0
Trinia,Parnassius_phoebus,0,0,0
Trinia,Iphiclides_podalirius,0,-1.467917203026218e-16,0
Trinia,Papilio_machaon,1,-1.829936501344785e-32,0
Trinia,Carcharodus_alceae,0,8.644939212656313e-32,0
Trinia,Spialia_sertorius,0,-4.873404397383711e-32,0
Trinia,Erynnis_tages,0,4.3681720491502345e-17,0
Trinia,Pyrgus_carthami,0,-1.9445552312685735e-16,0
Trinia,Pyrgus_malvae,0,-1.9445552312685745e-16,0
Trinia,Pyrgus_andromedae,0,-1.9445552312685725e-16,0
Trinia,Pyrgus_cacaliae,0,-1.9445552312685725e-16,0
Trinia,Pyrgus_serratulae,0,-2.1470565021283128e-16,0
Trinia,Pyrgus_armoricanus,0,-3.2486013806052274e-16,0
Trinia,Pyrgus_cirsii,0,-1.9445552312685698e-16,0
Trinia,Pyrgus_carlinae,0,-2.9549707330602105e-16,0
Trinia,Pyrgus_alveus,0,-2.9549707330602095e-16,0
Trinia,Heteropterus_morpheus,0,2.3712071857609556e-17,0
Trinia,Carterocephalus_palaemon,0,-2.9258781169524827e-17,0
Trinia,Thymelicus_acteon,0,1.1106751067720248e-17,0
Trinia,Thymelicus_sylvestris,0,-1.000659725096797e-16,0
Trinia,Thymelicus_lineola,0,-2.5094236922456436e-17,0
Trinia,Ochlodes_sylvanus,0,1.5066077210059785e-16,0
Trinia,Hesperia_comma,0,3.561358116065359e-17,0
Trinia,Gonepteryx_rhamni,0,-5.450681231291244e-32,0
Trinia,Colias_alfacariensis,0,3.1712358134539636e-17,0
Trinia,Colias_phicomone,0,1.903532615816059e-17,0
Trinia,Colias_palaeno,0,-3.509288548045372e-33,0
Trinia,Anthocharis_cardamines,0,-1.7025753498582952e-18,0
Trinia,Aporia_crataegi,0,-9.910362191988664e-17,0
Trinia,Pontia_callidice,0,-3.1035831569660396e-18,0
Trinia,Pieris_brassicae,0,1.5615682552276113e-32,0
Trinia,Pieris_mannii,0,7.90115695105846e-18,0
Trinia,Pieris_bryoniae,0,-4.806158506824372e-18,0
Trinia,Hamearis_lucina,0,1.4196891506954128e-32,0
Trinia,Lycaena_phlaeas,0,1.2022926193826666e-33,0
Trinia,Lycaena_virgaureae,0,1.6442283768622582e-32,0
Trinia,Lycaena_helle,0,-1.3307455692334954e-32,0
Trinia,Lycaena_alciphron,0,4.183153238795492e-32,0
Trinia,Lycaena_dispar,0,1.6700844379482882e-32,0
Trinia,Lycaena_hippothoe,0,2.522654718424886e-32,0
Trinia,Thecla_betulae,0,-5.916171904011573e-17,0
Trinia,Favonius_quercus,0,-2.097926571897981e-34,0
Trinia,Satyrium_acaciae,0,-5.916171904011573e-17,0
Trinia,Satyrium_spini,0,-1.2100228723419697e-32,0
Trinia,Satyrium_ilicis,0,5.867319827909763e-33,0
Trinia,Lampides_boeticus,0,1.5196132387190384e-17,0
Trinia,Celastrina_argiolus,0,-1.1028535862669096e-32,0
Trinia,Phengaris_arion,0,-9.653154174195494e-34,0
Trinia,Phengaris_teleius,0,-5.277489378155765e-32,0
Trinia,Phengaris_nausithous,0,-5.304304676779853e-32,0
Trinia,Scolitantides_orion,0,-6.429242194386938e-34,0
Trinia,Iolana_iolas,0,1.5196132387190384e-17,0
Trinia,Glaucopsyche_alexis,0,3.519494209273093e-17,0
Trinia,Pseudophilotes_baton,0,-7.458428136397491e-34,0
Trinia,Leptotes_pirithous,0,-1.279080213064582e-18,0
Trinia,Cupido_argiades,0,-1.0012018656980907e-17,0
Trinia,Cupido_alcetas,0,1.2486965359859352e-17,0
Trinia,Cupido_osiris,0,5.285382584233673e-17,0
Trinia,Cupido_minimus,0,1.0193096523544575e-16,0
Trinia,Plebejus_argus,0,-8.607442942690725e-17,0
Trinia,Plebejus_idas,0,3.4920657951502845e-17,0
Trinia,Plebejus_argyrognomon,0,1.6745237382283207e-17,0
Trinia,Cyaniris_semiargus,0,-7.359200678045938e-18,0
Trinia,Aricia_nicias,0,-9.915084621969867e-18,0
Trinia,Aricia_artaxerxes,0,-1.109566348011334e-16,0
Trinia,Aricia_agestis,0,-1.1015448784769156e-16,0
Trinia,Polyommatus_escheri,0,8.088770638683048e-17,0
Trinia,Polyommatus_thersites,0,3.7657693455146265e-17,0
Trinia,Polyommatus_amandus,0,-5.443980810585792e-18,0
Trinia,Polyommatus_icarus,0,-1.2974067634645122e-17,0
Trinia,Polyommatus_eros,0,1.185453998419767e-16,0
Trinia,Polyommatus_dorylas,0,2.10432588486153e-17,0
Trinia,Polyommatus_damon,0,3.7657693455146265e-17,0
Trinia,Neptis_rivularis,0,-3.2281744330343417e-31,0
Trinia,Limenitis_populi,0,-9.636904756012853e-47,0
Trinia,Limenitis_reducta,0,-8.136009888381879e-47,0
Trinia,Limenitis_camilla,0,6.44802580441027e-47,0
Trinia,Issoria_lathonia,0,1.8294920754555618e-17,0
Trinia,Brenthis_ino,0,-3.0958063009809753e-31,0
Trinia,Argynnis_paphia,0,1.8294920754555618e-17,0
Trinia,Fabriciana_adippe,0,1.8294920754555618e-17,0
Trinia,Boloria_pales,0,1.1010642528627097e-17,0
Trinia,Boloria_napaea,0,1.8294920754555618e-17,0
Trinia,Boloria_aquilonaris,0,2.938295062024452e-33,0
Trinia,Boloria_selene,0,1.8294920754555618e-17,0
Trinia,Boloria_dia,0,1.8294920754555618e-17,0
Trinia,Boloria_euphrosyne,0,1.8294920754555618e-17,0
Trinia,Boloria_titania,0,1.8294920754555618e-17,0
Trinia,Apatura_iris,0,1.2051553325405905e-47,0
Trinia,Apatura_ilia,0,4.306331142956433e-47,0
Trinia,Araschnia_levana,0,1.6940346159746566e-17,0
Trinia,Vanessa_cardui,0,3.473317773136728e-17,0
Trinia,Vanessa_atalanta,0,1.6940346159746566e-17,0
Trinia,Aglais_io,0,2.016621234866305e-17,0
Trinia,Aglais_urticae,0,1.6940346159746566e-17,0
Trinia,Nymphalis_polychloros,0,-3.2096761518535326e-47,0
Trinia,Nymphalis_antiopa,0,1.2051553325405905e-47,0
Trinia,Euphydryas_cynthia,0,1.1010642528627097e-17,0
Trinia,Euphydryas_intermedia,0,1.681773635565352e-47,0
Trinia,Melitaea_didyma,0,-3.540523537291891e-17,0
Trinia,Melitaea_phoebe,0,4.832519586802238e-18,0
Trinia,Melitaea_cinxia,0,-1.5381776476055676e-17,0
Trinia,Melitaea_diamina,0,0,0
Trinia,Melitaea_aurelia,0,-7.284278225928517e-18,0
Trinia,Melitaea_varia,0,-7.284278225928517e-18,0
Trinia,Melitaea_parthenoides,0,-1.0974310447347348e-17,0
Trinia,Melitaea_deione,0,-6.1160779765193226e-18,0
Trinia,Melitaea_athalia,0,-3.259906721938239e-17,0
Trinia,Melitaea_britomartis,0,-1.5381776476055676e-17,0
Trinia,Libythea_celtis,0,-1.7546106505668112e-47,0
Trinia,Lasiommata_maera,0,-2.1754668262975106e-17,0
Trinia,Lasiommata_petropolitana,0,-1.5374467500032295e-17,0
Trinia,Lasiommata_megera,0,1.9361161208116915e-17,0
Trinia,Lopinga_achine,0,-1.4558806008725717e-17,0
Trinia,Coenonympha_glycerion,0,-6.296420091554339e-17,0
Trinia,Coenonympha_pamphilus,0,-2.321647042937332e-17,0
Trinia,Coenonympha_tullia,0,-1.7741656527754933e-17,0
Trinia,Melanargia_galathea,0,1.4309440337127677e-17,0
Trinia,Hipparchia_statilinus,0,1.8592589225259255e-17,0
Trinia,Hipparchia_fagi,0,1.9361161208116915e-17,0
Trinia,Hipparchia_semele,0,-1.5374467500032295e-17,0
Trinia,Oeneis_glacialis,0,-1.5374467500032295e-17,0
Trinia,Brintesia_circe,0,1.9361161208116915e-17,0
Trinia,Satyrus_ferula,0,-1.5374467500032295e-17,0
Trinia,Hyponephele_lycaon,0,-1.614303948288994e-17,0
Trinia,Aphantopus_hyperantus,0,1.9361161208116915e-17,0
Trinia,Maniola_jurtina,0,1.9361161208116915e-17,0
Trinia,Erebia_nivalis,0,-1.5374467500032295e-17,0
Trinia,Erebia_tyndarus,0,-5.257094566837103e-17,0
Trinia,Erebia_christi,0,-1.5374467500032295e-17,0
Trinia,Erebia_pharte,0,-2.1086009297170498e-17,0
Trinia,Erebia_epiphron,0,-1.5374467500032295e-17,0
Trinia,Erebia_meolans,0,-1.5374467500032295e-17,0
Trinia,Erebia_triarius,0,-1.614303948288994e-17,0
Trinia,Erebia_medusa,0,3.986693708084658e-18,0
Trinia,Erebia_aethiops,0,-2.548977044759494e-17,0
Trinia,Erebia_pandrose,0,3.123868107196899e-17,0
Trinia,Erebia_flavofasciata,0,-1.5374467500032295e-17,0
Trinia,Erebia_gorge,0,3.278049510665157e-17,0
Trinia,Erebia_pluto,0,3.278049510665157e-17,0
Trinia,Erebia_sudetica,0,-6.162335432978155e-17,0
Trinia,Erebia_melampus,0,-5.102913163368846e-17,0
Trinia,Erebia_manto,0,-5.041861459220495e-17,0
Trinia,Erebia_eriphyle,0,-7.05199224260345e-17,0
Trinia,Erebia_euryale,0,-2.693147350457792e-18,0
Trinia,Erebia_ligea,0,3.235389850233072e-17,0
Trinia,Erebia_oeme,0,1.411737093099151e-17,0
Trinia,Erebia_mnestra,0,2.218627241055847e-17,0
Trinia,Erebia_styx,0,3.7560739910590785e-17,0
Alcea,Parnassius_mnemosyne,0,0,0
Alcea,Parnassius_apollo,0,0,0
Alcea,Parnassius_phoebus,0,0,0
Alcea,Iphiclides_podalirius,0,-6.7978208555199335e-19,0
Alcea,Papilio_machaon,0,1.753140940123918e-32,0
Alcea,Carcharodus_alceae,1,1.3015039382190213e-33,0
Alcea,Spialia_sertorius,0,2.968803280338672e-31,0
Alcea,Erynnis_tages,0,3.511280578769848e-17,0
Alcea,Pyrgus_carthami,0,7.230292595424396e-17,0
Alcea,Pyrgus_malvae,0,7.230292595424394e-17,0
Alcea,Pyrgus_andromedae,0,7.230292595424387e-17,0
Alcea,Pyrgus_cacaliae,0,7.230292595424386e-17,0
Alcea,Pyrgus_serratulae,0,8.143680797074777e-17,0
Alcea,Pyrgus_armoricanus,0,8.765948078654928e-17,0
Alcea,Pyrgus_cirsii,0,7.230292595424371e-17,0
Alcea,Pyrgus_carlinae,0,7.948672378715217e-17,0
Alcea,Pyrgus_alveus,0,7.948672378715208e-17,0
Alcea,Heteropterus_morpheus,0,1.2923806137692883e-17,0
Alcea,Carterocephalus_palaemon,0,-1.0849386333323787e-17,0
Alcea,Thymelicus_acteon,0,1.0325305285969307e-16,0
Alcea,Thymelicus_sylvestris,0,-1.1078463184261154e-16,0
Alcea,Thymelicus_lineola,0,2.3972378081822803e-17,0
Alcea,Ochlodes_sylvanus,0,2.581264362582365e-17,0
Alcea,Hesperia_comma,0,6.399869629444306e-17,0
Alcea,Gonepteryx_rhamni,0,-3.3946288312545376e-32,0
Alcea,Colias_alfacariensis,0,-2.1179690307551944e-17,0
Alcea,Colias_phicomone,0,4.0644067341142606e-17,0
Alcea,Colias_palaeno,0,8.963072842602076e-33,0
Alcea,Anthocharis_cardamines,0,4.0008022696327715e-17,0
Alcea,Aporia_crataegi,0,-4.589418712140411e-19,0
Alcea,Pontia_callidice,0,7.292965059911948e-17,0
Alcea,Pieris_brassicae,0,2.4322216354010797e-32,0
Alcea,Pieris_mannii,0,-3.551105214532184e-19,0
Alcea,Pieris_bryoniae,0,1.1293767329544727e-16,0
Alcea,Hamearis_lucina,0,-4.562511666972508e-32,0
Alcea,Lycaena_phlaeas,0,-1.1098176664592556e-32,0
Alcea,Lycaena_virgaureae,0,1.7600373409433758e-32,0
Alcea,Lycaena_helle,0,9.753489716489045e-33,0
Alcea,Lycaena_alciphron,0,3.6922418926003373e-32,0
Alcea,Lycaena_dispar,0,5.17508357393546e-32,0
Alcea,Lycaena_hippothoe,0,2.3561048861654493e-32,0
Alcea,Thecla_betulae,0,-2.739737409641344e-19,0
Alcea,Favonius_quercus,0,1.3007191810905995e-32,0
Alcea,Satyrium_acaciae,0,-2.7397374096411116e-19,0
Alcea,Satyrium_spini,0,-3.3822052333047534e-32,0
Alcea,Satyrium_ilicis,0,-2.8209050135791e-32,0
Alcea,Lampides_boeticus,0,-2.9261229273619757e-17,0
Alcea,Celastrina_argiolus,0,-2.458075550246939e-32,0
Alcea,Phengaris_arion,0,2.2727968297995928e-32,0
Alcea,Phengaris_teleius,0,3.003596675623183e-31,0
Alcea,Phengaris_nausithous,0,3.0601821013645037e-31,0
Alcea,Scolitantides_orion,0,1.5106712948005986e-32,0
Alcea,Iolana_iolas,0,-2.9261229273619757e-17,0
Alcea,Glaucopsyche_alexis,0,-2.2668483763602078e-17,0
Alcea,Pseudophilotes_baton,0,1.751863860444596e-32,0
Alcea,Leptotes_pirithous,0,2.798324801092797e-17,0
Alcea,Cupido_argiades,0,2.0739798426459568e-16,0
Alcea,Cupido_alcetas,0,3.239824455545223e-17,0
Alcea,Cupido_osiris,0,-1.0331735418499159e-16,0
Alcea,Cupido_minimus,0,-2.226731194530071e-16,0
Alcea,Plebejus_argus,0,-8.819741442652841e-18,0
Alcea,Plebejus_idas,0,-7.081799674377014e-17,0
Alcea,Plebejus_argyrognomon,0,-5.176151031990873e-18,0
Alcea,Cyaniris_semiargus,0,6.178834091267905e-17,0
Alcea,Aricia_nicias,0,-1.4698397913769908e-18,0
Alcea,Aricia_artaxerxes,0,5.713958041531177e-18,0
Alcea,Aricia_agestis,0,6.222672815801603e-18,0
Alcea,Polyommatus_escheri,0,-1.7867569514169112e-16,0
Alcea,Polyommatus_thersites,0,-7.405612491137181e-17,0
Alcea,Polyommatus_amandus,0,4.33566269476948e-17,0
Alcea,Polyommatus_icarus,0,2.308185119321529e-16,0
Alcea,Polyommatus_eros,0,-2.5273182005306306e-16,0
Alcea,Polyommatus_dorylas,0,-4.3997424311315976e-17,0
Alcea,Polyommatus_damon,0,-7.405612491137181e-17,0
Alcea,Neptis_rivularis,0,1.408553365149967e-31,0
Alcea,Limenitis_populi,0,2.2645312608743106e-45,0
Alcea,Limenitis_reducta,0,1.911842962196984e-45,0
Alcea,Limenitis_camilla,0,-1.5151914662653392e-45,0
Alcea,Issoria_lathonia,0,-1.922156288250315e-18,0
Alcea,Brenthis_ino,0,2.932265907723835e-31,0
Alcea,Argynnis_paphia,0,-1.922156288250315e-18,0
Alcea,Fabriciana_adippe,0,-1.922156288250315e-18,0
Alcea,Boloria_pales,0,3.999638745719987e-18,0
Alcea,Boloria_napaea,0,-1.922156288250315e-18,0
Alcea,Boloria_aquilonaris,0,2.345464674896776e-32,0
Alcea,Boloria_selene,0,-1.922156288250315e-18,0
Alcea,Boloria_dia,0,-1.922156288250315e-18,0
Alcea,Boloria_euphrosyne,0,-1.922156288250315e-18,0
Alcea,Boloria_titania,0,-1.922156288250315e-18,0
Alcea,Apatura_iris,0,-2.8319384939186502e-46,0
Alcea,Apatura_ilia,0,-1.0119246111899969e-45,0
Alcea,Araschnia_levana,0,3.737573872838641e-17,0
Alcea,Vanessa_cardui,0,7.768501788881461e-17,0
Alcea,Vanessa_atalanta,0,3.737573872838641e-17,0
Alcea,Aglais_io,0,4.447387742428973e-17,0
Alcea,Aglais_urticae,0,3.737573872838641e-17,0
Alcea,Nymphalis_polychloros,0,7.542268054543166e-46,0
Alcea,Nymphalis_antiopa,0,-2.8319384939186502e-46,0
Alcea,Euphydryas_cynthia,0,3.999638745719987e-18,0
Alcea,Euphydryas_intermedia,0,-3.95192131374563e-46,0
Alcea,Melitaea_didyma,0,2.861993112008815e-17,0
Alcea,Melitaea_phoebe,0,2.0988037375083015e-17,0
Alcea,Melitaea_cinxia,0,1.0676234587048591e-17,0
Alcea,Melitaea_diamina,0,0,0
Alcea,Melitaea_aurelia,0,5.921795033970323e-18,0
Alcea,Melitaea_varia,0,5.921795033970323e-18,0
Alcea,Melitaea_parthenoides,0,8.718592978737485e-18,0
Alcea,Melitaea_deione,0,3.856671279934942e-18,0
Alcea,Melitaea_athalia,0,2.0664456632679955e-17,0
Alcea,Melitaea_britomartis,0,1.0676234587048591e-17,0
Alcea,Libythea_celtis,0,4.1230778649552725e-46,0
Alcea,Lasiommata_maera,0,3.414976553220038e-17,0
Alcea,Lasiommata_petropolitana,0,1.5771099751606545e-17,0
Alcea,Lasiommata_megera,0,1.4006255851269785e-17,0
Alcea,Lopinga_achine,0,-1.422447931085997e-17,0
Alcea,Coenonympha_glycerion,0,-6.634944839353176e-17,0
Alcea,Coenonympha_pamphilus,0,5.3422105713114966e-17,0
Alcea,Coenonympha_tullia,0,3.515902737442762e-17,0
Alcea,Melanargia_galathea,0,2.9687622198974167e-18,0
Alcea,Hipparchia_statilinus,0,4.801211361725736e-17,0
Alcea,Hipparchia_fagi,0,1.4006255851269785e-17,0
Alcea,Hipparchia_semele,0,1.5771099751606545e-17,0
Alcea,Oeneis_glacialis,0,1.5771099751606545e-17,0
Alcea,Brintesia_circe,0,1.4006255851269785e-17,0
Alcea,Satyrus_ferula,0,1.5771099751606545e-17,0
Alcea,Hyponephele_lycaon,0,4.977695751759413e-17,0
Alcea,Aphantopus_hyperantus,0,1.4006255851269785e-17,0
Alcea,Maniola_jurtina,0,1.4006255851269785e-17,0
Alcea,Erebia_nivalis,0,1.5771099751606545e-17,0
Alcea,Erebia_tyndarus,0,2.0924488737420447e-17,0
Alcea,Erebia_christi,0,1.5771099751606545e-17,0
Alcea,Erebia_pharte,0,5.910968837943226e-17,0
Alcea,Erebia_epiphron,0,1.5771099751606545e-17,0
Alcea,Erebia_meolans,0,1.5771099751606545e-17,0
Alcea,Erebia_triarius,0,4.977695751759413e-17,0
Alcea,Erebia_medusa,0,2.977735560287633e-17,0
Alcea,Erebia_aethiops,0,2.242671958317631e-17,0
Alcea,Erebia_pandrose,0,1.019097226267832e-18,0
Alcea,Erebia_flavofasciata,0,1.5771099751606545e-17,0
Alcea,Erebia_gorge,0,2.620421684804939e-18,0
Alcea,Erebia_pluto,0,2.620421684804939e-18,0
Alcea,Erebia_sudetica,0,7.430119616595234e-18,0
Alcea,Erebia_melampus,0,2.25258131959576e-17,0
Alcea,Erebia_manto,0,3.659893295135158e-17,0
Alcea,Erebia_eriphyle,0,1.8316253692501686e-17,0
Alcea,Erebia_euryale,0,1.5189691584525557e-18,0
Alcea,Erebia_ligea,0,-4.244632995466679e-17,0
Alcea,Erebia_oeme,0,5.1947382304784975e-17,0
Alcea,Erebia_mnestra,0,-1.2475271894557366e-17,0
Alcea,Erebia_styx,0,-2.8246371646163916e-17,0
Malva,Parnassius_mnemosyne,0,0,0
Malva,Parnassius_apollo,0,0,0
Malva,Parnassius_phoebus,0,0,0
Malva,Iphiclides_podalirius,0,-6.797820855509839e-19,0
Malva,Papilio_machaon,0,-1.324578053165763e-32,0
Malva,Carcharodus_alceae,1,2.241469698641438e-31,0
Malva,Spialia_sertorius,0,3.824645488349259e-32,0
Malva,Erynnis_tages,0,3.3957317955360164e-16,0
Malva,Pyrgus_carthami,0,-1.387655800281791e-16,0
Malva,Pyrgus_malvae,0,-1.3876558002817921e-16,0
Malva,Pyrgus_andromedae,0,-1.3876558002817902e-16,0
Malva,Pyrgus_cacaliae,0,-1.3876558002817906e-16,0
Malva,Pyrgus_serratulae,0,-1.558127108500878e-16,0
Malva,Pyrgus_armoricanus,0,-1.7945265464671745e-16,0
Malva,Pyrgus_cirsii,0,-1.38765580028179e-16,0
Malva,Pyrgus_carlinae,0,-1.629370493230707e-16,0
Malva,Pyrgus_alveus,0,-1.629370493230706e-16,0
Malva,Heteropterus_morpheus,0,-9.233624169369602e-18,0
Malva,Carterocephalus_palaemon,0,4.321525524623306e-18,0
Malva,Thymelicus_acteon,0,-1.0345769689495716e-16,0
Malva,Thymelicus_sylvestris,0,1.0362964203060175e-16,0
Malva,Thymelicus_lineola,0,-4.8699852780388385e-18,0
Malva,Ochlodes_sylvanus,0,-4.805747996044919e-19,0
Malva,Hesperia_comma,0,-3.918755959783313e-17,0
Malva,Gonepteryx_rhamni,0,1.9782425888212967e-32,0
Malva,Colias_alfacariensis,0,2.548596310823718e-16,0
Malva,Colias_phicomone,0,1.5772077314008044e-16,0
Malva,Colias_palaeno,0,-5.189647762011719e-33,0
Malva,Anthocharis_cardamines,0,-4.000802269632774e-17,0
Malva,Aporia_crataegi,0,-4.589418712143919e-19,0
Malva,Pontia_callidice,0,-7.29296505991195e-17,0
Malva,Pieris_brassicae,0,-2.930761933922304e-32,0
Malva,Pieris_mannii,0,5.804636339001246e-17,0
Malva,Pieris_bryoniae,0,-1.1293767329544734e-16,0
Malva,Hamearis_lucina,0,4.817126611075197e-32,0
Malva,Lycaena_phlaeas,0,2.4432290437031432e-33,0
Malva,Lycaena_virgaureae,0,-1.8560755235705198e-32,0
Malva,Lycaena_helle,0,-8.795723404860346e-33,0
Malva,Lycaena_alciphron,0,-3.5929902901635815e-32,0
Malva,Lycaena_dispar,0,-6.43701976892449e-32,0
Malva,Lycaena_hippothoe,0,-2.858306560358168e-32,0
Malva,Thecla_betulae,0,-2.739737409650311e-19,0
Malva,Favonius_quercus,0,-1.3226250226717522e-32,0
Malva,Satyrium_acaciae,0,-2.739737409650541e-19,0
Malva,Satyrium_spini,0,3.2043494365655804e-32,0
Malva,Satyrium_ilicis,0,2.8140473098006523e-32,0
Malva,Lampides_boeticus,0,-1.3808562631164608e-18,0
Malva,Celastrina_argiolus,0,2.170241863803572e-32,0
Malva,Phengaris_arion,0,-2.2728199293584696e-32,0
Malva,Phengaris_teleius,0,-3.0105732599334407e-32,0
Malva,Phengaris_nausithous,0,-3.57615118549541e-32,0
Malva,Scolitantides_orion,0,-1.510671348075293e-32,0
Malva,Iolana_iolas,0,-1.3808562631164664e-18,0
Malva,Glaucopsyche_alexis,0,-6.443404242757196e-17,0
Malva,Pseudophilotes_baton,0,-1.751862442500962e-32,0
Malva,Leptotes_pirithous,0,-3.245983895951532e-17,0
Malva,Cupido_argiades,0,-8.652379121264627e-17,0
Malva,Cupido_alcetas,0,1.2176968898942758e-16,0
Malva,Cupido_osiris,0,-9.387555937604154e-18,0
Malva,Cupido_minimus,0,6.627208567865314e-17,0
Malva,Plebejus_argus,0,1.0688211876397148e-16,0
Malva,Plebejus_idas,0,2.357835779811144e-17,0
Malva,Plebejus_argyrognomon,0,1.2380604302350884e-16,0
Malva,Cyaniris_semiargus,0,-5.472727950669822e-17,0
Malva,Aricia_nicias,0,1.3358005234611166e-18,0
Malva,Aricia_artaxerxes,0,-2.2835668771430277e-17,0
Malva,Aricia_agestis,0,-2.3639943796629696e-17,0
Malva,Polyommatus_escheri,0,5.262691265582387e-17,0
Malva,Polyommatus_thersites,0,-8.006699674487645e-18,0
Malva,Polyommatus_amandus,0,-3.3117632417403927e-18,0
Malva,Polyommatus_icarus,0,-1.448612041890097e-16,0
Malva,Polyommatus_eros,0,4.462021298133616e-17,0
Malva,Polyommatus_dorylas,0,1.3645173022829272e-17,0
Malva,Polyommatus_damon,0,-8.006699674487645e-18,0
Malva,Neptis_rivularis,0,-2.67656883489852e-31,0
Malva,Limenitis_populi,0,-2.2645312612169585e-45,0
Malva,Limenitis_reducta,0,-1.9118429624435087e-45,0
Malva,Limenitis_camilla,0,1.5151914664771128e-45,0
Malva,Issoria_lathonia,0,2.4227732056031065e-18,0
Malva,Brenthis_ino,0,-1.4900464340866038e-31,0
Malva,Argynnis_paphia,0,2.4227732056031065e-18,0
Malva,Fabriciana_adippe,0,2.4227732056031065e-18,0
Malva,Boloria_pales,0,-5.486155941712573e-18,0
Malva,Boloria_napaea,0,2.4227732056031065e-18,0
Malva,Boloria_aquilonaris,0,-2.1912039110186605e-32,0
Malva,Boloria_selene,0,2.4227732056031065e-18,0
Malva,Boloria_dia,0,2.4227732056031065e-18,0
Malva,Boloria_euphrosyne,0,2.4227732056031065e-18,0
Malva,Boloria_titania,0,2.4227732056031065e-18,0
Malva,Apatura_iris,0,2.8319384946047595e-46,0
Malva,Apatura_ilia,0,1.0119246112989614e-45,0
Malva,Araschnia_levana,0,-3.7606439078917585e-17,0
Malva,Vanessa_cardui,0,-7.821573538196608e-17,0
Malva,Vanessa_atalanta,0,-3.7606439078917585e-17,0
Malva,Aglais_io,0,-4.474758537322261e-17,0
Malva,Aglais_urticae,0,-3.7606439078917585e-17,0
Malva,Nymphalis_polychloros,0,-7.542268055579188e-46,0
Malva,Nymphalis_antiopa,0,2.8319384946047595e-46,0
Malva,Euphydryas_cynthia,0,-5.486155941712573e-18,0
Malva,Euphydryas_intermedia,0,3.951921314297986e-46,0
Malva,Melitaea_didyma,0,-3.582135179463963e-17,0
Malva,Melitaea_phoebe,0,-2.170661135606754e-17,0
Malva,Melitaea_cinxia,0,-1.4093700204399386e-17,0
Malva,Melitaea_diamina,0,0,0
Malva,Melitaea_aurelia,0,-7.908929147315697e-18,0
Malva,Melitaea_varia,0,-7.908929147315697e-18,0
Malva,Melitaea_parthenoides,0,-1.1402063301129028e-17,0
Malva,Melitaea_deione,0,-4.8931464084374465e-18,0
Malva,Melitaea_athalia,0,-2.6971316078971847e-17,0
Malva,Melitaea_britomartis,0,-1.4093700204399386e-17,0
Malva,Libythea_celtis,0,-4.123077865803705e-46,0
Malva,Lasiommata_maera,0,-2.727700344861206e-17,0
Malva,Lasiommata_petropolitana,0,-7.671583504357493e-18,0
Malva,Lasiommata_megera,0,-6.845229012257479e-18,0
Malva,Lopinga_achine,0,9.339566479648704e-18,0
Malva,Coenonympha_glycerion,0,5.734344169357606e-17,0
Malva,Coenonympha_pamphilus,0,-3.423977467376158e-17,0
Malva,Coenonympha_tullia,0,-4.5212327491072306e-17,0
Malva,Melanargia_galathea,0,3.1024843400114427e-18,0
Malva,Hipparchia_statilinus,0,-3.9876549177898597e-17,0
Malva,Hipparchia_fagi,0,-6.845229012257479e-18,0
Malva,Hipparchia_semele,0,-7.671583504357493e-18,0
Malva,Oeneis_glacialis,0,-7.671583504357493e-18,0
Malva,Brintesia_circe,0,-6.845229012257479e-18,0
Malva,Satyrus_ferula,0,-7.671583504357493e-18,0
Malva,Hyponephele_lycaon,0,-4.0702903669998634e-17,0
Malva,Aphantopus_hyperantus,0,-6.845229012257479e-18,0
Malva,Maniola_jurtina,0,-6.845229012257479e-18,0
Malva,Erebia_nivalis,0,-7.671583504357493e-18,0
Malva,Erebia_tyndarus,0,-1.2623940648798206e-17,0
Malva,Erebia_christi,0,-7.671583504357493e-18,0
Malva,Erebia_pharte,0,-5.582905543465718e-17,0
Malva,Erebia_epiphron,0,-7.671583504357493e-18,0
Malva,Erebia_meolans,0,-7.671583504357493e-18,0
Malva,Erebia_triarius,0,-4.0702903669998634e-17,0
Malva,Erebia_medusa,0,-1.4516812516614967e-17,0
Malva,Erebia_aethiops,0,-2.50815900215583e-17,0
Malva,Erebia_pandrose,0,9.645499821712186e-18,0
Malva,Erebia_flavofasciata,0,-7.671583504357493e-18,0
Malva,Erebia_gorge,0,6.091775217865242e-18,0
Malva,Erebia_pluto,0,6.091775217865242e-18,0
Malva,Erebia_sudetica,0,-3.297912294691095e-18,0
Malva,Erebia_melampus,0,-1.6177665252645213e-17,0
Malva,Erebia_manto,0,-4.73375253244803e-17,0
Malva,Erebia_eriphyle,0,-3.506591923914645e-17,0
Malva,Erebia_euryale,0,-1.1475137908120253e-17,0
Malva,Erebia_ligea,0,2.47439701804861e-17,0
Malva,Erebia_oeme,0,-5.937366525311429e-17,0
Malva,Erebia_mnestra,0,1.89715281758193e-17,0
Malva,Erebia_styx,0,2.6643111680176807e-17,0
Sanguisorba,Parnassius_mnemosyne,0,0,0
Sanguisorba,Parnassius_apollo,0,0,0
Sanguisorba,Parnassius_phoebus,0,0,0
Sanguisorba,Iphiclides_podalirius,0,2.5169530929852667e-31,0
Sanguisorba,Papilio_machaon,0,-2.608413150306755e-32,0
Sanguisorba,Carcharodus_alceae,0,2.2369937608082398e-31,0
Sanguisorba,Spialia_sertorius,1,1.1385885916234923e-30,0
Sanguisorba,Erynnis_tages,0,4.3374581910297814e-16,0
Sanguisorba,Pyrgus_carthami,0,3.6854231751113117e-17,0
Sanguisorba,Pyrgus_malvae,0,3.685423175111301e-17,0
Sanguisorba,Pyrgus_andromedae,0,3.6854231751112944e-17,0
Sanguisorba,Pyrgus_cacaliae,0,3.6854231751112876e-17,0
Sanguisorba,Pyrgus_serratulae,0,4.4848059475927304e-17,0
Sanguisorba,Pyrgus_armoricanus,0,-2.207575015003179e-17,0
Sanguisorba,Pyrgus_cirsii,0,3.685423175111254e-17,0
Sanguisorba,Pyrgus_carlinae,0,-2.05293278898392e-17,0
Sanguisorba,Pyrgus_alveus,0,-2.052932788983947e-17,0
Sanguisorba,Heteropterus_morpheus,0,-1.9261003026798665e-19,0
Sanguisorba,Carterocephalus_palaemon,0,8.049461523713646e-19,0
Sanguisorba,Thymelicus_acteon,0,-3.189809909471496e-18,0
Sanguisorba,Thymelicus_sylvestris,0,-1.0502147091716154e-17,0
Sanguisorba,Thymelicus_lineola,0,-8.174235522343961e-18,0
Sanguisorba,Ochlodes_sylvanus,0,-1.7259919648657405e-17,0
Sanguisorba,Hesperia_comma,0,5.618744101676157e-19,0
Sanguisorba,Gonepteryx_rhamni,0,4.291502325457826e-33,0
Sanguisorba,Colias_alfacariensis,0,1.3774955707193991e-16,0
Sanguisorba,Colias_phicomone,0,2.999437670248711e-16,0
Sanguisorba,Colias_palaeno,0,2.1512856326607367e-33,0
Sanguisorba,Anthocharis_cardamines,0,3.8250827946397713e-22,0
Sanguisorba,Aporia_crataegi,0,-2.5022739413922472e-31,0
Sanguisorba,Pontia_callidice,0,6.972650306659592e-22,0
Sanguisorba,Pieris_brassicae,0,3.040271046844019e-34,0
Sanguisorba,Pieris_mannii,0,4.828740549336046e-17,0
Sanguisorba,Pieris_bryoniae,0,1.0797733101400046e-21,0
Sanguisorba,Hamearis_lucina,0,-2.364190401080715e-33,0
Sanguisorba,Lycaena_phlaeas,0,-6.0388048295213465e-33,0
Sanguisorba,Lycaena_virgaureae,0,-8.360017693228832e-33,0
Sanguisorba,Lycaena_helle,0,7.746680625096502e-34,0
Sanguisorba,Lycaena_alciphron,0,-9.266477430167954e-33,0
Sanguisorba,Lycaena_dispar,0,-1.2040430883159809e-32,0
Sanguisorba,Lycaena_hippothoe,0,-7.827280824955715e-33,0
Sanguisorba,Thecla_betulae,0,-6.892022888908328e-32,0
Sanguisorba,Favonius_quercus,0,-3.212578237888309e-34,0
Sanguisorba,Satyrium_acaciae,0,-6.887356361841975e-32,0
Sanguisorba,Satyrium_spini,0,1.4125676783492368e-34,0
Sanguisorba,Satyrium_ilicis,0,1.4774575631847006e-34,0
Sanguisorba,Lampides_boeticus,0,-9.847528688080348e-17,0
Sanguisorba,Celastrina_argiolus,0,8.490028344815188e-34,0
Sanguisorba,Phengaris_arion,0,-4.128117429067608e-38,0
Sanguisorba,Phengaris_teleius,1,1.1069797841055405e-30,0
Sanguisorba,Phengaris_nausithous,1,1.1069835323113602e-30,0
Sanguisorba,Scolitantides_orion,0,1.4107989694897228e-37,0
Sanguisorba,Iolana_iolas,0,-9.847528688080348e-17,0
Sanguisorba,Glaucopsyche_alexis,0,-9.791320021021039e-17,0
Sanguisorba,Pseudophilotes_baton,0,1.7221520710568111e-37,0
Sanguisorba,Leptotes_pirithous,0,8.738028845715183e-17,0
Sanguisorba,Cupido_argiades,0,7.467685739351858e-16,0
Sanguisorba,Cupido_alcetas,0,2.267526630938937e-16,0
Sanguisorba,Cupido_osiris,0,-3.5658545540607317e-16,0
Sanguisorba,Cupido_minimus,0,-7.236635676006656e-16,0
Sanguisorba,Plebejus_argus,0,-5.148649153759059e-18,0
Sanguisorba,Plebejus_idas,0,-1.6957252836296887e-16,0
Sanguisorba,Plebejus_argyrognomon,0,8.551464658474663e-17,0
Sanguisorba,Cyaniris_semiargus,0,1.9762473257330148e-16,0
Sanguisorba,Aricia_nicias,0,-1.145720151964761e-17,0
Sanguisorba,Aricia_artaxerxes,0,-6.884076116060009e-17,0
Sanguisorba,Aricia_agestis,0,-6.692380962595899e-17,0
Sanguisorba,Polyommatus_escheri,0,-5.836781759273434e-16,0
Sanguisorba,Polyommatus_thersites,0,-2.581101685252696e-16,0
Sanguisorba,Polyommatus_amandus,0,1.6174783196865407e-16,0
Sanguisorba,Polyommatus_icarus,0,7.962042201709965e-16,0
Sanguisorba,Polyommatus_eros,0,-8.417883444526132e-16,0
Sanguisorba,Polyommatus_dorylas,0,-1.3998539167332226e-16,0
Sanguisorba,Polyommatus_damon,0,-2.581101685252696e-16,0
Sanguisorba,Neptis_rivularis,0,9.030755795840235e-32,0
Sanguisorba,Limenitis_populi,0,2.1650253413191063e-50,0
Sanguisorba,Limenitis_reducta,0,1.827836558412353e-50,0
Sanguisorba,Limenitis_camilla,0,-1.4486113105114017e-50,0
Sanguisorba,Issoria_lathonia,0,2.144200853524978e-18,0
Sanguisorba,Brenthis_ino,1,7.892409531695312e-31,0
Sanguisorba,Argynnis_paphia,0,2.144200853524978e-18,0
Sanguisorba,Fabriciana_adippe,0,2.144200853524978e-18,0
Sanguisorba,Boloria_pales,0,5.160642638014942e-18,0
Sanguisorba,Boloria_napaea,0,2.144200853524978e-18,0
Sanguisorba,Boloria_aquilonaris,0,1.6274557214127868e-34,0
Sanguisorba,Boloria_selene,0,2.144200853524978e-18,0
Sanguisorba,Boloria_dia,0,2.144200853524978e-18,0
Sanguisorba,Boloria_euphrosyne,0,2.144200853524978e-18,0
Sanguisorba,Boloria_titania,0,2.144200853524978e-18,0
Sanguisorba,Apatura_iris,0,-2.7075145808285145e-51,0
Sanguisorba,Apatura_ilia,0,-9.674570442358739e-51,0
Sanguisorba,Araschnia_levana,0,6.780323925469556e-19,0
Sanguisorba,Vanessa_cardui,0,1.4480711842461157e-18,0
Sanguisorba,Vanessa_atalanta,0,6.780323925469556e-19,0
Sanguisorba,Aglais_io,0,8.063936655715784e-19,0
Sanguisorba,Aglais_urticae,0,6.780323925469556e-19,0
Sanguisorba,Nymphalis_polychloros,0,7.210846617192665e-51,0
Sanguisorba,Nymphalis_antiopa,0,-2.7075145808285145e-51,0
Sanguisorba,Euphydryas_cynthia,0,5.160642638014942e-18,0
Sanguisorba,Euphydryas_intermedia,0,-3.778266998880489e-51,0
Sanguisorba,Melitaea_didyma,0,8.818791050125887e-18,0
Sanguisorba,Melitaea_phoebe,0,9.678395421849358e-19,0
Sanguisorba,Melitaea_cinxia,0,4.652490375142912e-18,0
Sanguisorba,Melitaea_diamina,0,0,0
Sanguisorba,Melitaea_aurelia,0,3.0164417844899668e-18,0
Sanguisorba,Melitaea_varia,0,3.0164417844899668e-18,0
Sanguisorba,Melitaea_parthenoides,0,3.820441409662516e-18,0
Sanguisorba,Melitaea_deione,0,1.1111061620574006e-18,0
Sanguisorba,Melitaea_athalia,0,7.778443177237446e-18,0
Sanguisorba,Melitaea_britomartis,0,4.652490375142912e-18,0
Sanguisorba,Libythea_celtis,0,3.941918012027861e-51,0
Sanguisorba,Lasiommata_maera,0,9.830082571941874e-19,0
Sanguisorba,Lasiommata_petropolitana,0,-1.0051810872410029e-19,0
Sanguisorba,Lasiommata_megera,0,-7.857582406005097e-18,0
Sanguisorba,Lopinga_achine,0,9.741049610690401e-20,0
Sanguisorba,Coenonympha_glycerion,0,-1.384800806159081e-18,0
Sanguisorba,Coenonympha_pamphilus,0,-2.6549282564866277e-18,0
Sanguisorba,Coenonympha_tullia,0,6.550769970603577e-18,0
Sanguisorba,Melanargia_galathea,0,-9.699413710977054e-18,0
Sanguisorba,Hipparchia_statilinus,0,-7.326730487690512e-18,0
Sanguisorba,Hipparchia_fagi,0,-7.857582406005097e-18,0
Sanguisorba,Hipparchia_semele,0,-1.0051810872410029e-19,0
Sanguisorba,Oeneis_glacialis,0,-1.0051810872410029e-19,0
Sanguisorba,Brintesia_circe,0,-7.857582406005097e-18,0
Sanguisorba,Satyrus_ferula,0,-1.0051810872410029e-19,0
Sanguisorba,Hyponephele_lycaon,0,4.3033380959048443e-19,0
Sanguisorba,Aphantopus_hyperantus,0,-7.857582406005097e-18,0
Sanguisorba,Maniola_jurtina,0,-7.857582406005097e-18,0
Sanguisorba,Erebia_nivalis,0,-1.0051810872410029e-19,0
Sanguisorba,Erebia_tyndarus,0,3.845650848511269e-18,0
Sanguisorba,Erebia_christi,0,-1.0051810872410029e-19,0
Sanguisorba,Erebia_pharte,0,6.104006858076101e-18,0
Sanguisorba,Erebia_epiphron,0,-1.0051810872410029e-19,0
Sanguisorba,Erebia_meolans,0,-1.0051810872410029e-19,0
Sanguisorba,Erebia_triarius,0,4.3033380959048443e-19,0
Sanguisorba,Erebia_medusa,0,-7.958100514729202e-18,0
Sanguisorba,Erebia_aethiops,0,6.898317053110426e-19,0
Sanguisorba,Erebia_pandrose,0,-4.062570158309599e-18,0
Sanguisorba,Erebia_flavofasciata,0,-1.0051810872410029e-19,0
Sanguisorba,Erebia_gorge,0,-2.8452696640548384e-18,0
Sanguisorba,Erebia_pluto,0,-2.8452696640548384e-18,0
Sanguisorba,Erebia_sudetica,0,3.374092330475182e-18,0
Sanguisorba,Erebia_melampus,0,5.062951342766028e-18,0
Sanguisorba,Erebia_manto,0,1.0896435900254246e-17,0
Sanguisorba,Erebia_eriphyle,0,1.1146818689042255e-17,0
Sanguisorba,Erebia_euryale,0,8.366435167781452e-18,0
Sanguisorba,Erebia_ligea,0,-9.918706352342738e-19,0
Sanguisorba,Erebia_oeme,0,9.222051510300484e-18,0
Sanguisorba,Erebia_mnestra,0,-4.534128676345684e-18,0
Sanguisorba,Erebia_styx,0,-4.4336105676215916e-18,0
Stachys,Parnassius_mnemosyne,0,0,0
Stachys,Parnassius_apollo,0,0,0
Stachys,Parnassius_phoebus,0,0,0
Stachys,Iphiclides_podalirius,0,-1.628083312886333e-35,0
Stachys,Papilio_machaon,0,-4.4948002677272e-20,0
Stachys,Carcharodus_alceae,0,2.809203244130203e-20,0
Stachys,Spialia_sertorius,0,8.343319713830066e-21,0
Stachys,Erynnis_tages,0,9.57281626842542e-18,0
Stachys,Pyrgus_carthami,0,3.727459627994667e-18,0
Stachys,Pyrgus_malvae,0,6.653733205567628e-18,0
Stachys,Pyrgus_andromedae,0,-1.4977679806154736e-17,0
Stachys,Pyrgus_cacaliae,0,2.4350989986136418e-17,0
Stachys,Pyrgus_serratulae,0,4.368284401930974e-18,0
Stachys,Pyrgus_armoricanus,0,5.828381970388681e-17,0
Stachys,Pyrgus_cirsii,0,2.1888520474783413e-17,0
Stachys,Pyrgus_carlinae,0,-4.3752664483544836e-17,0
Stachys,Pyrgus_alveus,0,-5.734267804903019e-17,0
Stachys,Heteropterus_morpheus,0,-4.009502170636919e-17,0
Stachys,Carterocephalus_palaemon,0,-1.4366144108499152e-17,0
Stachys,Thymelicus_acteon,0,-1.532019114595991e-16,0
Stachys,Thymelicus_sylvestris,0,-2.3158885402456683e-16,0
Stachys,Thymelicus_lineola,0,-4.1982045500754097e-16,0
Stachys,Ochlodes_sylvanus,0,-3.345555441100269e-16,0
Stachys,Hesperia_comma,0,-9.660984099430597e-17,0
Stachys,Gonepteryx_rhamni,0,9.590014070779706e-18,0
Stachys,Colias_alfacariensis,0,2.4444650194147886e-17,0
Stachys,Colias_phicomone,0,-3.7565298395111546e-18,0
Stachys,Colias_palaeno,0,4.696128705127043e-18,0
Stachys,Anthocharis_cardamines,0,-2.542440233079865e-16,0
Stachys,Aporia_crataegi,0,1.0934207352192132e-19,0
Stachys,Pontia_callidice,0,-4.923185822551195e-16,0
Stachys,Pieris_brassicae,0,1.7838102953835e-18,0
Stachys,Pieris_mannii,0,1.4478958190355465e-17,0
Stachys,Pieris_bryoniae,0,-6.46724173319475e-16,0
Stachys,Hamearis_lucina,0,-9.159801905120796e-17,0
Stachys,Lycaena_phlaeas,0,-3.0192547542773162e-18,0
Stachys,Lycaena_virgaureae,0,1.0114363159263203e-19,0
Stachys,Lycaena_helle,0,2.809697683325834e-17,0
Stachys,Lycaena_alciphron,0,4.929490802415209e-18,0
Stachys,Lycaena_dispar,0,4.263329711342611e-18,0
Stachys,Lycaena_hippothoe,0,5.4119945391105186e-18,0
Stachys,Thecla_betulae,0,1.2630077961779387e-18,0
Stachys,Favonius_quercus,0,-1.0034685735801937e-31,0
Stachys,Satyrium_acaciae,0,-1.5186712719963315e-18,0
Stachys,Satyrium_spini,0,-2.024649768923613e-18,0
Stachys,Satyrium_ilicis,0,1.8908340428647463e-18,0
Stachys,Lampides_boeticus,0,-6.78003841129758e-18,0
Stachys,Celastrina_argiolus,0,-6.880036538137172e-21,0
Stachys,Phengaris_arion,0,6.155041349988623e-22,0
Stachys,Phengaris_teleius,0,3.1375968943059686e-20,0
Stachys,Phengaris_nausithous,0,-1.3088102343980914e-19,0
Stachys,Scolitantides_orion,0,-1.923450911369255e-23,0
Stachys,Iolana_iolas,0,-7.781011772658267e-18,0
Stachys,Glaucopsyche_alexis,0,1.072246308917674e-17,0
Stachys,Pseudophilotes_baton,0,-1.2331499577265814e-22,0
Stachys,Leptotes_pirithous,0,-6.840485426582837e-17,0
Stachys,Cupido_argiades,0,-2.055460744420973e-17,0
Stachys,Cupido_alcetas,0,-8.281342359466673e-17,0
Stachys,Cupido_osiris,0,-1.3159804214239662e-17,0
Stachys,Cupido_minimus,0,-3.8915969365107294e-17,0
Stachys,Plebejus_argus,0,-1.1313169532719847e-17,0
Stachys,Plebejus_idas,0,3.5378934590193855e-17,0
Stachys,Plebejus_argyrognomon,0,-1.2615930448788459e-17,0
Stachys,Cyaniris_semiargus,0,4.55559595478107e-17,0
Stachys,Aricia_nicias,0,-8.789404656240283e-18,0
Stachys,Aricia_artaxerxes,0,-6.952689208317786e-17,0
Stachys,Aricia_agestis,0,6.16191263107172e-17,0
Stachys,Polyommatus_escheri,0,2.6142231577346766e-17,0
Stachys,Polyommatus_thersites,0,-2.2823473678928542e-17,0
Stachys,Polyommatus_amandus,0,9.179698691477926e-17,0
Stachys,Polyommatus_icarus,0,-2.626810881108447e-17,0
Stachys,Polyommatus_eros,0,9.822055796522382e-18,0
Stachys,Polyommatus_dorylas,0,-7.663516960587616e-17,0
Stachys,Polyommatus_damon,0,-2.2823473678928542e-17,0
Stachys,Neptis_rivularis,0,-5.592296485070679e-20,0
Stachys,Limenitis_populi,0,3.878712699004653e-40,0
Stachys,Limenitis_reducta,0,-1.2729499199106332e-44,0
Stachys,Limenitis_camilla,0,1.6240132592660786e-41,0
Stachys,Issoria_lathonia,0,-0.037460452594165715,0
Stachys,Brenthis_ino,0,6.8096747628944635e-19,0
Stachys,Argynnis_paphia,0,-0.037460452594165715,0
Stachys,Fabriciana_adippe,0,-0.037460452594165715,0
Stachys,Boloria_pales,0,0.06392765226882753,0
Stachys,Boloria_napaea,0,-0.037460452594165715,0
Stachys,Boloria_aquilonaris,0,5.752595229989707e-19,0
Stachys,Boloria_selene,0,-0.037460452594165715,0
Stachys,Boloria_dia,0,-0.037460452594165715,0
Stachys,Boloria_euphrosyne,0,-0.037460452594165715,0
Stachys,Boloria_titania,0,-0.037460452594165715,0
Stachys,Apatura_iris,0,-4.498477381860493e-40,0
Stachys,Apatura_ilia,0,5.173768413844166e-40,0
Stachys,Araschnia_levana,0,0.008051339622831118,0
Stachys,Vanessa_cardui,0,0.019517504757436948,0
Stachys,Vanessa_atalanta,0,0.008051339622831118,0
Stachys,Aglais_io,0,0.009535786057189221,0
Stachys,Aglais_urticae,0,0.008051339622831118,0
Stachys,Nymphalis_polychloros,0,-3.637649942044243e-41,0
Stachys,Nymphalis_antiopa,0,-4.498477381860493e-40,0
Stachys,Euphydryas_cynthia,0,0.06392765226882753,0
Stachys,Euphydryas_intermedia,0,4.224188947690215e-42,0
Stachys,Melitaea_didyma,1,0.3756611069960825,1
Stachys,Melitaea_phoebe,0,0.035951002911083496,0
Stachys,Melitaea_cinxia,0,0.1765364298342333,1
Stachys,Melitaea_diamina,0,0,0
Stachys,Melitaea_aurelia,0,0.10138810486299327,1
Stachys,Melitaea_varia,0,0.10138810486299327,1
Stachys,Melitaea_parthenoides,0,0.13791091577216863,1
Stachys,Melitaea_deione,0,0.05473507375299785,0
Stachys,Melitaea_athalia,0,0.3290540813015274,1
Stachys,Melitaea_britomartis,0,0.1765364298342333,1
Stachys,Libythea_celtis,0,4.2017777934819625e-40,0
Stachys,Lasiommata_maera,0,-2.0207241142081928e-16,0
Stachys,Lasiommata_petropolitana,0,-1.9412896817495008e-16,0
Stachys,Lasiommata_megera,0,-1.3335039866935136e-16,0
Stachys,Lopinga_achine,0,-1.2418751166926739e-18,0
Stachys,Coenonympha_glycerion,0,-1.8783509422205376e-16,0
Stachys,Coenonympha_pamphilus,0,2.1661793232859486e-17,0
Stachys,Coenonympha_tullia,0,2.1027595275208585e-16,0
Stachys,Melanargia_galathea,0,-2.1083491494679505e-16,0
Stachys,Hipparchia_statilinus,0,-2.0752782671137934e-16,0
Stachys,Hipparchia_fagi,0,-1.3335039866935136e-16,0
Stachys,Hipparchia_semele,0,-1.9412896817495008e-16,0
Stachys,Oeneis_glacialis,0,-1.9412896817495008e-16,0
Stachys,Brintesia_circe,0,-1.3335039866935136e-16,0
Stachys,Satyrus_ferula,0,-1.9412896817495008e-16,0
Stachys,Hyponephele_lycaon,0,-2.288300810794209e-16,0
Stachys,Aphantopus_hyperantus,0,-1.3335039866935136e-16,0
Stachys,Maniola_jurtina,0,-1.3335039866935136e-16,0
Stachys,Erebia_nivalis,0,-1.9412896817495008e-16,0
Stachys,Erebia_tyndarus,0,2.922005578114812e-18,0
Stachys,Erebia_christi,0,-1.9412896817495008e-16,0
Stachys,Erebia_pharte,0,6.947379213551265e-17,0
Stachys,Erebia_epiphron,0,-1.9412896817495008e-16,0
Stachys,Erebia_meolans,0,-1.9412896817495008e-16,0
Stachys,Erebia_triarius,0,-2.288300810794209e-16,0
Stachys,Erebia_medusa,0,-3.6218020745922197e-16,0
Stachys,Erebia_aethiops,0,2.687076332878718e-16,0
Stachys,Erebia_pandrose,0,-2.6397698234607495e-17,0
Stachys,Erebia_flavofasciata,0,-1.9412896817495008e-16,0
Stachys,Erebia_gorge,0,5.1518491958006124e-17,0
Stachys,Erebia_pluto,0,5.1518491958006124e-17,0
Stachys,Erebia_sudetica,0,-4.65999508439829e-17,0
Stachys,Erebia_melampus,0,9.647744918731808e-17,0
Stachys,Erebia_manto,0,5.005006518212694e-16,0
Stachys,Erebia_eriphyle,0,4.598356912781127e-16,0
Stachys,Erebia_euryale,0,7.556445017594514e-16,0
Stachys,Erebia_ligea,0,4.2142934792084546e-16,0
Stachys,Erebia_oeme,0,4.3056310789492805e-16,0
Stachys,Erebia_mnestra,0,-9.487959934562256e-17,0
Stachys,Erebia_styx,0,1.1062062467911056e-16,0
Lotus,Parnassius_mnemosyne,0,0,0
Lotus,Parnassius_apollo,0,0,0
Lotus,Parnassius_phoebus,0,0,0
Lotus,Iphiclides_podalirius,0,7.514847789605395e-16,0
Lotus,Papilio_machaon,0,-8.525471407594784e-17,0
Lotus,Carcharodus_alceae,0,2.4730878181176214e-16,0
Lotus,Spialia_sertorius,0,7.583323153172696e-16,0
Lotus,Erynnis_tages,1,0.6962287495538962,1
Lotus,Pyrgus_carthami,0,-0.052593306718290656,0
Lotus,Pyrgus_malvae,0,-0.05259330671829087,0
Lotus,Pyrgus_andromedae,0,-0.05259330671829111,0
Lotus,Pyrgus_cacaliae,0,-0.052593306718290794,0
Lotus,Pyrgus_serratulae,0,-0.05841319486166567,0
Lotus,Pyrgus_armoricanus,0,-0.015220455274768056,0
Lotus,Pyrgus_cirsii,0,-0.052593306718290815,0
Lotus,Pyrgus_carlinae,0,-0.007908316320060275,0
Lotus,Pyrgus_alveus,0,-0.00790831632006036,0
Lotus,Heteropterus_morpheus,0,-1.4102148005708382e-17,0
Lotus,Carterocephalus_palaemon,0,2.0585241723819638e-17,0
Lotus,Thymelicus_acteon,0,-8.675254631448271e-17,0
Lotus,Thymelicus_sylvestris,0,-2.178695170796258e-16,0
Lotus,Thymelicus_lineola,0,-1.7442750389138442e-16,0
Lotus,Ochlodes_sylvanus,0,-3.62552874606373e-16,0
Lotus,Hesperia_comma,0,8.637467168934723e-19,0
Lotus,Gonepteryx_rhamni,0,-1.3982763346717053e-22,0
Lotus,Colias_alfacariensis,0,0.32690328992255585,1
Lotus,Colias_phicomone,1,0.50036528475634,1
Lotus,Colias_palaeno,0,3.2913149266623052e-25,0
Lotus,Anthocharis_cardamines,0,-4.102868164775087e-18,0
Lotus,Aporia_crataegi,0,-2.3092636120503873e-16,0
Lotus,Pontia_callidice,0,-7.479018519932561e-18,0
Lotus,Pieris_brassicae,0,-8.818095498030433e-28,0
Lotus,Pieris_mannii,0,0.06842260983776757,1
Lotus,Pieris_bryoniae,0,-1.158188669118394e-17,0
Lotus,Hamearis_lucina,0,-1.2168781573285992e-28,0
Lotus,Lycaena_phlaeas,0,-1.830858540512561e-33,0
Lotus,Lycaena_virgaureae,0,-2.9423227680287447e-32,0
Lotus,Lycaena_helle,0,-1.8170971847328689e-32,0
Lotus,Lycaena_alciphron,0,-4.0212347225477184e-32,0
Lotus,Lycaena_dispar,0,2.818011651384947e-33,0
Lotus,Lycaena_hippothoe,0,9.618279738785703e-33,0
Lotus,Thecla_betulae,0,-7.931139762907744e-16,0
Lotus,Favonius_quercus,0,-2.9396311895669358e-33,0
Lotus,Satyrium_acaciae,0,-7.931139762907744e-16,0
Lotus,Satyrium_spini,0,-4.6031554117401335e-25,0
Lotus,Satyrium_ilicis,0,4.901337212697884e-34,0
Lotus,Lampides_boeticus,0,0.03492306266878635,0
Lotus,Celastrina_argiolus,0,-6.329465838319017e-25,0
Lotus,Phengaris_arion,0,-2.3329387301706336e-33,0
Lotus,Phengaris_teleius,0,7.124253034505722e-16,0
Lotus,Phengaris_nausithous,0,7.124253034505722e-16,0
Lotus,Scolitantides_orion,0,-1.549194866191005e-33,0
Lotus,Iolana_iolas,0,0.03492306266878635,0
Lotus,Glaucopsyche_alexis,0,0.17930654965039283,1
Lotus,Pseudophilotes_baton,0,-1.7963353940171638e-33,0
Lotus,Leptotes_pirithous,0,0.13818818648641487,1
Lotus,Cupido_argiades,1,0.8236171889562849,1
Lotus,Cupido_alcetas,0,0.23335604798025913,1
Lotus,Cupido_osiris,0,0.012779081969404669,0
Lotus,Cupido_minimus,0,-0.14529578362270165,0
Lotus,Plebejus_argus,0,0.244147425360997,1
Lotus,Plebejus_idas,1,1.1803091489273916,1
Lotus,Plebejus_argyrognomon,0,0.12744085495978907,1
Lotus,Cyaniris_semiargus,0,0.2153486157924671,1
Lotus,Aricia_nicias,0,-0.002153678760298402,0
Lotus,Aricia_artaxerxes,0,0.042531311637932036,0
Lotus,Aricia_agestis,0,0.043192739586897615,0
Lotus,Polyommatus_escheri,0,-0.15940747839765296,0
Lotus,Polyommatus_thersites,0,-0.02214398069938161,0
Lotus,Polyommatus_amandus,0,0.11831468818413832,1
Lotus,Polyommatus_icarus,1,0.931196580898493,1
Lotus,Polyommatus_eros,0,-0.1815514590970348,0
Lotus,Polyommatus_dorylas,0,0.014111694774951358,0
Lotus,Polyommatus_damon,0,-0.02214398069938161,0
Lotus,Neptis_rivularis,0,-1.2400919259018935e-16,0
Lotus,Limenitis_populi,0,-2.3223025591739005e-46,0
Lotus,Limenitis_reducta,0,-1.9606166920548707e-46,0
Lotus,Limenitis_camilla,0,1.5538460746655218e-46,0
Lotus,Issoria_lathonia,0,-8.691921336455132e-18,0
Lotus,Brenthis_ino,0,2.5832325880989957e-16,0
Lotus,Argynnis_paphia,0,-8.691921336455132e-18,0
Lotus,Fabriciana_adippe,0,-8.691921336455132e-18,0
Lotus,Boloria_pales,0,-2.32662033065896e-17,0
Lotus,Boloria_napaea,0,-8.691921336455132e-18,0
Lotus,Boloria_aquilonaris,0,9.33547313932513e-26,0
Lotus,Boloria_selene,0,-8.691921336455132e-18,0
Lotus,Boloria_dia,0,-8.691921336455132e-18,0
Lotus,Boloria_euphrosyne,0,-8.691921336455132e-18,0
Lotus,Boloria_titania,0,-8.691921336455132e-18,0
Lotus,Apatura_iris,0,2.9041851874976094e-47,0
Lotus,Apatura_ilia,0,1.037740185824119e-46,0
Lotus,Araschnia_levana,0,-1.2992726036583108e-17,0
Lotus,Vanessa_cardui,0,-2.717069712557562e-17,0
Lotus,Vanessa_atalanta,0,-1.2992726036583108e-17,0
Lotus,Aglais_io,0,-1.545850554928664e-17,0
Lotus,Aglais_urticae,0,-1.2992726036583108e-17,0
Lotus,Nymphalis_polychloros,0,-7.734681632850518e-47,0
Lotus,Nymphalis_antiopa,0,2.9041851874976094e-47,0
Lotus,Euphydryas_cynthia,0,-2.32662033065896e-17,0
Lotus,Euphydryas_intermedia,0,4.052740236116051e-47,0
Lotus,Melitaea_didyma,0,-4.5580713514935314e-17,0
Lotus,Melitaea_phoebe,0,-9.812519036270955e-18,0
Lotus,Melitaea_cinxia,0,-2.2893116177260323e-17,0
Lotus,Melitaea_diamina,0,0,0
Lotus,Melitaea_aurelia,0,-1.4574281970134633e-17,0
Lotus,Melitaea_varia,0,-1.4574281970134633e-17,0
Lotus,Melitaea_parthenoides,0,-1.8780780304319067e-17,0
Lotus,Melitaea_deione,0,-5.8147958673976415e-18,0
Lotus,Melitaea_athalia,0,-3.902873413208388e-17,0
Lotus,Melitaea_britomartis,0,-2.2893116177260323e-17,0
Lotus,Libythea_celtis,0,-4.228263287161857e-47,0
Lotus,Lasiommata_maera,0,8.13133284018107e-17,0
Lotus,Lasiommata_petropolitana,0,5.840788150983552e-17,0
Lotus,Lasiommata_megera,0,-9.114017714759274e-17,0
Lotus,Lopinga_achine,0,-5.81249169136386e-17,0
Lotus,Coenonympha_glycerion,0,-2.0234139324015742e-17,0
Lotus,Coenonympha_pamphilus,0,-9.466081420877452e-17,0
Lotus,Coenonympha_tullia,0,2.8769431345218803e-17,0
Lotus,Melanargia_galathea,0,-1.471350156301506e-16,0
Lotus,Hipparchia_statilinus,0,-5.972216165200304e-17,0
Lotus,Hipparchia_fagi,0,-9.114017714759274e-17,0
Lotus,Hipparchia_semele,0,5.840788150983552e-17,0
Lotus,Oeneis_glacialis,0,5.840788150983552e-17,0
Lotus,Brintesia_circe,0,-9.114017714759274e-17,0
Lotus,Satyrus_ferula,0,5.840788150983552e-17,0
Lotus,Hyponephele_lycaon,0,8.982589700548283e-17,0
Lotus,Aphantopus_hyperantus,0,-9.114017714759274e-17,0
Lotus,Maniola_jurtina,0,-9.114017714759274e-17,0
Lotus,Erebia_nivalis,0,5.840788150983552e-17,0
Lotus,Erebia_tyndarus,0,2.1486565246298785e-17,0
Lotus,Erebia_christi,0,5.840788150983552e-17,0
Lotus,Erebia_pharte,0,8.021551263321964e-17,0
Lotus,Erebia_epiphron,0,5.840788150983552e-17,0
Lotus,Erebia_meolans,0,5.840788150983552e-17,0
Lotus,Erebia_triarius,0,8.982589700548283e-17,0
Lotus,Erebia_medusa,0,-3.273229563770474e-17,0
Lotus,Erebia_aethiops,0,-2.157119315389708e-16,0
Lotus,Erebia_pandrose,0,6.657254517681644e-17,0
Lotus,Erebia_flavofasciata,0,5.840788150983552e-17,0
Lotus,Erebia_gorge,0,4.904553978534567e-17,0
Lotus,Erebia_pluto,0,4.904553978534567e-17,0
Lotus,Erebia_sudetica,0,2.110142610798614e-17,0
Lotus,Erebia_melampus,0,3.9595598547794946e-18,0
Lotus,Erebia_manto,0,-3.302582967016861e-17,0
Lotus,Erebia_eriphyle,0,-1.801404184801849e-17,0
Lotus,Erebia_euryale,0,-6.254233067268503e-17,0
Lotus,Erebia_ligea,0,-1.5582914496912414e-17,0
Lotus,Erebia_oeme,0,-2.808302567619803e-17,0
Lotus,Erebia_mnestra,0,6.618740603852423e-17,0
Lotus,Erebia_styx,0,7.779524528552776e-18,0
Iberis,Parnassius_mnemosyne,0,0,0
Iberis,Parnassius_apollo,0,0,0
Iberis,Parnassius_phoebus,0,0,0
Iberis,Iphiclides_podalirius,0,1.1409536469892196e-16,0
Iberis,Papilio_machaon,0,1.1874956311064136e-18,0
Iberis,Carcharodus_alceae,0,2.524912069902535e-16,0
Iberis,Spialia_sertorius,0,2.0293546438274472e-16,0
Iberis,Erynnis_tages,1,0.4682052008190727,1
Iberis,Pyrgus_carthami,0,-0.04460421952198827,0
Iberis,Pyrgus_malvae,0,-0.044604219521988356,0
Iberis,Pyrgus_andromedae,0,-0.0446042195219883,0
Iberis,Pyrgus_cacaliae,0,-0.0446042195219883,0
Iberis,Pyrgus_serratulae,0,-0.05223204515955511,0
Iberis,Pyrgus_armoricanus,0,-0.008810699983533002,0
Iberis,Pyrgus_cirsii,0,-0.04460421952198836,0
Iberis,Pyrgus_carlinae,0,-0.007177386319747801,0
Iberis,Pyrgus_alveus,0,-0.0071773863197477465,0
Iberis,Heteropterus_morpheus,0,-8.049546748284989e-18,0
Iberis,Carterocephalus_palaemon,0,6.043877206716325e-17,0
Iberis,Thymelicus_acteon,0,1.6118230584749777e-16,0
Iberis,Thymelicus_sylvestris,0,6.777964254557671e-17,0
Iberis,Thymelicus_lineola,0,-1.1998920431361293e-17,0
Iberis,Ochlodes_sylvanus,0,1.184441780583029e-16,0
Iberis,Hesperia_comma,0,-9.718588024587518e-17,0
Iberis,Gonepteryx_rhamni,0,9.437535300278575e-22,0
Iberis,Colias_alfacariensis,0,0.3256637591571676,1
Iberis,Colias_phicomone,0,0.23841458076199193,1
Iberis,Colias_palaeno,0,-2.553937586015139e-24,0
Iberis,Anthocharis_cardamines,0,4.088656038604397e-18,0
Iberis,Aporia_crataegi,0,-1.7694234683060245e-18,0
Iberis,Pontia_callidice,0,7.453111741748625e-18,0
Iberis,Pieris_brassicae,0,6.740211171029665e-27,0
Iberis,Pieris_mannii,1,0.0741188318241375,1
Iberis,Pieris_bryoniae,0,1.1541767828368693e-17,0
Iberis,Hamearis_lucina,0,9.289180415670043e-28,0
Iberis,Lycaena_phlaeas,0,5.495847083765379e-32,0
Iberis,Lycaena_virgaureae,0,-1.2249407098155136e-31,0
Iberis,Lycaena_helle,0,-1.237078774902312e-32,0
Iberis,Lycaena_alciphron,0,-7.106850485241567e-32,0
Iberis,Lycaena_dispar,0,-7.126743589574679e-32,0
Iberis,Lycaena_hippothoe,0,-5.756580943445307e-32,0
Iberis,Thecla_betulae,0,-1.3030875698565938e-16,0
Iberis,Favonius_quercus,0,-1.294558946051669e-33,0
Iberis,Satyrium_acaciae,0,-1.3030875698565938e-16,0
Iberis,Satyrium_spini,0,2.9653257963139634e-24,0
Iberis,Satyrium_ilicis,0,1.4898574382577357e-34,0
Iberis,Lampides_boeticus,0,-0.013949886669108028,0
Iberis,Celastrina_argiolus,0,4.0577185299723985e-24,0
Iberis,Phengaris_arion,0,2.321240464856889e-33,0
Iberis,Phengaris_teleius,0,1.1128203417118798e-16,0
Iberis,Phengaris_nausithous,0,1.1128203417118798e-16,0
Iberis,Scolitantides_orion,0,1.5437985649442106e-33,0
Iberis,Iolana_iolas,0,-0.013949886669108028,0
Iberis,Glaucopsyche_alexis,0,-0.09198777367485791,0
Iberis,Pseudophilotes_baton,0,1.7902501116614617e-33,0
Iberis,Leptotes_pirithous,0,-0.02258083803073013,0
Iberis,Cupido_argiades,0,0.009754759021847954,0
Iberis,Cupido_alcetas,0,0.17239246008514922,1
Iberis,Cupido_osiris,0,-0.06401903758832286,0
Iberis,Cupido_minimus,0,-0.036501505846017863,0
Iberis,Plebejus_argus,0,0.20741880412646468,1
Iberis,Plebejus_idas,0,0.09623349920454266,1
Iberis,Plebejus_argyrognomon,0,0.15567178823294345,1
Iberis,Cyaniris_semiargus,0,-0.03346989991248265,0
Iberis,Aricia_nicias,0,0.0073465592124963295,0
Iberis,Aricia_artaxerxes,0,0.04477339241473698,0
Iberis,Aricia_agestis,0,0.04342134517602224,0
Iberis,Polyommatus_escheri,0,-0.03313295587044313,0
Iberis,Polyommatus_thersites,0,-0.050069150919214794,0
Iberis,Polyommatus_amandus,0,0.01807208802052684,0
Iberis,Polyommatus_icarus,0,-0.04795668041579149,0
Iberis,Polyommatus_eros,0,-0.08320210678965807,0
Iberis,Polyommatus_dorylas,0,-0.003368549975574742,0
Iberis,Polyommatus_damon,0,-0.050069150919214794,0
Iberis,Neptis_rivularis,0,-1.1373579578209883e-16,0
Iberis,Limenitis_populi,0,2.3142582014895336e-46,0
Iberis,Limenitis_reducta,0,1.953825203501709e-46,0
Iberis,Limenitis_camilla,0,-1.548463618163479e-46,0
Iberis,Issoria_lathonia,0,6.050856168528061e-17,0
Iberis,Brenthis_ino,0,8.75837452141059e-17,0
Iberis,Argynnis_paphia,0,6.050856168528061e-17,0
Iberis,Fabriciana_adippe,0,6.050856168528061e-17,0
Iberis,Boloria_pales,0,1.2579814148201366e-16,0
Iberis,Boloria_napaea,0,6.050856168528061e-17,0
Iberis,Boloria_aquilonaris,0,-7.118559858705598e-25,0
Iberis,Boloria_selene,0,6.050856168528061e-17,0
Iberis,Boloria_dia,0,6.050856168528061e-17,0
Iberis,Boloria_euphrosyne,0,6.050856168528061e-17,0
Iberis,Boloria_titania,0,6.050856168528061e-17,0
Iberis,Apatura_iris,0,-2.894125205570842e-47,0
Iberis,Apatura_ilia,0,-1.0341454990340566e-46,0
Iberis,Araschnia_levana,0,1.660893616818456e-17,0
Iberis,Vanessa_cardui,0,3.516225820416286e-17,0
Iberis,Vanessa_atalanta,0,1.660893616818456e-17,0
Iberis,Aglais_io,0,1.9758628725309356e-17,0
Iberis,Aglais_urticae,0,1.660893616818456e-17,0
Iberis,Nymphalis_polychloros,0,7.707889026225903e-47,0
Iberis,Nymphalis_antiopa,0,-2.894125205570842e-47,0
Iberis,Euphydryas_cynthia,0,1.2579814148201366e-16,0
Iberis,Euphydryas_intermedia,0,-4.0387017168631045e-47,0
Iberis,Melitaea_didyma,0,1.8033314778189463e-16,0
Iberis,Melitaea_phoebe,0,2.0477703982377865e-17,0
Iberis,Melitaea_cinxia,0,9.808627632672125e-17,0
Iberis,Melitaea_diamina,0,0,0
Iberis,Melitaea_aurelia,0,6.528957979673421e-17,0
Iberis,Melitaea_varia,0,6.528957979673421e-17,0
Iberis,Melitaea_parthenoides,0,8.143515188797989e-17,0
Iberis,Melitaea_deione,0,2.177688542970342e-17,0
Iberis,Melitaea_athalia,0,1.5958092100441008e-16,0
Iberis,Melitaea_britomartis,0,9.808627632672125e-17,0
Iberis,Libythea_celtis,0,4.2136167557171653e-47,0
Iberis,Lasiommata_maera,0,1.666051412442396e-17,0
Iberis,Lasiommata_petropolitana,0,-1.3549828518681883e-17,0
Iberis,Lasiommata_megera,0,-2.670454650943915e-17,0
Iberis,Lopinga_achine,0,6.491834889621158e-17,0
Iberis,Coenonympha_glycerion,0,1.1964113052731346e-16,0
Iberis,Coenonympha_pamphilus,0,-1.5431985781260905e-16,0
Iberis,Coenonympha_tullia,0,5.804455481737343e-17,0
Iberis,Melanargia_galathea,0,2.778567364440944e-17,0
Iberis,Hipparchia_statilinus,0,-3.8076146270905203e-19,0
Iberis,Hipparchia_fagi,0,-2.670454650943915e-17,0
Iberis,Hipparchia_semele,0,-1.3549828518681883e-17,0
Iberis,Oeneis_glacialis,0,-1.3549828518681883e-17,0
Iberis,Brintesia_circe,0,-2.670454650943915e-17,0
Iberis,Satyrus_ferula,0,-1.3549828518681883e-17,0
Iberis,Hyponephele_lycaon,0,1.2773956527637257e-17,0
Iberis,Aphantopus_hyperantus,0,-2.670454650943915e-17,0
Iberis,Maniola_jurtina,0,-2.670454650943915e-17,0
Iberis,Erebia_nivalis,0,-1.3549828518681883e-17,0
Iberis,Erebia_tyndarus,0,-7.169443867911751e-17,0
Iberis,Erebia_christi,0,-1.3549828518681883e-17,0
Iberis,Erebia_pharte,0,1.3913440827916574e-20,0
Iberis,Erebia_epiphron,0,-1.3549828518681883e-17,0
Iberis,Erebia_meolans,0,-1.3549828518681883e-17,0
Iberis,Erebia_triarius,0,1.2773956527637257e-17,0
Iberis,Erebia_medusa,0,-4.025437502848554e-17,0
Iberis,Erebia_aethiops,0,6.609699289045083e-17,0
Iberis,Erebia_pandrose,0,-7.931593918342635e-17,0
Iberis,Erebia_flavofasciata,0,-1.3549828518681883e-17,0
Iberis,Erebia_gorge,0,-7.978522129213572e-17,0
Iberis,Erebia_pluto,0,-7.978522129213572e-17,0
Iberis,Erebia_sudetica,0,-3.500120925172545e-17,0
Iberis,Erebia_melampus,0,-7.216372078750745e-17,0
Iberis,Erebia_manto,0,-8.356920880651044e-18,0
Iberis,Erebia_eriphyle,0,3.923371939728269e-17,0
Iberis,Erebia_euryale,0,-1.702666267801265e-17,0
Iberis,Erebia_ligea,0,6.230184142152778e-17,0
Iberis,Erebia_oeme,0,5.940890456891606e-17,0
Iberis,Erebia_mnestra,0,-4.262270975616653e-17,0
Iberis,Erebia_styx,0,-2.907288123654418e-17,0
Coronilla,Parnassius_mnemosyne,0,0,0
Coronilla,Parnassius_apollo,0,0,0
Coronilla,Parnassius_phoebus,0,0,0
Coronilla,Iphiclides_podalirius,0,1.887361331208516e-16,0
Coronilla,Papilio_machaon,0,8.101724649980055e-18,0
Coronilla,Carcharodus_alceae,0,5.283735872042683e-16,0
Coronilla,Spialia_sertorius,0,3.827152742453779e-16,0
Coronilla,Erynnis_tages,1,0.9662614200613896,1
Coronilla,Pyrgus_carthami,0,-0.09200290235624836,0
Coronilla,Pyrgus_malvae,0,-0.09200290235624853,0
Coronilla,Pyrgus_andromedae,0,-0.0920029023562484,0
Coronilla,Pyrgus_cacaliae,0,-0.09200290235624842,0
Coronilla,Pyrgus_serratulae,0,-0.10805555556885309,0
Coronilla,Pyrgus_armoricanus,0,-0.01514611149528749,0
Coronilla,Pyrgus_cirsii,0,-0.09200290235624856,0
Coronilla,Pyrgus_carlinae,0,-0.01232042684796645,0
Coronilla,Pyrgus_alveus,0,-0.012320426847966325,0
Coronilla,Heteropterus_morpheus,0,-7.936136390000023e-18,0
Coronilla,Carterocephalus_palaemon,0,-3.3702018322033306e-17,0
Coronilla,Thymelicus_acteon,0,8.703427154813618e-17,0
Coronilla,Thymelicus_sylvestris,0,1.2193979484771901e-17,0
Coronilla,Thymelicus_lineola,0,1.0783991038536151e-17,0
Coronilla,Ochlodes_sylvanus,0,4.0498221000165416e-16,0
Coronilla,Hesperia_comma,0,-4.522321863553192e-18,0
Coronilla,Gonepteryx_rhamni,0,2.0572830178784546e-21,0
Coronilla,Colias_alfacariensis,1,0.6831487768686573,1
Coronilla,Colias_phicomone,0,0.4824992075793739,1
Coronilla,Colias_palaeno,0,-5.563463868573718e-24,0
Coronilla,Anthocharis_cardamines,0,8.41780668463931e-19,0
Coronilla,Aporia_crataegi,0,1.751263547695106e-17,0
Coronilla,Pontia_callidice,0,1.5344618911793757e-18,0
Coronilla,Pieris_brassicae,0,1.468368078848727e-26,0
Coronilla,Pieris_mannii,0,0.15567178823294342,1
Coronilla,Pieris_bryoniae,0,2.376242664262305e-18,0
Coronilla,Hamearis_lucina,0,2.023794584002532e-27,0
Coronilla,Lycaena_phlaeas,0,2.0515253738163286e-31,0
Coronilla,Lycaena_virgaureae,0,6.837498856145904e-34,0
Coronilla,Lycaena_helle,0,3.1148754733254886e-32,0
Coronilla,Lycaena_alciphron,0,6.595816923141937e-32,0
Coronilla,Lycaena_dispar,0,7.43484519748527e-34,0
Coronilla,Lycaena_hippothoe,0,1.0082671160802973e-32,0
Coronilla,Thecla_betulae,0,-2.2381168287863595e-16,0
Coronilla,Favonius_quercus,0,1.176482297600392e-33,0
Coronilla,Satyrium_acaciae,0,-2.2381168287863595e-16,0
Coronilla,Satyrium_spini,0,6.465736303815328e-24,0
Coronilla,Satyrium_ilicis,0,9.99794003435069e-33,0
Coronilla,Lampides_boeticus,0,-0.031465278663616196,0
Coronilla,Celastrina_argiolus,0,8.847879822826566e-24,0
Coronilla,Phengaris_arion,0,4.824592790555985e-34,0
Coronilla,Phengaris_teleius,0,1.875148845431171e-16,0
Coronilla,Phengaris_nausithous,0,1.875148845431171e-16,0
Coronilla,Scolitantides_orion,0,3.177473129312962e-34,0
Coronilla,Iolana_iolas,0,-0.031465278663616196,0
Coronilla,Glaucopsyche_alexis,0,-0.20916016038385996,0
Coronilla,Pseudophilotes_baton,0,3.678686606092598e-34,0
Coronilla,Leptotes_pirithous,0,-0.05801138086491523,0
Coronilla,Cupido_argiades,0,-0.03567848829643646,0
Coronilla,Cupido_alcetas,1,0.35654882943769833,1
Coronilla,Cupido_osiris,0,-0.13627680929450928,0
Coronilla,Cupido_minimus,0,-0.06410553998222372,0
Coronilla,Plebejus_argus,0,0.4347408281278667,1
Coronilla,Plebejus_idas,0,0.13830417821894006,1
Coronilla,Plebejus_argyrognomon,1,0.32809042424907264,1
Coronilla,Cyaniris_semiargus,0,-0.08722911869188495,0
Coronilla,Aricia_nicias,0,0.016216880644249622,0
Coronilla,Aricia_artaxerxes,0,0.09589935615253194,1
Coronilla,Aricia_agestis,0,0.09290944407356588,1
Coronilla,Polyommatus_escheri,0,-0.057134065638689044,0
Coronilla,Polyommatus_thersites,0,-0.10481153063089298,0
Coronilla,Polyommatus_amandus,0,0.030446638266985536,0
Coronilla,Polyommatus_icarus,0,-0.16745737514676667,0
Coronilla,Polyommatus_eros,0,-0.16194559626958227,0
Coronilla,Polyommatus_dorylas,0,-0.006971474343534705,0
Coronilla,Polyommatus_damon,0,-0.10481153063089298,0
Coronilla,Neptis_rivularis,0,-2.366470061419363e-16,0
Coronilla,Limenitis_populi,0,4.764642292986094e-47,0
Coronilla,Limenitis_reducta,0,4.0225752452440124e-47,0
Coronilla,Limenitis_camilla,0,-3.1880085340867074e-47,0
Coronilla,Issoria_lathonia,0,-1.0835410700511641e-16,0
Coronilla,Brenthis_ino,0,1.6898161555497259e-16,0
Coronilla,Argynnis_paphia,0,-1.0835410700511641e-16,0
Coronilla,Fabriciana_adippe,0,-1.0835410700511641e-16,0
Coronilla,Boloria_pales,0,-1.8655250686860491e-16,0
Coronilla,Boloria_napaea,0,-1.0835410700511641e-16,0
Coronilla,Boloria_aquilonaris,0,-1.5508239977961429e-24,0
Coronilla,Boloria_selene,0,-1.0835410700511641e-16,0
Coronilla,Boloria_dia,0,-1.0835410700511641e-16,0
Coronilla,Boloria_euphrosyne,0,-1.0835410700511641e-16,0
Coronilla,Boloria_titania,0,-1.0835410700511641e-16,0
Coronilla,Apatura_iris,0,-5.958486573998585e-48,0
Coronilla,Apatura_ilia,0,-2.129119605986299e-47,0
Coronilla,Araschnia_levana,0,4.2970318337913715e-17,0
Coronilla,Vanessa_cardui,0,8.871064620705011e-17,0
Coronilla,Vanessa_atalanta,0,4.2970318337913715e-17,0
Coronilla,Aglais_io,0,5.1131704721456684e-17,0
Coronilla,Aglais_urticae,0,4.2970318337913715e-17,0
Coronilla,Nymphalis_polychloros,0,1.5869159254500767e-47,0
Coronilla,Nymphalis_antiopa,0,-5.958486573998585e-48,0
Coronilla,Euphydryas_cynthia,0,-1.8655250686860491e-16,0
Coronilla,Euphydryas_intermedia,0,-8.314961610372525e-48,0
Coronilla,Melitaea_didyma,0,-1.7860581174543085e-16,0
Coronilla,Melitaea_phoebe,0,1.1121285118989957e-17,0
Coronilla,Melitaea_cinxia,0,-1.101854928158343e-16,0
Coronilla,Melitaea_diamina,0,0,0
Coronilla,Melitaea_aurelia,0,-7.819839986348608e-17,0
Coronilla,Melitaea_varia,0,-7.819839986348608e-17,0
Coronilla,Melitaea_parthenoides,0,-9.328105931897287e-17,0
Coronilla,Melitaea_deione,0,-1.9215765183960156e-17,0
Coronilla,Melitaea_athalia,0,-1.6630001373835036e-16,0
Coronilla,Melitaea_britomartis,0,-1.101854928158343e-16,0
Coronilla,Libythea_celtis,0,8.675082581982696e-48,0
Coronilla,Lasiommata_maera,0,-1.3042853956031417e-16,0
Coronilla,Lasiommata_petropolitana,0,-1.06409132412068e-16,0
Coronilla,Lasiommata_megera,0,4.119900734442446e-17,0
Coronilla,Lopinga_achine,0,5.24101552685556e-17,0
Coronilla,Coenonympha_glycerion,0,-5.3591261702410934e-17,0
Coronilla,Coenonympha_pamphilus,0,-5.822089964447711e-18,0
Coronilla,Coenonympha_tullia,0,3.29952219362738e-17,0
Coronilla,Melanargia_galathea,0,7.698731241641935e-17,0
Coronilla,Hipparchia_statilinus,0,7.644550069743881e-18,0
Coronilla,Hipparchia_fagi,0,4.119900734442446e-17,0
Coronilla,Hipparchia_semele,0,-1.06409132412068e-16,0
Coronilla,Oeneis_glacialis,0,-1.06409132412068e-16,0
Coronilla,Brintesia_circe,0,4.119900734442446e-17,0
Coronilla,Satyrus_ferula,0,-1.06409132412068e-16,0
Coronilla,Hyponephele_lycaon,0,-1.3996358968764437e-16,0
Coronilla,Aphantopus_hyperantus,0,4.119900734442446e-17,0
Coronilla,Maniola_jurtina,0,4.119900734442446e-17,0
Coronilla,Erebia_nivalis,0,-1.06409132412068e-16,0
Coronilla,Erebia_tyndarus,0,-9.53030875296246e-17,0
Coronilla,Erebia_christi,0,-1.06409132412068e-16,0
Coronilla,Erebia_pharte,0,-6.249986482417011e-17,0
Coronilla,Erebia_epiphron,0,-1.06409132412068e-16,0
Coronilla,Erebia_meolans,0,-1.06409132412068e-16,0
Coronilla,Erebia_triarius,0,-1.3996358968764437e-16,0
Coronilla,Erebia_medusa,0,-6.521012506843784e-17,0
Coronilla,Erebia_aethiops,0,2.2735256941359553e-16,0
Coronilla,Erebia_pandrose,0,-5.559787205435572e-17,0
Coronilla,Erebia_flavofasciata,0,-1.06409132412068e-16,0
Coronilla,Erebia_gorge,0,-1.5505256379683016e-17,0
Coronilla,Erebia_pluto,0,-1.5505256379683016e-17,0
Coronilla,Erebia_sudetica,0,-1.039248519965924e-16,0
Coronilla,Erebia_melampus,0,-5.5210471854255654e-17,0
Coronilla,Erebia_manto,0,8.648616368151631e-17,0
Coronilla,Erebia_eriphyle,0,5.4393633735280244e-17,0
Coronilla,Erebia_euryale,0,2.177983675478042e-16,0
Coronilla,Erebia_ligea,0,1.551953552272731e-16,0
Coronilla,Erebia_oeme,0,1.6760805762595018e-16,0
Coronilla,Erebia_mnestra,0,-6.42196365216119e-17,0
Coronilla,Erebia_styx,0,4.2189495892506005e-17,0
Hippocrepis,Parnassius_mnemosyne,0,0,0
Hippocrepis,Parnassius_apollo,0,0,0
Hippocrepis,Parnassius_phoebus,0,0,0
Hippocrepis,Iphiclides_podalirius,0,7.924915364810046e-17,0
Hippocrepis,Papilio_machaon,0,-2.7154410627328115e-17,0
Hippocrepis,Carcharodus_alceae,0,5.3722161182047895e-16,0
Hippocrepis,Spialia_sertorius,0,3.578004186106083e-16,0
Hippocrepis,Erynnis_tages,1,1.1659438731450156,1
Hippocrepis,Pyrgus_carthami,0,-0.0646139672740086,0
Hippocrepis,Pyrgus_malvae,0,-0.06461396727400881,0
Hippocrepis,Pyrgus_andromedae,0,-0.0646139672740089,0
Hippocrepis,Pyrgus_cacaliae,0,-0.06461396727400867,0
Hippocrepis,Pyrgus_serratulae,0,-0.07971781980245018,0
Hippocrepis,Pyrgus_armoricanus,0,0.10944021965979946,1
Hippocrepis,Pyrgus_cirsii,0,-0.06461396727400877,0
Hippocrepis,Pyrgus_carlinae,0,0.10484646871373293,1
Hippocrepis,Pyrgus_alveus,0,0.10484646871373308,1
Hippocrepis,Heteropterus_morpheus,0,-9.618149442211543e-17,0
Hippocrepis,Carterocephalus_palaemon,0,2.259697536364293e-17,0
Hippocrepis,Thymelicus_acteon,0,-3.083621453411885e-17,0
Hippocrepis,Thymelicus_sylvestris,0,5.666955791585178e-17,0
Hippocrepis,Thymelicus_lineola,0,4.1504663659161706e-17,0
Hippocrepis,Ochlodes_sylvanus,0,-1.6951934325777716e-16,0
Hippocrepis,Hesperia_comma,0,4.848579060840571e-18,0
Hippocrepis,Gonepteryx_rhamni,0,2.2646404647454764e-21,0
Hippocrepis,Colias_alfacariensis,1,0.7964894672580248,1
Hippocrepis,Colias_phicomone,1,0.6408935496012068,1
Hippocrepis,Colias_palaeno,0,-6.114565080919514e-24,0
Hippocrepis,Anthocharis_cardamines,0,-8.244486965564478e-19,0
Hippocrepis,Aporia_crataegi,0,2.0811669896188012e-16,0
Hippocrepis,Pontia_callidice,0,-1.502867014768675e-18,0
Hippocrepis,Pieris_brassicae,0,1.614065734879116e-26,0
Hippocrepis,Pieris_mannii,0,0.16999197092422436,1
Hippocrepis,Pieris_bryoniae,0,-2.3273155962862964e-18,0
Hippocrepis,Hamearis_lucina,0,2.224665011082245e-27,0
Hippocrepis,Lycaena_phlaeas,0,3.0090324386167304e-31,0
Hippocrepis,Lycaena_virgaureae,0,3.5699355417498434e-32,0
Hippocrepis,Lycaena_helle,0,-4.2382019049788575e-32,0
Hippocrepis,Lycaena_alciphron,0,3.0636033660487193e-32,0
Hippocrepis,Lycaena_dispar,0,5.933213459126248e-32,0
Hippocrepis,Lycaena_hippothoe,0,4.3843020094690716e-32,0
Hippocrepis,Thecla_betulae,0,-2.532337328128801e-16,0
Hippocrepis,Favonius_quercus,0,5.458518777681889e-34,0
Hippocrepis,Satyrium_acaciae,0,-2.532337328128801e-16,0
Hippocrepis,Satyrium_spini,0,7.121576470482418e-24,0
Hippocrepis,Satyrium_ilicis,0,3.855242992361584e-33,0
Hippocrepis,Lampides_boeticus,0,0.02875667761104923,0
Hippocrepis,Celastrina_argiolus,0,9.745947797019033e-24,0
Hippocrepis,Phengaris_arion,0,-4.664522186487442e-34,0
Hippocrepis,Phengaris_teleius,0,1.5220491349615466e-16,0
Hippocrepis,Phengaris_nausithous,0,1.5220491349615466e-16,0
Hippocrepis,Scolitantides_orion,0,-3.113335733026306e-34,0
Hippocrepis,Iolana_iolas,0,0.02875667761104923,0
Hippocrepis,Glaucopsyche_alexis,0,-0.06324075846780033,0
Hippocrepis,Pseudophilotes_baton,0,-3.6126076264481004e-34,0
Hippocrepis,Leptotes_pirithous,0,-0.009319148802018248,0
Hippocrepis,Cupido_argiades,0,0.1480279298495052,1
Hippocrepis,Cupido_alcetas,0,0.38746271783360214,1
Hippocrepis,Cupido_osiris,0,0.012736770093028451,0
Hippocrepis,Cupido_minimus,0,0.12932814087221942,1
Hippocrepis,Plebejus_argus,1,0.6108915506261814,1
Hippocrepis,Plebejus_idas,1,0.9279182490778437,1
Hippocrepis,Plebejus_argyrognomon,0,0.355058352619585,1
Hippocrepis,Cyaniris_semiargus,0,-0.03661801937749965,0
Hippocrepis,Aricia_nicias,0,0.02336363131828877,0
Hippocrepis,Aricia_artaxerxes,0,0.19282406730603074,1
Hippocrepis,Aricia_agestis,0,0.18915803946224993,1
Hippocrepis,Polyommatus_escheri,0,0.07336781796953577,1
Hippocrepis,Polyommatus_thersites,0,-0.01601990751802068,0
Hippocrepis,Polyommatus_amandus,0,0.03338589265587398,0
Hippocrepis,Polyommatus_icarus,0,0.06517029684760986,0
Hippocrepis,Polyommatus_eros,0,0.05734791045151479,0
Hippocrepis,Polyommatus_dorylas,0,0.0559603229026837,0
Hippocrepis,Polyommatus_damon,0,-0.01601990751802068,0
Hippocrepis,Neptis_rivularis,0,-2.245971427382806e-16,0
Hippocrepis,Limenitis_populi,0,-4.666537380711509e-47,0
Hippocrepis,Limenitis_reducta,0,-3.939749898787136e-47,0
Hippocrepis,Limenitis_camilla,0,3.12236702293443e-47,0
Hippocrepis,Issoria_lathonia,0,6.179119371386965e-17,0
Hippocrepis,Brenthis_ino,0,9.528982598793107e-17,0
Hippocrepis,Argynnis_paphia,0,6.179119371386965e-17,0
Hippocrepis,Fabriciana_adippe,0,6.179119371386965e-17,0
Hippocrepis,Boloria_pales,0,7.863305857222181e-17,0
Hippocrepis,Boloria_napaea,0,6.179119371386965e-17,0
Hippocrepis,Boloria_aquilonaris,0,-1.7047614954497773e-24,0
Hippocrepis,Boloria_selene,0,6.179119371386965e-17,0
Hippocrepis,Boloria_dia,0,6.179119371386965e-17,0
Hippocrepis,Boloria_euphrosyne,0,6.179119371386965e-17,0
Hippocrepis,Boloria_titania,0,6.179119371386965e-17,0
Hippocrepis,Apatura_iris,0,5.83579718779638e-48,0
Hippocrepis,Apatura_ilia,0,2.0852811329025923e-47,0
Hippocrepis,Araschnia_levana,0,1.1893718838477861e-17,0
Hippocrepis,Vanessa_cardui,0,2.423880466593507e-17,0
Hippocrepis,Vanessa_atalanta,0,1.1893718838477861e-17,0
Hippocrepis,Aglais_io,0,1.4164975498441652e-17,0
Hippocrepis,Aglais_urticae,0,1.1893718838477861e-17,0
Hippocrepis,Nymphalis_polychloros,0,-1.5542411408118454e-47,0
Hippocrepis,Nymphalis_antiopa,0,5.83579718779638e-48,0
Hippocrepis,Euphydryas_cynthia,0,7.863305857222181e-17,0
Hippocrepis,Euphydryas_intermedia,0,8.143755467190488e-48,0
Hippocrepis,Melitaea_didyma,0,1.2600121780090764e-17,0
Hippocrepis,Melitaea_phoebe,0,4.449132492897986e-18,0
Hippocrepis,Melitaea_cinxia,0,1.6773638852998028e-17,0
Hippocrepis,Melitaea_diamina,0,0,0
Hippocrepis,Melitaea_aurelia,0,1.684186485835486e-17,0
Hippocrepis,Melitaea_varia,0,1.684186485835486e-17,0
Hippocrepis,Melitaea_parthenoides,0,1.6952527519472635e-17,0
Hippocrepis,Melitaea_deione,0,-1.7634778263069587e-18,0
Hippocrepis,Melitaea_athalia,0,1.2547918312171652e-17,0
Hippocrepis,Melitaea_britomartis,0,1.6773638852998028e-17,0
Hippocrepis,Libythea_celtis,0,-8.49645834053135e-48,0
Hippocrepis,Lasiommata_maera,0,6.730931295830049e-17,0
Hippocrepis,Lasiommata_petropolitana,0,6.164574139203194e-17,0
Hippocrepis,Lasiommata_megera,0,1.4189602680121248e-17,0
Hippocrepis,Lopinga_achine,0,-2.8995719394234866e-17,0
Hippocrepis,Coenonympha_glycerion,0,3.535277301485258e-17,0
Hippocrepis,Coenonympha_pamphilus,0,4.172824185763162e-17,0
Hippocrepis,Coenonympha_tullia,0,-4.0060711701906457e-17,0
Hippocrepis,Melanargia_galathea,0,2.3270855927835565e-19,0
Hippocrepis,Hipparchia_statilinus,0,3.033709139086867e-17,0
Hippocrepis,Hipparchia_fagi,0,1.4189602680121248e-17,0
Hippocrepis,Hipparchia_semele,0,6.164574139203194e-17,0
Hippocrepis,Oeneis_glacialis,0,6.164574139203194e-17,0
Hippocrepis,Brintesia_circe,0,1.4189602680121248e-17,0
Hippocrepis,Satyrus_ferula,0,6.164574139203194e-17,0
Hippocrepis,Hyponephele_lycaon,0,7.779323010179372e-17,0
Hippocrepis,Aphantopus_hyperantus,0,1.4189602680121248e-17,0
Hippocrepis,Maniola_jurtina,0,1.4189602680121248e-17,0
Hippocrepis,Erebia_nivalis,0,6.164574139203194e-17,0
Hippocrepis,Erebia_tyndarus,0,5.353538214204703e-17,0
Hippocrepis,Erebia_christi,0,6.164574139203194e-17,0
Hippocrepis,Erebia_pharte,0,1.84604150234339e-17,0
Hippocrepis,Erebia_epiphron,0,6.164574139203194e-17,0
Hippocrepis,Erebia_meolans,0,6.164574139203194e-17,0
Hippocrepis,Erebia_triarius,0,7.779323010179372e-17,0
Hippocrepis,Erebia_medusa,0,7.583534407127904e-17,0
Hippocrepis,Erebia_aethiops,0,-1.0411871121120541e-16,0
Hippocrepis,Erebia_pandrose,0,4.815333460705e-17,0
Hippocrepis,Erebia_flavofasciata,0,6.164574139203194e-17,0
Hippocrepis,Erebia_gorge,0,2.3344424973785267e-17,0
Hippocrepis,Erebia_pluto,0,2.3344424973785267e-17,0
Hippocrepis,Erebia_sudetica,0,5.823895647510152e-17,0
Hippocrepis,Erebia_melampus,0,2.872647250954867e-17,0
Hippocrepis,Erebia_manto,0,-7.140102091497377e-17,0
Hippocrepis,Erebia_eriphyle,0,-5.692736222331765e-17,0
Hippocrepis,Erebia_euryale,0,-1.3288265183286713e-16,0
Hippocrepis,Erebia_ligea,0,-8.325522148442332e-17,0
Hippocrepis,Erebia_oeme,0,-1.239683850707599e-16,0
Hippocrepis,Erebia_mnestra,0,5.285690893978709e-17,0
Hippocrepis,Erebia_styx,0,-8.788832449988877e-18,0
Potentilla,Parnassius_mnemosyne,0,0,0
Potentilla,Parnassius_apollo,0,0,0
Potentilla,Parnassius_phoebus,0,0,0
Potentilla,Iphiclides_podalirius,0,-4.568718045057476e-15,0
Potentilla,Papilio_machaon,0,6.2907096480925e-17,0
Potentilla,Carcharodus_alceae,0,-3.862222295822156e-16,0
Potentilla,Spialia_sertorius,0,-7.436194521216785e-17,0
Potentilla,Erynnis_tages,0,-0.2538143958705385,0
Potentilla,Pyrgus_carthami,1,0.7076432895952889,1
Potentilla,Pyrgus_malvae,1,0.7076432895952893,1
Potentilla,Pyrgus_andromedae,1,0.7076432895952884,1
Potentilla,Pyrgus_cacaliae,1,0.7076432895952887,1
Potentilla,Pyrgus_serratulae,1,0.780429162534715,1
Potentilla,Pyrgus_armoricanus,1,1.2109373236970515,1
Potentilla,Pyrgus_cirsii,1,0.7076432895952878,1
Potentilla,Pyrgus_carlinae,1,1.1025234447155214,1
Potentilla,Pyrgus_alveus,1,1.1025234447155212,1
Potentilla,Heteropterus_morpheus,0,3.533817056627538e-17,0
Potentilla,Carterocephalus_palaemon,0,8.116916448985742e-17,0
Potentilla,Thymelicus_acteon,0,2.4037062569477365e-16,0
Potentilla,Thymelicus_sylvestris,0,-4.0349136109306676e-17,0
Potentilla,Thymelicus_lineola,0,-1.0797505072666458e-16,0
Potentilla,Ochlodes_sylvanus,0,-3.808765332217929e-17,0
Potentilla,Hesperia_comma,0,-8.167933518808199e-17,0
Potentilla,Gonepteryx_rhamni,0,-7.552919633959873e-22,0
Potentilla,Colias_alfacariensis,0,-0.15661686963025878,0
Potentilla,Colias_phicomone,0,-0.11720727399230016,0
Potentilla,Colias_palaeno,0,2.026082570315568e-24,0
Potentilla,Anthocharis_cardamines,0,2.847004848426089e-18,0
Potentilla,Aporia_crataegi,0,2.1133580487300602e-15,0
Potentilla,Pontia_callidice,0,5.189735682250411e-18,0
Potentilla,Pieris_brassicae,0,-5.352008511059128e-27,0
Potentilla,Pieris_mannii,0,-0.04460421952198876,0
Potentilla,Pieris_bryoniae,0,8.036740492466108e-18,0
Potentilla,Hamearis_lucina,0,-7.376944354457382e-28,0
Potentilla,Lycaena_phlaeas,0,-9.580089009456507e-32,0
Potentilla,Lycaena_virgaureae,0,-1.243046580952844e-31,0
Potentilla,Lycaena_helle,0,-2.986118477721503e-32,0
Potentilla,Lycaena_alciphron,0,-9.463942126044634e-32,0
Potentilla,Lycaena_dispar,0,-2.224456134032034e-32,0
Potentilla,Lycaena_hippothoe,0,-1.4518192409197544e-32,0
Potentilla,Thecla_betulae,0,3.9902137392078234e-15,0
Potentilla,Favonius_quercus,0,-2.7087643210439404e-33,0
Potentilla,Satyrium_acaciae,0,3.9902137392078234e-15,0
Potentilla,Satyrium_spini,0,-2.3865641449471813e-24,0
Potentilla,Satyrium_ilicis,0,6.76289333053159e-33,0
Potentilla,Lampides_boeticus,0,-0.016778520091917246,0
Potentilla,Celastrina_argiolus,0,-3.2669929570252886e-24,0
Potentilla,Phengaris_arion,0,1.6169505760431727e-33,0
Potentilla,Phengaris_teleius,0,-6.310217000607742e-17,0
Potentilla,Phengaris_nausithous,0,-6.310217000607742e-17,0
Potentilla,Scolitantides_orion,0,1.0748970917203346e-33,0
Potentilla,Iolana_iolas,0,-0.016778520091917246,0
Potentilla,Glaucopsyche_alexis,0,-0.05369054144227474,0
Potentilla,Pseudophilotes_baton,0,1.2462206871564397e-33,0
Potentilla,Leptotes_pirithous,0,0.004509332475384131,0
Potentilla,Cupido_argiades,0,-0.05910952480176887,0
Potentilla,Cupido_alcetas,0,-0.10542286468427242,0
Potentilla,Cupido_osiris,0,-0.0702580404465972,0
Potentilla,Cupido_minimus,0,-0.16736443259424133,0
Potentilla,Plebejus_argus,0,0.33026618784622314,1
Potentilla,Plebejus_idas,0,0.11371785256164385,1
Potentilla,Plebejus_argyrognomon,0,-0.09200290235624928,0
Potentilla,Cyaniris_semiargus,0,0.007114765332140096,0
Potentilla,Aricia_nicias,0,0.03888353415107012,0
Potentilla,Aricia_artaxerxes,0,0.4337636892713025,1
Potentilla,Aricia_agestis,0,0.43050816116233687,1
Potentilla,Polyommatus_escheri,0,-0.136803599732745,0
Potentilla,Polyommatus_thersites,0,-0.05347952035467966,0
Potentilla,Polyommatus_amandus,0,-0.013609486208631559,0
Potentilla,Polyommatus_icarus,0,-0.036003474265044064,0
Potentilla,Polyommatus_eros,0,-0.19028312008742465,0
Potentilla,Polyommatus_dorylas,0,-0.03056083286149616,0
Potentilla,Polyommatus_damon,0,-0.05347952035467966,0
Potentilla,Neptis_rivularis,0,1.169047165226222e-15,0
Potentilla,Limenitis_populi,0,1.6114595942655933e-46,0
Potentilla,Limenitis_reducta,0,1.3604836082368378e-46,0
Potentilla,Limenitis_camilla,0,-1.0782230483553249e-46,0
Potentilla,Issoria_lathonia,0,9.073520396403475e-18,0
Potentilla,Brenthis_ino,0,9.51375989860199e-16,0
Potentilla,Argynnis_paphia,0,9.073520396403475e-18,0
Potentilla,Fabriciana_adippe,0,9.073520396403475e-18,0
Potentilla,Boloria_pales,0,-4.890394024309406e-17,0
Potentilla,Boloria_napaea,0,9.073520396403475e-18,0
Potentilla,Boloria_aquilonaris,0,5.653605917619988e-25,0
Potentilla,Boloria_selene,0,9.073520396403475e-18,0
Potentilla,Boloria_dia,0,9.073520396403475e-18,0
Potentilla,Boloria_euphrosyne,0,9.073520396403475e-18,0
Potentilla,Boloria_titania,0,9.073520396403475e-18,0
Potentilla,Apatura_iris,0,-2.0152315476664656e-47,0
Potentilla,Apatura_ilia,0,-7.200940812262677e-47,0
Potentilla,Araschnia_levana,0,3.863834331454261e-17,0
Potentilla,Vanessa_cardui,0,7.869792776555514e-17,0
Potentilla,Vanessa_atalanta,0,3.863834331454261e-17,0
Potentilla,Aglais_io,0,4.6001172856485793e-17,0
Potentilla,Aglais_urticae,0,3.863834331454261e-17,0
Potentilla,Nymphalis_polychloros,0,5.367141655926793e-47,0
Potentilla,Nymphalis_antiopa,0,-2.0152315476664656e-47,0
Potentilla,Euphydryas_cynthia,0,-4.890394024309406e-17,0
Potentilla,Euphydryas_intermedia,0,-2.812220594323457e-47,0
Potentilla,Melitaea_didyma,0,-1.9721142779406626e-16,0
Potentilla,Melitaea_phoebe,0,2.8830152103584613e-18,0
Potentilla,Melitaea_cinxia,0,-9.815579761874684e-17,0
Potentilla,Melitaea_diamina,0,0,0
Potentilla,Melitaea_aurelia,0,-5.797746063949852e-17,0
Potentilla,Melitaea_varia,0,-5.797746063949852e-17,0
Potentilla,Melitaea_parthenoides,0,-7.692608262208314e-17,0
Potentilla,Melitaea_deione,0,-2.8454871661378424e-17,0
Potentilla,Melitaea_athalia,0,-1.7851682265775884e-16,0
Potentilla,Melitaea_britomartis,0,-9.815579761874684e-17,0
Potentilla,Libythea_celtis,0,2.9340172203056573e-47,0
Potentilla,Lasiommata_maera,0,8.328766401375485e-17,0
Potentilla,Lasiommata_petropolitana,0,2.1898604041784304e-17,0
Potentilla,Lasiommata_megera,0,-7.330452530319565e-17,0
Potentilla,Lopinga_achine,0,5.419080098647288e-17,0
Potentilla,Coenonympha_glycerion,0,1.438705525879312e-16,0
Potentilla,Coenonympha_pamphilus,0,-1.7850617051756732e-16,0
Potentilla,Coenonympha_tullia,0,1.4613072679537594e-16,0
Potentilla,Melanargia_galathea,0,-4.2012716076220927e-17,0
Potentilla,Hipparchia_statilinus,0,-7.48413550082823e-18,0
Potentilla,Hipparchia_fagi,0,-7.330452530319565e-17,0
Potentilla,Hipparchia_semele,0,2.1898604041784304e-17,0
Potentilla,Oeneis_glacialis,0,2.1898604041784304e-17,0
Potentilla,Brintesia_circe,0,-7.330452530319565e-17,0
Potentilla,Satyrus_ferula,0,2.1898604041784304e-17,0
Potentilla,Hyponephele_lycaon,0,8.771899384447998e-17,0
Potentilla,Aphantopus_hyperantus,0,-7.330452530319565e-17,0
Potentilla,Maniola_jurtina,0,-7.330452530319565e-17,0
Potentilla,Erebia_nivalis,0,2.1898604041784304e-17,0
Potentilla,Erebia_tyndarus,0,-5.177126743158038e-17,0
Potentilla,Erebia_christi,0,2.1898604041784304e-17,0
Potentilla,Erebia_pharte,0,1.1734649332599248e-16,0
Potentilla,Erebia_epiphron,0,2.1898604041784304e-17,0
Potentilla,Erebia_meolans,0,2.1898604041784304e-17,0
Potentilla,Erebia_triarius,0,8.771899384447998e-17,0
Potentilla,Erebia_medusa,0,-5.140592126111991e-17,0
Potentilla,Erebia_aethiops,0,9.548459452884093e-17,0
Potentilla,Erebia_pandrose,0,-8.966729821755078e-18,0
Potentilla,Erebia_flavofasciata,0,2.1898604041784304e-17,0
Potentilla,Erebia_gorge,0,-3.8504970075962086e-18,0
Potentilla,Erebia_pluto,0,-3.8504970075962086e-18,0
Potentilla,Erebia_sudetica,0,-1.9946288581952458e-17,0
Potentilla,Erebia_melampus,0,-4.665503461767774e-17,0
Potentilla,Erebia_manto,0,5.871922947335553e-17,0
Potentilla,Erebia_eriphyle,0,1.0832696726874518e-16,0
Potentilla,Erebia_euryale,0,1.2953096850235554e-16,0
Potentilla,Erebia_ligea,0,1.7022409092120035e-16,0
Potentilla,Erebia_oeme,0,1.566635910543767e-16,0
Potentilla,Erebia_mnestra,0,2.2858249027979133e-17,0
Potentilla,Erebia_styx,0,9.596449854423012e-19,0
Rubus,Parnassius_mnemosyne,0,0,0
Rubus,Parnassius_apollo,0,0,0
Rubus,Parnassius_phoebus,0,0,0
Rubus,Iphiclides_podalirius,0,2.3147682843760064e-39,0
Rubus,Papilio_machaon,0,2.063678497044866e-32,0
Rubus,Carcharodus_alceae,0,3.527102319059898e-33,0
Rubus,Spialia_sertorius,0,4.002786914060986e-33,0
Rubus,Erynnis_tages,0,4.071133384504863e-21,0
Rubus,Pyrgus_carthami,0,-5.95151171813608e-22,0
Rubus,Pyrgus_malvae,0,-5.951511717623266e-22,0
Rubus,Pyrgus_andromedae,0,-5.951511717748699e-22,0
Rubus,Pyrgus_cacaliae,0,-5.951511717960281e-22,0
Rubus,Pyrgus_serratulae,0,-7.045038894156884e-22,0
Rubus,Pyrgus_armoricanus,0,-5.749370793064662e-23,0
Rubus,Pyrgus_cirsii,0,-5.951511717127028e-22,0
Rubus,Pyrgus_carlinae,0,-4.860577164519235e-23,0
Rubus,Pyrgus_alveus,0,-4.8605771599883984e-23,0
Rubus,Heteropterus_morpheus,0,-7.850431430176171e-18,0
Rubus,Carterocephalus_palaemon,0,-2.599443575225038e-17,0
Rubus,Thymelicus_acteon,0,3.179729937493498e-17,0
Rubus,Thymelicus_sylvestris,0,-1.5307058736342308e-17,0
Rubus,Thymelicus_lineola,0,1.1406112994986817e-19,0
Rubus,Ochlodes_sylvanus,0,5.4818893489773675e-17,0
Rubus,Hesperia_comma,0,9.123834479235098e-18,0
Rubus,Gonepteryx_rhamni,0,-5.565671210358484e-32,0
Rubus,Colias_alfacariensis,0,3.422335867556555e-21,0
Rubus,Colias_phicomone,0,1.692784227318813e-21,0
Rubus,Colias_palaeno,0,-6.837259897047499e-33,0
Rubus,Anthocharis_cardamines,0,7.631057893499455e-17,0
Rubus,Aporia_crataegi,0,7.253904738804465e-34,0
Rubus,Pontia_callidice,0,1.391046966001774e-16,0
Rubus,Pieris_brassicae,0,8.635725674527402e-33,0
Rubus,Pieris_mannii,0,7.482145373573288e-22,0
Rubus,Pieris_bryoniae,0,2.1541527553517206e-16,0
Rubus,Hamearis_lucina,0,-7.038225809373605e-32,0
Rubus,Lycaena_phlaeas,0,1.6272450638354805e-31,0
Rubus,Lycaena_virgaureae,0,2.300315241518785e-31,0
Rubus,Lycaena_helle,0,-9.530694221645077e-33,0
Rubus,Lycaena_alciphron,0,2.692210468653908e-31,0
Rubus,Lycaena_dispar,0,4.342551292757564e-31,0
Rubus,Lycaena_hippothoe,0,2.2813089899894557e-31,0
Rubus,Thecla_betulae,0,-3.653889897763912e-32,0
Rubus,Favonius_quercus,0,3.430608755886065e-32,0
Rubus,Satyrium_acaciae,0,5.1491371590564065e-33,0
Rubus,Satyrium_spini,0,-4.921120339599574e-32,0
Rubus,Satyrium_ilicis,0,-5.976823844391086e-32,0
Rubus,Lampides_boeticus,0,-2.2239844623349e-26,0
Rubus,Celastrina_argiolus,0,-4.433911914705139e-32,0
Rubus,Phengaris_arion,0,4.3357919163606927e-32,0
Rubus,Phengaris_teleius,0,1.6865466736042618e-33,0
Rubus,Phengaris_nausithous,0,1.2667061900683794e-32,0
Rubus,Scolitantides_orion,0,2.88143856730781e-32,0
Rubus,Iolana_iolas,0,-2.2239846033174464e-26,0
Rubus,Glaucopsyche_alexis,0,-1.1992035345555857e-21,0
Rubus,Pseudophilotes_baton,0,3.3414705022721975e-32,0
Rubus,Leptotes_pirithous,0,-6.788004091054971e-22,0
Rubus,Cupido_argiades,0,-2.7107414959694544e-21,0
Rubus,Cupido_alcetas,0,1.3762863480273634e-21,0
Rubus,Cupido_osiris,0,-1.876402123702165e-23,0
Rubus,Cupido_minimus,0,1.3946372118394744e-21,0
Rubus,Plebejus_argus,0,2.338746647921262e-21,0
Rubus,Plebejus_idas,0,1.8739309280858143e-23,0
Rubus,Plebejus_argyrognomon,0,1.6301346198697188e-21,0
Rubus,Cyaniris_semiargus,0,-1.1770144509296241e-21,0
Rubus,Aricia_nicias,0,1.230887663542261e-22,0
Rubus,Aricia_artaxerxes,0,6.696341665814728e-22,0
Rubus,Aricia_agestis,0,6.470101816065834e-22,0
Rubus,Polyommatus_escheri,0,1.134889423900703e-21,0
Rubus,Polyommatus_thersites,0,-1.874178149046831e-23,0
Rubus,Polyommatus_amandus,0,-3.005040911975447e-22,0
Rubus,Polyommatus_icarus,0,-3.7120091081819896e-21,0
Rubus,Polyommatus_eros,0,1.1161476424029354e-21,0
Rubus,Polyommatus_dorylas,0,2.5974778795816427e-22,0
Rubus,Polyommatus_damon,0,-1.874178149046831e-23,0
Rubus,Neptis_rivularis,0,1.9524058191143242e-33,0
Rubus,Limenitis_populi,0,4.3193259852082154e-45,0
Rubus,Limenitis_reducta,0,3.646614700468061e-45,0
Rubus,Limenitis_camilla,0,-2.890048809264404e-45,0
Rubus,Issoria_lathonia,0,1.6042800486819314e-17,0
Rubus,Brenthis_ino,0,1.0238216394295882e-32,0
Rubus,Argynnis_paphia,0,1.6042800486819314e-17,0
Rubus,Fabriciana_adippe,0,1.6042800486819314e-17,0
Rubus,Boloria_pales,0,2.5031969909758848e-17,0
Rubus,Boloria_napaea,0,1.6042800486819314e-17,0
Rubus,Boloria_aquilonaris,0,3.298338806528381e-32,0
Rubus,Boloria_selene,0,1.6042800486819314e-17,0
Rubus,Boloria_dia,0,1.6042800486819314e-17,0
Rubus,Boloria_euphrosyne,0,1.6042800486819314e-17,0
Rubus,Boloria_titania,0,1.6042800486819314e-17,0
Rubus,Apatura_iris,0,-5.401588275280739e-46,0
Rubus,Apatura_ilia,0,-1.9301267095491996e-45,0
Rubus,Araschnia_levana,0,4.487214512932684e-17,0
Rubus,Vanessa_cardui,0,9.307230572781365e-17,0
Rubus,Vanessa_atalanta,0,4.487214512932684e-17,0
Rubus,Aglais_io,0,5.339831984327725e-17,0
Rubus,Aglais_urticae,0,4.487214512932684e-17,0
Rubus,Nymphalis_polychloros,0,1.4385985729408364e-45,0
Rubus,Nymphalis_antiopa,0,-5.401588275280739e-46,0
Rubus,Euphydryas_cynthia,0,2.5031969909758848e-17,0
Rubus,Euphydryas_intermedia,0,-7.537823266156624e-46,0
Rubus,Melitaea_didyma,0,2.7040228748626667e-17,0
Rubus,Melitaea_phoebe,0,2.3879451422129292e-17,0
Rubus,Melitaea_cinxia,0,1.255494345654988e-17,0
Rubus,Melitaea_diamina,0,0,0
Rubus,Melitaea_aurelia,0,8.989169422939548e-18,0
Rubus,Melitaea_varia,0,8.989169422939548e-18,0
Rubus,Melitaea_parthenoides,0,1.1321863652906394e-17,0
Rubus,Melitaea_deione,0,2.5697920289876705e-18,0
Rubus,Melitaea_athalia,0,1.9035861928989427e-17,0
Rubus,Melitaea_britomartis,0,1.255494345654988e-17,0
Rubus,Libythea_celtis,0,7.86428416934157e-46,0
Rubus,Lasiommata_maera,0,-1.9338128665599046e-17,0
Rubus,Lasiommata_petropolitana,0,-1.0546448615348095e-17,0
Rubus,Lasiommata_megera,0,7.277170137015331e-17,0
Rubus,Lopinga_achine,0,-3.114887453057625e-17,0
Rubus,Coenonympha_glycerion,0,-6.440850929594615e-17,0
Rubus,Coenonympha_pamphilus,0,6.297303033836708e-17,0
Rubus,Coenonympha_tullia,0,-2.0388559452442805e-17,0
Rubus,Melanargia_galathea,0,5.2901489758457105e-17,0
Rubus,Hipparchia_statilinus,0,7.645573169514518e-17,0
Rubus,Hipparchia_fagi,0,7.277170137015331e-17,0
Rubus,Hipparchia_semele,0,-1.0546448615348095e-17,0
Rubus,Oeneis_glacialis,0,-1.0546448615348095e-17,0
Rubus,Brintesia_circe,0,7.277170137015331e-17,0
Rubus,Satyrus_ferula,0,-1.0546448615348095e-17,0
Rubus,Hyponephele_lycaon,0,-6.8624182903562216e-18,0
Rubus,Aphantopus_hyperantus,0,7.277170137015331e-17,0
Rubus,Maniola_jurtina,0,7.277170137015331e-17,0
Rubus,Erebia_nivalis,0,-1.0546448615348095e-17,0
Rubus,Erebia_tyndarus,0,-3.1019345567854346e-17,0
Rubus,Erebia_christi,0,-1.0546448615348095e-17,0
Rubus,Erebia_pharte,0,-1.4372387919574326e-17,0
Rubus,Erebia_epiphron,0,-1.0546448615348095e-17,0
Rubus,Erebia_meolans,0,-1.0546448615348095e-17,0
Rubus,Erebia_triarius,0,-6.8624182903562216e-18,0
Rubus,Erebia_medusa,0,6.222525275480523e-17,0
Rubus,Erebia_aethiops,0,1.470564675190939e-18,0
Rubus,Erebia_pandrose,0,8.276285749615227e-17,0
Rubus,Erebia_flavofasciata,0,-1.0546448615348095e-17,0
Rubus,Erebia_gorge,0,8.357076631220794e-17,0
Rubus,Erebia_pluto,0,8.357076631220794e-17,0
Rubus,Erebia_sudetica,0,-4.3810224828867147e-17,0
Rubus,Erebia_melampus,0,-3.021143675179872e-17,0
Rubus,Erebia_manto,0,-3.628180670168965e-17,0
Rubus,Erebia_eriphyle,0,-6.11592576976381e-17,0
Rubus,Erebia_euryale,0,3.0599718109354135e-17,0
Rubus,Erebia_ligea,0,7.820777538564895e-17,0
Rubus,Erebia_oeme,0,-2.777969399459724e-17,0
Rubus,Erebia_mnestra,0,6.997197823513948e-17,0
Rubus,Erebia_styx,0,8.051842685048764e-17,0
Fragaria,Parnassius_mnemosyne,0,0,0
Fragaria,Parnassius_apollo,0,0,0
Fragaria,Parnassius_phoebus,0,0,0
Fragaria,Iphiclides_podalirius,0,-7.250194475993308e-16,0
Fragaria,Papilio_machaon,0,1.0108443950574494e-17,0
Fragaria,Carcharodus_alceae,0,-4.5012885910116797e-17,0
Fragaria,Spialia_sertorius,0,-2.262576399814823e-17,0
Fragaria,Erynnis_tages,0,-0.0071773863197478,0
Fragaria,Pyrgus_carthami,0,0.10841387898152985,1
Fragaria,Pyrgus_malvae,0,0.10841387898152993,1
Fragaria,Pyrgus_andromedae,0,0.1084138789815298,1
Fragaria,Pyrgus_cacaliae,0,0.10841387898152981,1
Fragaria,Pyrgus_serratulae,0,0.11916742093011137,1
Fragaria,Pyrgus_armoricanus,1,0.19476019978762407,1
Fragaria,Pyrgus_cirsii,0,0.10841387898152968,1
Fragaria,Pyrgus_carlinae,0,0.1774701540358337,1
Fragaria,Pyrgus_alveus,0,0.1774701540358337,1
Fragaria,Heteropterus_morpheus,0,2.7124897171012567e-17,0
Fragaria,Carterocephalus_palaemon,0,-2.147637215579084e-16,0
Fragaria,Thymelicus_acteon,0,-3.324474336666096e-16,0
Fragaria,Thymelicus_sylvestris,0,2.0875278033120775e-17,0
Fragaria,Thymelicus_lineola,0,5.919325785439424e-16,0
Fragaria,Ochlodes_sylvanus,0,4.500140932364222e-16,0
Fragaria,Hesperia_comma,0,4.791617641048769e-16,0
Fragaria,Gonepteryx_rhamni,0,-1.1171366744327254e-23,0
Fragaria,Colias_alfacariensis,0,0.0017680662987451222,0
Fragaria,Colias_phicomone,0,-0.0027183880086412717,0
Fragaria,Colias_palaeno,0,3.0040398145312503e-26,0
Fragaria,Anthocharis_cardamines,0,1.21509298715337e-16,0
Fragaria,Aporia_crataegi,0,3.4640860225172304e-16,0
Fragaria,Pontia_callidice,0,2.2149634254680614e-16,0
Fragaria,Pieris_brassicae,0,-7.957263035788171e-29,0
Fragaria,Pieris_mannii,0,-0.0016333136637852678,0
Fragaria,Pieris_bryoniae,0,3.4300564126157503e-16,0
Fragaria,Hamearis_lucina,0,-1.116248474577279e-29,0
Fragaria,Lycaena_phlaeas,0,-7.86286763870744e-32,0
Fragaria,Lycaena_virgaureae,0,3.001399237305876e-31,0
Fragaria,Lycaena_helle,0,1.3469367246070857e-31,0
Fragaria,Lycaena_alciphron,0,3.4083469389463983e-31,0
Fragaria,Lycaena_dispar,0,1.4490264696313642e-31,0
Fragaria,Lycaena_hippothoe,0,4.4975175402185734e-32,0
Fragaria,Thecla_betulae,0,6.258477204183006e-16,0
Fragaria,Favonius_quercus,0,4.86358669278963e-32,0
Fragaria,Satyrium_acaciae,0,6.258477204183008e-16,0
Fragaria,Satyrium_spini,0,-3.606736959691845e-26,0
Fragaria,Satyrium_ilicis,0,-1.0679813244960527e-31,0
Fragaria,Lampides_boeticus,0,-4.501568497806228e-4,0
Fragaria,Celastrina_argiolus,0,-4.938712044104949e-26,0
Fragaria,Phengaris_arion,0,6.902876174831916e-32,0
Fragaria,Phengaris_teleius,0,-2.8162014952506825e-17,0
Fragaria,Phengaris_nausithous,0,-2.8162014952506807e-17,0
Fragaria,Scolitantides_orion,0,4.5881215243055854e-32,0
Fragaria,Iolana_iolas,0,-4.501568497806228e-4,0
Fragaria,Glaucopsyche_alexis,0,-0.011649486290512925,0
Fragaria,Pseudophilotes_baton,0,5.320727035564907e-32,0
Fragaria,Leptotes_pirithous,0,-0.0025553005390663045,0
Fragaria,Cupido_argiades,0,-0.023771753433976323,0
Fragaria,Cupido_alcetas,0,-0.006911106826963735,0
Fragaria,Cupido_osiris,0,-0.005477190679973569,0
Fragaria,Cupido_minimus,0,-0.008818389450704983,0
Fragaria,Plebejus_argus,0,0.07365002600037014,1
Fragaria,Plebejus_idas,0,0.04391790168907404,0
Fragaria,Plebejus_argyrognomon,0,-0.0028256846473211916,0
Fragaria,Cyaniris_semiargus,0,-0.005751739839306164,0
Fragaria,Aricia_nicias,0,0.007230416311018791,0
Fragaria,Aricia_artaxerxes,0,0.07628669136532261,1
Fragaria,Aricia_agestis,0,0.0755927788575128,1
Fragaria,Polyommatus_escheri,0,-0.00815147297353624,0
Fragaria,Polyommatus_thersites,0,-0.0050270338301929,0
Fragaria,Polyommatus_amandus,0,-0.0045182804741302025,0
Fragaria,Polyommatus_icarus,0,-0.025470829201475267,0
Fragaria,Polyommatus_eros,0,-0.013178506803729144,0
Fragaria,Polyommatus_dorylas,0,-6.669164771687153e-4,0
Fragaria,Polyommatus_damon,0,-0.0050270338301929,0
Fragaria,Neptis_rivularis,0,1.743500342222191e-16,0
Fragaria,Limenitis_populi,0,6.877660709392322e-45,0
Fragaria,Limenitis_reducta,0,5.806502853984311e-45,0
Fragaria,Limenitis_camilla,0,-4.601823344680665e-45,0
Fragaria,Issoria_lathonia,0,4.900575256659104e-18,0
Fragaria,Brenthis_ino,0,1.3851248086770186e-16,0
Fragaria,Argynnis_paphia,0,4.900575256659104e-18,0
Fragaria,Fabriciana_adippe,0,4.900575256659104e-18,0
Fragaria,Boloria_pales,0,2.0934344740566245e-16,0
Fragaria,Boloria_napaea,0,4.900575256659104e-18,0
Fragaria,Boloria_aquilonaris,0,8.386664285511517e-27,0
Fragaria,Boloria_selene,0,4.900575256659104e-18,0
Fragaria,Boloria_dia,0,4.900575256659104e-18,0
Fragaria,Boloria_euphrosyne,0,4.900575256659104e-18,0
Fragaria,Boloria_titania,0,4.900575256659104e-18,0
Fragaria,Apatura_iris,0,-8.600946410402426e-46,0
Fragaria,Apatura_ilia,0,-3.073339845323285e-45,0
Fragaria,Araschnia_levana,0,2.6803748134125092e-17,0
Fragaria,Vanessa_cardui,0,6.023777011625743e-17,0
Fragaria,Vanessa_atalanta,0,2.6803748134125092e-17,0
Fragaria,Aglais_io,0,3.1826899254215314e-17,0
Fragaria,Aglais_urticae,0,2.6803748134125092e-17,0
Fragaria,Nymphalis_polychloros,0,2.290679823791898e-45,0
Fragaria,Nymphalis_antiopa,0,-8.600946410402426e-46,0
Fragaria,Euphydryas_cynthia,0,2.0934344740566245e-16,0
Fragaria,Euphydryas_intermedia,0,-1.200247240222328e-45,0
Fragaria,Melitaea_didyma,0,6.992593934967276e-16,0
Fragaria,Melitaea_phoebe,0,6.985132011762055e-17,0
Fragaria,Melitaea_cinxia,0,3.4116884122469097e-16,0
Fragaria,Melitaea_diamina,0,0,0
Fragaria,Melitaea_aurelia,0,2.0444287214900354e-16,0
Fragaria,Melitaea_varia,0,2.0444287214900354e-16,0
Fragaria,Melitaea_parthenoides,0,2.711088246033407e-16,0
Fragaria,Melitaea_deione,0,9.75956017816994e-17,0
Fragaria,Melitaea_athalia,0,6.138585317249866e-16,0
Fragaria,Melitaea_britomartis,0,3.4116884122469097e-16,0
Fragaria,Libythea_celtis,0,1.2522295913404409e-45,0
Fragaria,Lasiommata_maera,0,1.1216869937957133e-17,0
Fragaria,Lasiommata_petropolitana,0,1.146316472209404e-16,0
Fragaria,Lasiommata_megera,0,2.856115847867755e-16,0
Fragaria,Lopinga_achine,0,-1.6990153623387796e-16,0
Fragaria,Coenonympha_glycerion,0,-3.788911655979179e-16,0
Fragaria,Coenonympha_pamphilus,0,5.948063399423595e-16,0
Fragaria,Coenonympha_tullia,0,-4.565963754987163e-16,0
Fragaria,Melanargia_galathea,0,2.3765735970248016e-16,0
Fragaria,Hipparchia_statilinus,0,2.202908387294105e-16,0
Fragaria,Hipparchia_fagi,0,2.856115847867755e-16,0
Fragaria,Hipparchia_semele,0,1.146316472209404e-16,0
Fragaria,Oeneis_glacialis,0,1.146316472209404e-16,0
Fragaria,Brintesia_circe,0,2.856115847867755e-16,0
Fragaria,Satyrus_ferula,0,1.146316472209404e-16,0
Fragaria,Hyponephele_lycaon,0,4.93109011635801e-17,0
Fragaria,Aphantopus_hyperantus,0,2.856115847867755e-16,0
Fragaria,Maniola_jurtina,0,2.856115847867755e-16,0
Fragaria,Erebia_nivalis,0,1.146316472209404e-16,0
Fragaria,Erebia_tyndarus,0,2.135356432173007e-16,0
Fragaria,Erebia_christi,0,1.146316472209404e-16,0
Fragaria,Erebia_pharte,0,-1.9649778699515763e-16,0
Fragaria,Erebia_epiphron,0,1.146316472209404e-16,0
Fragaria,Erebia_meolans,0,1.146316472209404e-16,0
Fragaria,Erebia_triarius,0,4.93109011635801e-17,0
Fragaria,Erebia_medusa,0,4.002432320077205e-16,0
Fragaria,Erebia_aethiops,0,-3.3253350131563206e-16,0
Fragaria,Erebia_pandrose,0,9.802727144924134e-17,0
Fragaria,Erebia_flavofasciata,0,1.146316472209404e-16,0
Fragaria,Erebia_gorge,0,2.627202247889963e-17,0
Fragaria,Erebia_pluto,0,2.627202247889963e-17,0
Fragaria,Erebia_sudetica,0,1.179403928419048e-16,0
Fragaria,Erebia_melampus,0,1.4178039424695472e-16,0
Fragaria,Erebia_manto,0,-3.7957593756549457e-16,0
Fragaria,Erebia_eriphyle,0,-5.253632501201243e-16,0
Fragaria,Erebia_euryale,0,-7.087425479393734e-16,0
Fragaria,Erebia_ligea,0,-7.654689773387856e-16,0
Fragaria,Erebia_oeme,0,-5.360340311338228e-16,0
Fragaria,Erebia_mnestra,0,2.4320210738471987e-18,0
Fragaria,Erebia_styx,0,-1.1219962614710423e-16,0
Sibbaldia,Parnassius_mnemosyne,0,0,0
Sibbaldia,Parnassius_apollo,0,0,0
Sibbaldia,Parnassius_phoebus,0,0,0
Sibbaldia,Iphiclides_podalirius,0,-4.55213787460534e-16,0
Sibbaldia,Papilio_machaon,0,6.181830762572403e-18,0
Sibbaldia,Carcharodus_alceae,0,-4.800825234347656e-17,0
Sibbaldia,Spialia_sertorius,0,-1.0712557322870721e-18,0
Sibbaldia,Erynnis_tages,0,-0.044604219521988564,0
Sibbaldia,Pyrgus_carthami,0,0.07278587293942543,1
Sibbaldia,Pyrgus_malvae,0,0.07278587293942548,1
Sibbaldia,Pyrgus_andromedae,0,0.07278587293942539,1
Sibbaldia,Pyrgus_cacaliae,0,0.07278587293942539,1
Sibbaldia,Pyrgus_serratulae,1,0.08050461894441654,1
Sibbaldia,Pyrgus_armoricanus,0,0.11916742093011123,1
Sibbaldia,Pyrgus_cirsii,0,0.0727858729394253,1
Sibbaldia,Pyrgus_carlinae,0,0.10841387898152983,1
Sibbaldia,Pyrgus_alveus,0,0.10841387898152982,1
Sibbaldia,Heteropterus_morpheus,0,4.3579737163205046e-18,0
Sibbaldia,Carterocephalus_palaemon,0,-2.8327094900183052e-16,0
Sibbaldia,Thymelicus_acteon,0,-1.8093541699102073e-16,0
Sibbaldia,Thymelicus_sylvestris,0,-3.0779435397367843e-16,0
Sibbaldia,Thymelicus_lineola,0,4.263918749479194e-16,0
Sibbaldia,Ochlodes_sylvanus,0,2.2506907809117714e-16,0
Sibbaldia,Hesperia_comma,0,4.2500852616596225e-16,0
Sibbaldia,Gonepteryx_rhamni,0,-1.3883975393271058e-22,0
Sibbaldia,Colias_alfacariensis,0,-0.0311565057410468,0
Sibbaldia,Colias_phicomone,0,-0.020923740671816637,0
Sibbaldia,Colias_palaeno,0,3.7239855802172045e-25,0
Sibbaldia,Anthocharis_cardamines,0,-1.4056557119695913e-16,0
Sibbaldia,Aporia_crataegi,0,2.0415200766751635e-16,0
Sibbaldia,Pontia_callidice,0,-2.5623355776796966e-16,0
Sibbaldia,Pieris_brassicae,0,-9.838580110557228e-28,0
Sibbaldia,Pieris_mannii,0,-0.007627825637566947,0
Sibbaldia,Pieris_bryoniae,0,-3.967991289719515e-16,0
Sibbaldia,Hamearis_lucina,0,-1.3553289515548567e-28,0
Sibbaldia,Lycaena_phlaeas,0,-1.9296247792051613e-32,0
Sibbaldia,Lycaena_virgaureae,0,3.1031835067391854e-31,0
Sibbaldia,Lycaena_helle,0,-1.3035442006729096e-32,0
Sibbaldia,Lycaena_alciphron,0,2.9522039190953746e-32,0
Sibbaldia,Lycaena_dispar,0,-3.575627194498189e-31,0
Sibbaldia,Lycaena_hippothoe,0,1.1290816623112016e-32,0
Sibbaldia,Thecla_betulae,0,4.018467421361807e-16,0
Sibbaldia,Favonius_quercus,0,-5.092519363628978e-32,0
Sibbaldia,Satyrium_acaciae,0,4.0184674213618056e-16,0
Sibbaldia,Satyrium_spini,0,-4.382545185130296e-25,0
Sibbaldia,Satyrium_ilicis,0,1.329486933353565e-31,0
Sibbaldia,Lampides_boeticus,0,-0.0029476131454604336,0
Sibbaldia,Celastrina_argiolus,0,-5.999229360156878e-25,0
Sibbaldia,Phengaris_arion,0,-7.984694414738073e-32,0
Sibbaldia,Phengaris_teleius,0,4.335830094563142e-18,0
Sibbaldia,Phengaris_nausithous,0,4.3358300945631214e-18,0
Sibbaldia,Scolitantides_orion,0,-5.307682080756786e-32,0
Sibbaldia,Iolana_iolas,0,-0.0029476131454604336,0
Sibbaldia,Glaucopsyche_alexis,0,-0.0034677510515713898,0
Sibbaldia,Pseudophilotes_baton,0,-6.155257833106405e-32,0
Sibbaldia,Leptotes_pirithous,0,0.002381798995953093,0
Sibbaldia,Cupido_argiades,0,0.0026054328567556165,0
Sibbaldia,Cupido_alcetas,0,-0.016242177093213482,0
Sibbaldia,Cupido_osiris,0,-0.010273399565195577,0
Sibbaldia,Cupido_minimus,0,-0.027003325480234694,0
Sibbaldia,Plebejus_argus,0,0.02052415351366257,0
Sibbaldia,Plebejus_idas,0,-0.003557507381261641,0
Sibbaldia,Plebejus_argyrognomon,0,-0.016052653212604958,0
Sibbaldia,Cyaniris_semiargus,0,0.00475680951257523,0
Sibbaldia,Aricia_nicias,0,0.003255528108965709,0
Sibbaldia,Aricia_artaxerxes,0,0.038883534151070084,0
Sibbaldia,Aricia_agestis,0,0.03866280198569472,0
Sibbaldia,Polyommatus_escheri,0,-0.021529289517181156,0
Sibbaldia,Polyommatus_thersites,0,-0.0073257864197351155,0
Sibbaldia,Polyommatus_amandus,0,2.7258027826279545e-5,0
Sibbaldia,Polyommatus_icarus,0,0.008066839856645176,0
Sibbaldia,Polyommatus_eros,0,-0.028855075936916264,0
Sibbaldia,Polyommatus_dorylas,0,-0.005474035963053526,0
Sibbaldia,Polyommatus_damon,0,-0.0073257864197351155,0
Sibbaldia,Neptis_rivularis,0,1.2301693594814204e-16,0
Sibbaldia,Limenitis_populi,0,-7.956282484685057e-45,0
Sibbaldia,Limenitis_reducta,0,-6.71713521826407e-45,0
Sibbaldia,Limenitis_camilla,0,5.3235261279318455e-45,0
Sibbaldia,Issoria_lathonia,0,-4.728652993562877e-18,0
Sibbaldia,Brenthis_ino,0,1.0206352630362063e-16,0
Sibbaldia,Argynnis_paphia,0,-4.728652993562877e-18,0
Sibbaldia,Fabriciana_adippe,0,-4.728652993562877e-18,0
Sibbaldia,Boloria_pales,0,1.933421071622466e-16,0
Sibbaldia,Boloria_napaea,0,-4.728652993562877e-18,0
Sibbaldia,Boloria_aquilonaris,0,1.0391206084696824e-25,0
Sibbaldia,Boloria_selene,0,-4.728652993562877e-18,0
Sibbaldia,Boloria_dia,0,-4.728652993562877e-18,0
Sibbaldia,Boloria_euphrosyne,0,-4.728652993562877e-18,0
Sibbaldia,Boloria_titania,0,-4.728652993562877e-18,0
Sibbaldia,Apatura_iris,0,9.94983062025313e-46,0
Sibbaldia,Apatura_ilia,0,3.555330953451391e-45,0
Sibbaldia,Araschnia_levana,0,6.445282702905168e-18,0
Sibbaldia,Vanessa_cardui,0,1.7989646206555744e-17,0
Sibbaldia,Vanessa_atalanta,0,6.445282702905168e-18,0
Sibbaldia,Aglais_io,0,7.600228082411437e-18,0
Sibbaldia,Aglais_urticae,0,6.445282702905168e-18,0
Sibbaldia,Nymphalis_polychloros,0,-2.6499265573738668e-45,0
Sibbaldia,Nymphalis_antiopa,0,9.94983062025313e-46,0
Sibbaldia,Euphydryas_cynthia,0,1.933421071622466e-16,0
Sibbaldia,Euphydryas_intermedia,0,1.3884817092527367e-45,0
Sibbaldia,Melitaea_didyma,0,6.809700297027365e-16,0
Sibbaldia,Melitaea_phoebe,0,5.862450185569585e-17,0
Sibbaldia,Melitaea_cinxia,0,3.3207716337679344e-16,0
Sibbaldia,Melitaea_diamina,0,0,0
Sibbaldia,Melitaea_aurelia,0,1.9807076015580954e-16,0
Sibbaldia,Melitaea_varia,0,1.9807076015580954e-16,0
Sibbaldia,Melitaea_parthenoides,0,2.631457004760278e-16,0
Sibbaldia,Melitaea_deione,0,9.571565469034909e-17,0
Sibbaldia,Melitaea_athalia,0,5.997894832529228e-16,0
Sibbaldia,Melitaea_britomartis,0,3.3207716337679344e-16,0
Sibbaldia,Libythea_celtis,0,-1.4486164368790138e-45,0
Sibbaldia,Lasiommata_maera,0,-1.2658775951240023e-16,0
Sibbaldia,Lasiommata_petropolitana,0,-2.919499635629704e-17,0
Sibbaldia,Lasiommata_megera,0,3.5774024074052604e-16,0
Sibbaldia,Lopinga_achine,0,-2.3184417659569647e-16,0
Sibbaldia,Coenonympha_glycerion,0,-7.45422192141239e-16,0
Sibbaldia,Coenonympha_pamphilus,0,7.65158595301806e-16,0
Sibbaldia,Coenonympha_tullia,0,-2.9034594552797284e-16,0
Sibbaldia,Melanargia_galathea,0,2.1643234175142745e-16,0
Sibbaldia,Hipparchia_statilinus,0,3.232820174359766e-16,0
Sibbaldia,Hipparchia_fagi,0,3.5774024074052604e-16,0
Sibbaldia,Hipparchia_semele,0,-2.919499635629704e-17,0
Sibbaldia,Oeneis_glacialis,0,-2.919499635629704e-17,0
Sibbaldia,Brintesia_circe,0,3.5774024074052604e-16,0
Sibbaldia,Satyrus_ferula,0,-2.919499635629704e-17,0
Sibbaldia,Hyponephele_lycaon,0,-6.365321966078638e-17,0
Sibbaldia,Aphantopus_hyperantus,0,3.5774024074052604e-16,0
Sibbaldia,Maniola_jurtina,0,3.5774024074052604e-16,0
Sibbaldia,Erebia_nivalis,0,-2.919499635629704e-17,0
Sibbaldia,Erebia_tyndarus,0,1.8097949996657628e-16,0
Sibbaldia,Erebia_christi,0,-2.919499635629704e-17,0
Sibbaldia,Erebia_pharte,0,-1.4413388564847623e-16,0
Sibbaldia,Erebia_epiphron,0,-2.919499635629704e-17,0
Sibbaldia,Erebia_meolans,0,-2.919499635629704e-17,0
Sibbaldia,Erebia_triarius,0,-6.365321966078638e-17,0
Sibbaldia,Erebia_medusa,0,3.2854524438428278e-16,0
Sibbaldia,Erebia_aethiops,0,-2.1139465597372133e-16,0
Sibbaldia,Erebia_pandrose,0,3.2024578836159606e-17,0
Sibbaldia,Erebia_flavofasciata,0,-2.919499635629704e-17,0
Sibbaldia,Erebia_gorge,0,1.8380318342324558e-17,0
Sibbaldia,Erebia_pluto,0,1.8380318342324558e-17,0
Sibbaldia,Erebia_sudetica,0,3.953013169382844e-17,0
Sibbaldia,Erebia_melampus,0,1.6733523947269388e-16,0
Sibbaldia,Erebia_manto,0,-5.985802173612306e-17,0
Sibbaldia,Erebia_eriphyle,0,-2.781994071215554e-16,0
Sibbaldia,Erebia_euryale,0,-4.571437001390443e-16,0
Sibbaldia,Erebia_ligea,0,-6.402320166082634e-16,0
Sibbaldia,Erebia_oeme,0,-3.0525677376437107e-16,0
Sibbaldia,Erebia_mnestra,0,-1.0942478943656858e-16,0
Sibbaldia,Erebia_styx,0,-8.022979308040958e-17,0
Helianthemum,Parnassius_mnemosyne,0,0,0
Helianthemum,Parnassius_apollo,0,0,0
Helianthemum,Parnassius_phoebus,0,0,0
Helianthemum,Iphiclides_podalirius,0,-2.7113067418359665e-15,0
Helianthemum,Papilio_machaon,0,8.766238106473295e-18,0
Helianthemum,Carcharodus_alceae,0,-5.783130516132422e-17,0
Helianthemum,Spialia_sertorius,0,-1.2237828923249567e-16,0
Helianthemum,Erynnis_tages,0,0.33125473509649633,1
Helianthemum,Pyrgus_carthami,0,0.39488015512023256,1
Helianthemum,Pyrgus_malvae,0,0.3948801551202327,1
Helianthemum,Pyrgus_andromedae,0,0.39488015512023206,1
Helianthemum,Pyrgus_cacaliae,0,0.39488015512023233,1
Helianthemum,Pyrgus_serratulae,0,0.4305081611623374,1
Helianthemum,Pyrgus_armoricanus,1,0.81914790577157,1
Helianthemum,Pyrgus_cirsii,0,0.39488015512023195,1
Helianthemum,Pyrgus_carlinae,1,0.7500916307172659,1
Helianthemum,Pyrgus_alveus,1,0.750091630717266,1
Helianthemum,Heteropterus_morpheus,0,-3.6084197345423e-17,0
Helianthemum,Carterocephalus_palaemon,0,-3.3211228862801965e-17,0
Helianthemum,Thymelicus_acteon,0,-2.531929418419096e-16,0
Helianthemum,Thymelicus_sylvestris,0,2.6493808293229258e-17,0
Helianthemum,Thymelicus_lineola,0,-7.342185649256588e-17,0
Helianthemum,Ochlodes_sylvanus,0,-5.455835241490996e-17,0
Helianthemum,Hesperia_comma,0,-6.589751615176511e-17,0
Helianthemum,Gonepteryx_rhamni,0,6.951025482594884e-22,0
Helianthemum,Colias_alfacariensis,0,0.24914291149602544,1
Helianthemum,Colias_phicomone,0,0.214145426385973,1
Helianthemum,Colias_palaeno,0,-1.8626318344982618e-24,0
Helianthemum,Anthocharis_cardamines,0,-1.1176121533199125e-18,0
Helianthemum,Aporia_crataegi,0,1.4601250098228315e-15,0
Helianthemum,Pontia_callidice,0,-2.0372678513656152e-18,0
Helianthemum,Pieris_brassicae,0,4.9203832331864164e-27,0
Helianthemum,Pieris_mannii,0,0.03742683320224094,0
Helianthemum,Pieris_bryoniae,0,-3.154879969566745e-18,0
Helianthemum,Hamearis_lucina,0,6.782054207883072e-28,0
Helianthemum,Lycaena_phlaeas,0,9.950378015612363e-32,0
Helianthemum,Lycaena_virgaureae,0,5.865168281772698e-32,0
Helianthemum,Lycaena_helle,0,1.8920645240355247e-32,0
Helianthemum,Lycaena_alciphron,0,6.399609661280426e-32,0
Helianthemum,Lycaena_dispar,0,5.809272141712891e-32,0
Helianthemum,Lycaena_hippothoe,0,6.853565604458568e-33,0
Helianthemum,Thecla_betulae,0,2.2052207426859963e-15,0
Helianthemum,Favonius_quercus,0,3.6692978340269096e-33,0
Helianthemum,Satyrium_acaciae,0,2.2052207426859963e-15,0
Helianthemum,Satyrium_spini,0,2.1888501885474233e-24,0
Helianthemum,Satyrium_ilicis,0,-1.4465251268778402e-32,0
Helianthemum,Lampides_boeticus,0,0.05476907425123643,0
Helianthemum,Celastrina_argiolus,0,2.996268142083705e-24,0
Helianthemum,Phengaris_arion,0,-6.362249525683417e-34,0
Helianthemum,Phengaris_teleius,0,-1.9263709461727527e-16,0
Helianthemum,Phengaris_nausithous,0,-1.9263709461727527e-16,0
Helianthemum,Scolitantides_orion,0,-4.218238912298337e-34,0
Helianthemum,Iolana_iolas,0,0.05476907425123643,0
Helianthemum,Glaucopsyche_alexis,0,0.05192451075036781,0
Helianthemum,Pseudophilotes_baton,0,-4.885528956244424e-34,0
Helianthemum,Leptotes_pirithous,0,0.013937740012213694,0
Helianthemum,Cupido_argiades,0,0.0044090942033303306,0
Helianthemum,Cupido_alcetas,0,0.06198671928087776,0
Helianthemum,Cupido_osiris,0,0.11683427869058048,1
Helianthemum,Cupido_minimus,0,0.1942365810392783,1
Helianthemum,Plebejus_argus,1,0.5246719115847759,1
Helianthemum,Plebejus_idas,1,0.9207100789962985,1
Helianthemum,Plebejus_argyrognomon,0,0.07968247550828289,1
Helianthemum,Cyaniris_semiargus,0,-0.01243944627851857,0
Helianthemum,Aricia_nicias,0,0.0374031572142524,0
Helianthemum,Aricia_artaxerxes,1,0.3926146328112859,1
Helianthemum,Aricia_agestis,1,0.38863974460923295,1
Helianthemum,Polyommatus_escheri,0,0.1285762359394138,1
Helianthemum,Polyommatus_thersites,0,0.062065204439344254,0
Helianthemum,Polyommatus_amandus,0,-0.021591654526439227,0
Helianthemum,Polyommatus_icarus,0,0.008624202916230823,0
Helianthemum,Polyommatus_eros,0,0.19064144037875796,1
Helianthemum,Polyommatus_dorylas,0,0.06566034509986471,0
Helianthemum,Polyommatus_damon,0,0.062065204439344254,0
Helianthemum,Neptis_rivularis,0,5.8343444228861e-16,0
Helianthemum,Limenitis_populi,0,-6.325899785265914e-47,0
Helianthemum,Limenitis_reducta,0,-5.340675449179001e-47,0
Helianthemum,Limenitis_camilla,0,4.2326414578890876e-47,0
Helianthemum,Issoria_lathonia,0,-1.0790015202299024e-17,0
Helianthemum,Brenthis_ino,0,4.028927025012956e-16,0
Helianthemum,Argynnis_paphia,0,-1.0790015202299024e-17,0
Helianthemum,Fabriciana_adippe,0,-1.0790015202299024e-17,0
Helianthemum,Boloria_pales,0,-7.512834934848377e-18,0
Helianthemum,Boloria_napaea,0,-1.0790015202299024e-17,0
Helianthemum,Boloria_aquilonaris,0,-5.1974867114151785e-25,0
Helianthemum,Boloria_selene,0,-1.0790015202299024e-17,0
Helianthemum,Boloria_dia,0,-1.0790015202299024e-17,0
Helianthemum,Boloria_euphrosyne,0,-1.0790015202299024e-17,0
Helianthemum,Boloria_titania,0,-1.0790015202299024e-17,0
Helianthemum,Apatura_iris,0,7.910937817881302e-48,0
Helianthemum,Apatura_ilia,0,2.826780361270227e-47,0
Helianthemum,Araschnia_levana,0,-6.3264792980403994e-17,0
Helianthemum,Vanessa_cardui,0,-1.3101366443135961e-16,0
Helianthemum,Vanessa_atalanta,0,-6.3264792980403994e-17,0
Helianthemum,Aglais_io,0,-7.528784402756848e-17,0
Helianthemum,Aglais_urticae,0,-6.3264792980403994e-17,0
Helianthemum,Nymphalis_polychloros,0,-2.1069097101139355e-47,0
Helianthemum,Nymphalis_antiopa,0,7.910937817881302e-48,0
Helianthemum,Euphydryas_cynthia,0,-7.512834934848377e-18,0
Helianthemum,Euphydryas_intermedia,0,1.1039572465542557e-47,0
Helianthemum,Melitaea_didyma,0,7.206704270515263e-18,0
Helianthemum,Melitaea_phoebe,0,-3.0473278628403674e-17,0
Helianthemum,Melitaea_cinxia,0,6.7544156387308585e-18,0
Helianthemum,Melitaea_diamina,0,0,0
Helianthemum,Melitaea_aurelia,0,3.2771802674514796e-18,0
Helianthemum,Melitaea_varia,0,3.2771802674514796e-18,0
Helianthemum,Melitaea_parthenoides,0,4.103111307281202e-18,0
Helianthemum,Melitaea_deione,0,2.0786150681171225e-18,0
Helianthemum,Melitaea_athalia,0,1.3771836784881048e-17,0
Helianthemum,Melitaea_britomartis,0,6.7544156387308585e-18,0
Helianthemum,Libythea_celtis,0,-1.1517696321278074e-47,0
Helianthemum,Lasiommata_maera,0,-1.084154808133711e-16,0
Helianthemum,Lasiommata_petropolitana,0,-5.9637623734361e-17,0
Helianthemum,Lasiommata_megera,0,-1.514091973520356e-17,0
Helianthemum,Lopinga_achine,0,-1.6312876070487583e-17,0
Helianthemum,Coenonympha_glycerion,0,-4.4041074333907835e-17,0
Helianthemum,Coenonympha_pamphilus,0,-4.942780475138176e-17,0
Helianthemum,Coenonympha_tullia,0,-8.268382382497858e-17,0
Helianthemum,Melanargia_galathea,0,-3.085840091085449e-17,0
Helianthemum,Hipparchia_statilinus,0,-8.583122380433709e-17,0
Helianthemum,Hipparchia_fagi,0,-1.514091973520356e-17,0
Helianthemum,Hipparchia_semele,0,-5.9637623734361e-17,0
Helianthemum,Oeneis_glacialis,0,-5.9637623734361e-17,0
Helianthemum,Brintesia_circe,0,-1.514091973520356e-17,0
Helianthemum,Satyrus_ferula,0,-5.9637623734361e-17,0
Helianthemum,Hyponephele_lycaon,0,-1.3032792780379597e-16,0
Helianthemum,Aphantopus_hyperantus,0,-1.514091973520356e-17,0
Helianthemum,Maniola_jurtina,0,-1.514091973520356e-17,0
Helianthemum,Erebia_nivalis,0,-5.9637623734361e-17,0
Helianthemum,Erebia_tyndarus,0,-4.0815327851144305e-17,0
Helianthemum,Erebia_christi,0,-5.9637623734361e-17,0
Helianthemum,Erebia_pharte,0,-1.3188272590238192e-16,0
Helianthemum,Erebia_epiphron,0,-5.9637623734361e-17,0
Helianthemum,Erebia_meolans,0,-5.9637623734361e-17,0
Helianthemum,Erebia_triarius,0,-1.3032792780379597e-16,0
Helianthemum,Erebia_medusa,0,-7.477854346983224e-17,0
Helianthemum,Erebia_aethiops,0,-1.1819378711407572e-16,0
Helianthemum,Erebia_pandrose,0,-2.864824305156159e-17,0
Helianthemum,Erebia_flavofasciata,0,-5.9637623734361e-17,0
Helianthemum,Erebia_gorge,0,-2.5725533533971517e-17,0
Helianthemum,Erebia_pluto,0,-2.5725533533971517e-17,0
Helianthemum,Erebia_sudetica,0,-3.9290598622334384e-17,0
Helianthemum,Erebia_melampus,0,-3.789261833331916e-17,0
Helianthemum,Erebia_manto,0,-4.897536753723413e-17,0
Helianthemum,Erebia_eriphyle,0,-5.096874272123926e-17,0
Helianthemum,Erebia_euryale,0,-5.694140041648482e-17,0
Helianthemum,Erebia_ligea,0,-8.06899997463001e-18,0
Helianthemum,Erebia_oeme,0,-9.027620993597079e-17,0
Helianthemum,Erebia_mnestra,0,-2.7123513822849203e-17,0
Helianthemum,Erebia_styx,0,3.25141099122027e-17,0
Molinia,Parnassius_mnemosyne,0,0,0
Molinia,Parnassius_apollo,0,0,0
Molinia,Parnassius_phoebus,0,0,0
Molinia,Iphiclides_podalirius,0,-1.5578796898878794e-34,0
Molinia,Papilio_machaon,0,8.772039316244746e-17,0
Molinia,Carcharodus_alceae,0,1.4214724949032927e-17,0
Molinia,Spialia_sertorius,0,2.0217070596997157e-17,0
Molinia,Erynnis_tages,0,4.565815332845768e-17,0
Molinia,Pyrgus_carthami,0,9.161525862876992e-17,0
Molinia,Pyrgus_malvae,0,-1.4653341273925487e-16,0
Molinia,Pyrgus_andromedae,0,-1.1992647319258744e-17,0
Molinia,Pyrgus_cacaliae,0,1.6250534403911905e-17,0
Molinia,Pyrgus_serratulae,0,-4.982022488978745e-17,0
Molinia,Pyrgus_armoricanus,0,3.5229849527106247e-17,0
Molinia,Pyrgus_cirsii,0,-1.734255371274171e-17,0
Molinia,Pyrgus_carlinae,0,-3.961250885823525e-17,0
Molinia,Pyrgus_alveus,0,-1.6661998250364616e-18,0
Molinia,Heteropterus_morpheus,1,0.18155018012683113,1
Molinia,Carterocephalus_palaemon,0,-0.06089950079931326,0
Molinia,Thymelicus_acteon,0,0.17738557446895978,1
Molinia,Thymelicus_sylvestris,0,-0.21353179459866115,0
Molinia,Thymelicus_lineola,0,0.11556266400814239,1
Molinia,Ochlodes_sylvanus,1,0.9701301659361838,1
Molinia,Hesperia_comma,0,0.29056796375062416,1
Molinia,Gonepteryx_rhamni,0,-2.281900635032248e-16,0
Molinia,Colias_alfacariensis,0,4.61246280184005e-17,0
Molinia,Colias_phicomone,0,-2.0575568179899762e-16,0
Molinia,Colias_palaeno,0,2.4187194605219753e-17,0
Molinia,Anthocharis_cardamines,0,-3.7554604828738355e-16,0
Molinia,Aporia_crataegi,0,-3.953752625924508e-17,0
Molinia,Pontia_callidice,0,-3.6299310689239334e-16,0
Molinia,Pieris_brassicae,0,1.3665748500996405e-16,0
Molinia,Pieris_mannii,0,-6.231914009981897e-17,0
Molinia,Pieris_bryoniae,0,-5.332837407766919e-16,0
Molinia,Hamearis_lucina,0,-4.207546106161785e-17,0
Molinia,Lycaena_phlaeas,0,-4.475782367798374e-16,0
Molinia,Lycaena_virgaureae,0,-4.459097676204116e-16,0
Molinia,Lycaena_helle,0,8.591249301763623e-17,0
Molinia,Lycaena_alciphron,0,-2.386136570491613e-16,0
Molinia,Lycaena_dispar,0,-6.422166977210922e-16,0
Molinia,Lycaena_hippothoe,0,-3.9751173782050576e-16,0
Molinia,Thecla_betulae,0,-4.933205199863357e-17,0
Molinia,Favonius_quercus,0,-1.2994499060248808e-17,0
Molinia,Satyrium_acaciae,0,-1.428237669319013e-17,0
Molinia,Satyrium_spini,0,-3.9677596937228337e-17,0
Molinia,Satyrium_ilicis,0,-7.908922185465117e-19,0
Molinia,Lampides_boeticus,0,-1.2363313940401822e-16,0
Molinia,Celastrina_argiolus,0,-6.22831302393211e-17,0
Molinia,Phengaris_arion,0,-1.2760249306534671e-20,0
Molinia,Phengaris_teleius,0,-1.2392771214129848e-19,0
Molinia,Phengaris_nausithous,0,-1.239277121412877e-19,0
Molinia,Scolitantides_orion,0,-6.616072386675521e-23,0
Molinia,Iolana_iolas,0,-1.0471901231137448e-16,0
Molinia,Glaucopsyche_alexis,0,-1.235239705271155e-16,0
Molinia,Pseudophilotes_baton,0,6.356963894795951e-22,0
Molinia,Leptotes_pirithous,0,1.6289003218916096e-16,0
Molinia,Cupido_argiades,0,1.3101647887991474e-16,0
Molinia,Cupido_alcetas,0,1.2230287957057776e-16,0
Molinia,Cupido_osiris,0,-1.9647579672608735e-16,0
Molinia,Cupido_minimus,0,9.795388679122535e-17,0
Molinia,Plebejus_argus,0,-1.8935381865019313e-16,0
Molinia,Plebejus_idas,0,7.09641893931912e-17,0
Molinia,Plebejus_argyrognomon,0,1.1301282001287322e-16,0
Molinia,Cyaniris_semiargus,0,-1.6719009716807868e-16,0
Molinia,Aricia_nicias,0,1.1625412039943567e-16,0
Molinia,Aricia_artaxerxes,0,2.7918755830431287e-16,0
Molinia,Aricia_agestis,0,9.950907400511819e-17,0
Molinia,Polyommatus_escheri,0,3.6582180839972753e-16,0
Molinia,Polyommatus_thersites,0,-1.1429504387876804e-16,0
Molinia,Polyommatus_amandus,0,-1.6420475777623546e-16,0
Molinia,Polyommatus_icarus,0,9.462558867851519e-17,0
Molinia,Polyommatus_eros,0,7.784051573275697e-17,0
Molinia,Polyommatus_dorylas,0,-7.141460431368175e-17,0
Molinia,Polyommatus_damon,0,-1.1429504387876804e-16,0
Molinia,Neptis_rivularis,0,4.66104389160542e-17,0
Molinia,Limenitis_populi,0,-1.9847516582015703e-38,0
Molinia,Limenitis_reducta,0,-1.4761366027799542e-38,0
Molinia,Limenitis_camilla,0,1.2708912281687584e-38,0
Molinia,Issoria_lathonia,0,4.270555735299878e-17,0
Molinia,Brenthis_ino,0,1.089412424802449e-17,0
Molinia,Argynnis_paphia,0,4.270555735299878e-17,0
Molinia,Fabriciana_adippe,0,4.270555735299878e-17,0
Molinia,Boloria_pales,0,1.3151661939884823e-16,0
Molinia,Boloria_napaea,0,4.270555735299878e-17,0
Molinia,Boloria_aquilonaris,0,3.011529392500023e-17,0
Molinia,Boloria_selene,0,4.270555735299878e-17,0
Molinia,Boloria_dia,0,4.270555735299878e-17,0
Molinia,Boloria_euphrosyne,0,4.270555735299878e-17,0
Molinia,Boloria_titania,0,4.270555735299878e-17,0
Molinia,Apatura_iris,0,3.331349333525824e-39,0
Molinia,Apatura_ilia,0,7.418379063119713e-39,0
Molinia,Araschnia_levana,0,-2.0859810800650784e-16,0
Molinia,Vanessa_cardui,0,-4.335057637932733e-16,0
Molinia,Vanessa_atalanta,0,-2.0859810800650784e-16,0
Molinia,Aglais_io,0,-2.497711223761286e-16,0
Molinia,Aglais_urticae,0,-2.0859810800650784e-16,0
Molinia,Nymphalis_polychloros,0,-6.266450021095884e-39,0
Molinia,Nymphalis_antiopa,0,3.331349333525824e-39,0
Molinia,Euphydryas_cynthia,0,1.3151661939884823e-16,0
Molinia,Euphydryas_intermedia,0,3.314762058498438e-39,0
Molinia,Melitaea_didyma,0,9.209945508568068e-17,0
Molinia,Melitaea_phoebe,0,-1.1067999130058876e-16,0
Molinia,Melitaea_cinxia,0,1.1015177953633581e-16,0
Molinia,Melitaea_diamina,0,0,0
Molinia,Melitaea_aurelia,0,1.0585366150781034e-16,0
Molinia,Melitaea_varia,0,1.0585366150781034e-16,0
Molinia,Melitaea_parthenoides,0,1.1742268370634343e-16,0
Molinia,Melitaea_deione,0,1.0512198894244055e-17,0
Molinia,Melitaea_athalia,0,1.726720579183918e-16,0
Molinia,Melitaea_britomartis,0,1.1015177953633581e-16,0
Molinia,Libythea_celtis,0,-4.3545782126114666e-39,0
Molinia,Lasiommata_maera,0,-0.013485630880083914,0
Molinia,Lasiommata_petropolitana,0,-0.01479517901265932,0
Molinia,Lasiommata_megera,0,-0.062440626498992444,0
Molinia,Lopinga_achine,0,0.09762531125146147,1
Molinia,Coenonympha_glycerion,0,0.0055144888603648684,0
Molinia,Coenonympha_pamphilus,0,-0.1143352463423541,0
Molinia,Coenonympha_tullia,0,0.021167720031013314,0
Molinia,Melanargia_galathea,0,0.03523651362417606,0
Molinia,Hipparchia_statilinus,0,-0.0700672506035967,0
Molinia,Hipparchia_fagi,0,-0.062440626498992444,0
Molinia,Hipparchia_semele,0,-0.01479517901265932,0
Molinia,Oeneis_glacialis,0,-0.01479517901265932,0
Molinia,Brintesia_circe,0,-0.062440626498992444,0
Molinia,Satyrus_ferula,0,-0.01479517901265932,0
Molinia,Hyponephele_lycaon,0,-0.022421803117263373,0
Molinia,Aphantopus_hyperantus,0,-0.062440626498992444,0
Molinia,Maniola_jurtina,0,-0.062440626498992444,0
Molinia,Erebia_nivalis,0,-0.01479517901265932,0
Molinia,Erebia_tyndarus,0,-0.08268002172676839,0
Molinia,Erebia_christi,0,-0.01479517901265932,0
Molinia,Erebia_pharte,0,0.03273571575725741,0
Molinia,Erebia_epiphron,0,-0.01479517901265932,0
Molinia,Erebia_meolans,0,-0.01479517901265932,0
Molinia,Erebia_triarius,0,-0.022421803117263373,0
Molinia,Erebia_medusa,0,-0.07723580551165174,0
Molinia,Erebia_aethiops,0,0.2747068575502552,1
Molinia,Erebia_pandrose,0,-0.05078406240794617,0
Molinia,Erebia_flavofasciata,0,-0.01479517901265932,0
Molinia,Erebia_gorge,0,-0.02059569531457172,0
Molinia,Erebia_pluto,0,-0.02059569531457172,0
Molinia,Erebia_sudetica,0,-0.10710299544362432,0
Molinia,Erebia_melampus,0,-0.052491654633393746,0
Molinia,Erebia_manto,0,-0.014588554567673894,0
Molinia,Erebia_eriphyle,0,-0.06925172424961151,0
Molinia,Erebia_euryale,0,0.20342963165908515,1
Molinia,Erebia_ligea,0,0.014135314405622726,0
Molinia,Erebia_oeme,1,0.3149596735337944,1
Molinia,Erebia_mnestra,0,-0.0752070361248022,0
Molinia,Erebia_styx,0,-0.060411857112142975,0
Calamagrostis,Parnassius_mnemosyne,0,0,0
Calamagrostis,Parnassius_apollo,0,0,0
Calamagrostis,Parnassius_phoebus,0,0,0
Calamagrostis,Iphiclides_podalirius,0,-3.103934671685014e-34,0
Calamagrostis,Papilio_machaon,0,8.694697208618891e-17,0
Calamagrostis,Carcharodus_alceae,0,-5.09568762975022e-18,0
Calamagrostis,Spialia_sertorius,0,7.480123123574314e-18,0
Calamagrostis,Erynnis_tages,0,4.851714047582677e-17,0
Calamagrostis,Pyrgus_carthami,0,2.0111085641117574e-16,0
Calamagrostis,Pyrgus_malvae,0,-3.929263610029147e-17,0
Calamagrostis,Pyrgus_andromedae,0,1.3839975652206628e-16,0
Calamagrostis,Pyrgus_cacaliae,0,2.0704234560792689e-16,0
Calamagrostis,Pyrgus_serratulae,0,-1.0597942416232805e-16,0
Calamagrostis,Pyrgus_armoricanus,0,-5.279648280579605e-17,0
Calamagrostis,Pyrgus_cirsii,0,5.5343515242853164e-17,0
Calamagrostis,Pyrgus_carlinae,0,-4.4811698409976117e-17,0
Calamagrostis,Pyrgus_alveus,0,-7.95056460992971e-17,0
Calamagrostis,Heteropterus_morpheus,0,0.0013095481325754055,0
Calamagrostis,Carterocephalus_palaemon,1,0.15044706069195035,1
Calamagrostis,Thymelicus_acteon,1,0.67074346357077,1
Calamagrostis,Thymelicus_sylvestris,0,-0.02034122031952282,0
Calamagrostis,Thymelicus_lineola,0,0.021630903747534215,0
Calamagrostis,Ochlodes_sylvanus,0,-0.017295953279953407,0
Calamagrostis,Hesperia_comma,0,-0.13399578145702423,0
Calamagrostis,Gonepteryx_rhamni,0,7.914985394740058e-17,0
Calamagrostis,Colias_alfacariensis,0,1.0695378388796821e-16,0
Calamagrostis,Colias_phicomone,0,-3.0820825515578524e-16,0
Calamagrostis,Colias_palaeno,0,-1.18997353347298e-16,0
Calamagrostis,Anthocharis_cardamines,0,1.7791160388755374e-17,0
Calamagrostis,Aporia_crataegi,0,-4.0174163134472356e-17,0
Calamagrostis,Pontia_callidice,0,7.25162062926475e-17,0
Calamagrostis,Pieris_brassicae,0,1.744696124341588e-16,0
Calamagrostis,Pieris_mannii,0,2.28808537971714e-16,0
Calamagrostis,Pieris_bryoniae,0,8.060547318956938e-17,0
Calamagrostis,Hamearis_lucina,0,-1.489040288339909e-17,0
Calamagrostis,Lycaena_phlaeas,0,1.6814010752802386e-17,0
Calamagrostis,Lycaena_virgaureae,0,-1.3862149408479281e-16,0
Calamagrostis,Lycaena_helle,0,-6.842944374339352e-17,0
Calamagrostis,Lycaena_alciphron,0,-1.468785364340878e-16,0
Calamagrostis,Lycaena_dispar,0,-1.3277301134533877e-17,0
Calamagrostis,Lycaena_hippothoe,0,2.5517969846347656e-17,0
Calamagrostis,Thecla_betulae,0,-1.0005113612103848e-16,0
Calamagrostis,Favonius_quercus,0,-7.38120163057415e-18,0
Calamagrostis,Satyrium_acaciae,0,-8.097257794182166e-17,0
Calamagrostis,Satyrium_spini,0,6.77868756341457e-18,0
Calamagrostis,Satyrium_ilicis,0,-5.340280576065132e-19,0
Calamagrostis,Lampides_boeticus,0,-1.2374166893445076e-17,0
Calamagrostis,Celastrina_argiolus,0,2.1419661802651928e-17,0
Calamagrostis,Phengaris_arion,0,-6.606489745807153e-21,0
Calamagrostis,Phengaris_teleius,0,2.0424974923900695e-17,0
Calamagrostis,Phengaris_nausithous,0,2.042497492390074e-17,0
Calamagrostis,Scolitantides_orion,0,-3.491586914843914e-23,0
Calamagrostis,Iolana_iolas,0,-1.5183100183107722e-18,0
Calamagrostis,Glaucopsyche_alexis,0,1.2214546377836068e-16,0
Calamagrostis,Pseudophilotes_baton,0,3.346336405072333e-22,0
Calamagrostis,Leptotes_pirithous,0,1.3327948109967322e-16,0
Calamagrostis,Cupido_argiades,0,-7.110475028091143e-17,0
Calamagrostis,Cupido_alcetas,0,-1.6816937925542655e-16,0
Calamagrostis,Cupido_osiris,0,-1.1533917741771818e-16,0
Calamagrostis,Cupido_minimus,0,2.246459501125598e-16,0
Calamagrostis,Plebejus_argus,0,-5.0128771462127273e-17,0
Calamagrostis,Plebejus_idas,0,9.965284826271692e-17,0
Calamagrostis,Plebejus_argyrognomon,0,-4.70728281091016e-17,0
Calamagrostis,Cyaniris_semiargus,0,2.5821284056818395e-17,0
Calamagrostis,Aricia_nicias,0,-2.78039282349079e-17,0
Calamagrostis,Aricia_artaxerxes,0,-1.8850971514857737e-16,0
Calamagrostis,Aricia_agestis,0,-1.1235407768141523e-16,0
Calamagrostis,Polyommatus_escheri,0,8.963238005468717e-17,0
Calamagrostis,Polyommatus_thersites,0,-1.6802267675287341e-16,0
Calamagrostis,Polyommatus_amandus,0,-1.7387623606236047e-16,0
Calamagrostis,Polyommatus_icarus,0,-3.593944113696276e-17,0
Calamagrostis,Polyommatus_eros,0,-5.2270929119734135e-17,0
Calamagrostis,Polyommatus_dorylas,0,-8.865058697558074e-17,0
Calamagrostis,Polyommatus_damon,0,-1.6802267675287341e-16,0
Calamagrostis,Neptis_rivularis,0,1.8860593337980806e-17,0
Calamagrostis,Limenitis_populi,0,-1.0300986630887019e-38,0
Calamagrostis,Limenitis_reducta,0,-7.64175200836209e-39,0
Calamagrostis,Limenitis_camilla,0,6.579004886641156e-39,0
Calamagrostis,Issoria_lathonia,0,-4.311226246532539e-16,0
Calamagrostis,Brenthis_ino,0,-7.487688110100226e-18,0
Calamagrostis,Argynnis_paphia,0,-4.311226246532539e-16,0
Calamagrostis,Fabriciana_adippe,0,-4.311226246532539e-16,0
Calamagrostis,Boloria_pales,0,-3.680495581993287e-16,0
Calamagrostis,Boloria_napaea,0,-4.311226246532539e-16,0
Calamagrostis,Boloria_aquilonaris,0,-1.2661984408404803e-17,0
Calamagrostis,Boloria_selene,0,-4.311226246532539e-16,0
Calamagrostis,Boloria_dia,0,-4.311226246532539e-16,0
Calamagrostis,Boloria_euphrosyne,0,-4.311226246532539e-16,0
Calamagrostis,Boloria_titania,0,-4.311226246532539e-16,0
Calamagrostis,Apatura_iris,0,1.7537943573523862e-39,0
Calamagrostis,Apatura_ilia,0,3.8075355402057297e-39,0
Calamagrostis,Araschnia_levana,0,1.2622009215194125e-16,0
Calamagrostis,Vanessa_cardui,0,2.6994376743584788e-16,0
Calamagrostis,Vanessa_atalanta,0,1.2622009215194125e-16,0
Calamagrostis,Aglais_io,0,1.4945030164060567e-16,0
Calamagrostis,Aglais_urticae,0,1.2622009215194125e-16,0
Calamagrostis,Nymphalis_polychloros,0,-3.242115883232547e-39,0
Calamagrostis,Nymphalis_antiopa,0,1.7537943573523862e-39,0
Calamagrostis,Euphydryas_cynthia,0,-3.680495581993287e-16,0
Calamagrostis,Euphydryas_intermedia,0,1.7159489976864862e-39,0
Calamagrostis,Melitaea_didyma,0,3.4189286600329533e-16,0
Calamagrostis,Melitaea_phoebe,0,1.0867769693237155e-16,0
Calamagrostis,Melitaea_cinxia,0,8.14676882180595e-17,0
Calamagrostis,Melitaea_diamina,0,0,0
Calamagrostis,Melitaea_aurelia,0,1.2216955115996276e-17,0
Calamagrostis,Melitaea_varia,0,1.2216955115996276e-17,0
Calamagrostis,Melitaea_parthenoides,0,4.527136478446083e-17,0
Calamagrostis,Melitaea_deione,0,5.2277857628179796e-17,0
Calamagrostis,Melitaea_athalia,0,2.0594386500995907e-16,0
Calamagrostis,Melitaea_britomartis,0,8.14676882180595e-17,0
Calamagrostis,Libythea_celtis,0,-2.281659686148929e-39,0
Calamagrostis,Lasiommata_maera,1,0.21830964693772173,1
Calamagrostis,Lasiommata_petropolitana,0,0.07888480660846489,1
Calamagrostis,Lasiommata_megera,0,0.027913398414246293,0
Calamagrostis,Lopinga_achine,0,0.06434500415973884,0
Calamagrostis,Coenonympha_glycerion,0,0.1671047413419748,1
Calamagrostis,Coenonympha_pamphilus,0,-0.15583254455307097,0
Calamagrostis,Coenonympha_tullia,0,0.21835529253202096,1
Calamagrostis,Melanargia_galathea,0,0.08923397215289773,1
Calamagrostis,Hipparchia_statilinus,0,0.2163592782880046,1
Calamagrostis,Hipparchia_fagi,0,0.027913398414246293,0
Calamagrostis,Hipparchia_semele,0,0.07888480660846489,1
Calamagrostis,Oeneis_glacialis,0,0.07888480660846489,1
Calamagrostis,Brintesia_circe,0,0.027913398414246293,0
Calamagrostis,Satyrus_ferula,0,0.07888480660846489,1
Calamagrostis,Hyponephele_lycaon,0,0.26733068648222336,1
Calamagrostis,Aphantopus_hyperantus,0,0.027913398414246293,0
Calamagrostis,Maniola_jurtina,0,0.027913398414246293,0
Calamagrostis,Erebia_nivalis,0,0.07888480660846489,1
Calamagrostis,Erebia_tyndarus,0,-0.0694182372364782,0
Calamagrostis,Erebia_christi,0,0.07888480660846489,1
Calamagrostis,Erebia_pharte,0,0.20300080199523404,1
Calamagrostis,Erebia_epiphron,0,0.07888480660846489,1
Calamagrostis,Erebia_meolans,0,0.07888480660846489,1
Calamagrostis,Erebia_triarius,0,0.26733068648222336,1
Calamagrostis,Erebia_medusa,0,0.10679820502271113,1
Calamagrostis,Erebia_aethiops,0,0.10762097953561198,1
Calamagrostis,Erebia_pandrose,0,-0.04899657996573399,0
Calamagrostis,Erebia_flavofasciata,0,0.07888480660846489,1
Calamagrostis,Erebia_gorge,0,-0.07338368939713723,0
Calamagrostis,Erebia_pluto,0,-0.07338368939713723,0
Calamagrostis,Erebia_sudetica,0,-0.009192233049443096,0
Calamagrostis,Erebia_melampus,0,-0.093805346667881,0
Calamagrostis,Erebia_manto,0,0.011651846297458225,0
Calamagrostis,Erebia_eriphyle,0,0.09928939033698382,1
Calamagrostis,Erebia_euryale,0,-0.10646994877039728,0
Calamagrostis,Erebia_ligea,0,0.08530200580972729,1
Calamagrostis,Erebia_oeme,0,0.11898684793694073,1
Calamagrostis,Erebia_mnestra,0,0.011229424221301066,0
Calamagrostis,Erebia_styx,0,-0.0676553823871638,0
Cynosurus,Parnassius_mnemosyne,0,0,0
Cynosurus,Parnassius_apollo,0,0,0
Cynosurus,Parnassius_phoebus,0,0,0
Cynosurus,Iphiclides_podalirius,0,-4.82107814025531e-34,0
Cynosurus,Papilio_machaon,0,1.8953776482453594e-16,0
Cynosurus,Carcharodus_alceae,0,-1.3047696376282986e-18,0
Cynosurus,Spialia_sertorius,0,2.157003225548401e-17,0
Cynosurus,Erynnis_tages,0,-4.143824133079963e-18,0
Cynosurus,Pyrgus_carthami,0,1.9966636247483185e-16,0
Cynosurus,Pyrgus_malvae,0,-7.107873581581202e-17,0
Cynosurus,Pyrgus_andromedae,0,1.2271910804278572e-16,0
Cynosurus,Pyrgus_cacaliae,0,1.909538488886991e-16,0
Cynosurus,Pyrgus_serratulae,0,-5.747678739174737e-16,0
Cynosurus,Pyrgus_armoricanus,0,-1.3735822400014967e-16,0
Cynosurus,Pyrgus_cirsii,0,3.8583357078338946e-17,0
Cynosurus,Pyrgus_carlinae,0,1.287051840799294e-16,0
Cynosurus,Pyrgus_alveus,0,8.630428212680278e-17,0
Cynosurus,Heteropterus_morpheus,0,-0.06220904893188847,0
Cynosurus,Carterocephalus_palaemon,1,0.20573168909781733,1
Cynosurus,Thymelicus_acteon,0,0.012869319541308523,0
Cynosurus,Thymelicus_sylvestris,1,0.9162733710725814,1
Cynosurus,Thymelicus_lineola,0,0.18342838205309445,1
Cynosurus,Ochlodes_sylvanus,0,-0.038287029197059924,0
Cynosurus,Hesperia_comma,0,-0.30390505969909865,0
Cynosurus,Gonepteryx_rhamni,0,1.6245261664223008e-16,0
Cynosurus,Colias_alfacariensis,0,7.767329054469142e-17,0
Cynosurus,Colias_phicomone,0,-1.9074973084879931e-16,0
Cynosurus,Colias_palaeno,0,-6.644872797543422e-17,0
Cynosurus,Anthocharis_cardamines,0,-3.002742729953301e-16,0
Cynosurus,Aporia_crataegi,0,-8.751619075639225e-17,0
Cynosurus,Pontia_callidice,0,-4.458154475820589e-16,0
Cynosurus,Pieris_brassicae,0,2.1725187394954322e-17,0
Cynosurus,Pieris_mannii,0,4.375716379219167e-17,0
Cynosurus,Pieris_bryoniae,0,-5.6138825215268e-16,0
Cynosurus,Hamearis_lucina,0,1.283131165373577e-17,0
Cynosurus,Lycaena_phlaeas,0,6.43967907733664e-17,0
Cynosurus,Lycaena_virgaureae,0,-1.0773656423417244e-16,0
Cynosurus,Lycaena_helle,0,2.1134999273794206e-17,0
Cynosurus,Lycaena_alciphron,0,-5.739421459102433e-17,0
Cynosurus,Lycaena_dispar,0,1.2426536033178062e-16,0
Cynosurus,Lycaena_hippothoe,0,-2.4189962599243847e-17,0
Cynosurus,Thecla_betulae,0,-1.5596552192162704e-16,0
Cynosurus,Favonius_quercus,0,4.563468611368644e-18,0
Cynosurus,Satyrium_acaciae,0,-1.547916298161869e-16,0
Cynosurus,Satyrium_spini,0,2.407164015858744e-17,0
Cynosurus,Satyrium_ilicis,0,3.083669643293854e-19,0
Cynosurus,Lampides_boeticus,0,-1.2469206365845213e-16,0
Cynosurus,Celastrina_argiolus,0,3.562955613945256e-17,0
Cynosurus,Phengaris_arion,0,4.151290986956908e-21,0
Cynosurus,Phengaris_teleius,0,4.0542160747823795e-17,0
Cynosurus,Phengaris_nausithous,0,4.054216074782376e-17,0
Cynosurus,Scolitantides_orion,0,2.1617716245916254e-23,0
Cynosurus,Iolana_iolas,0,-1.2480894000015057e-16,0
Cynosurus,Glaucopsyche_alexis,0,3.391272964363573e-16,0
Cynosurus,Pseudophilotes_baton,0,-2.079655659654845e-22,0
Cynosurus,Leptotes_pirithous,0,2.2235688450733703e-16,0
Cynosurus,Cupido_argiades,0,9.56087411552304e-17,0
Cynosurus,Cupido_alcetas,0,-6.596693183496696e-17,0
Cynosurus,Cupido_osiris,0,1.122832739129103e-16,0
Cynosurus,Cupido_minimus,0,-2.701549761115602e-16,0
Cynosurus,Plebejus_argus,0,-1.0408426724254686e-16,0
Cynosurus,Plebejus_idas,0,3.1283210028276197e-17,0
Cynosurus,Plebejus_argyrognomon,0,1.0430933786183242e-16,0
Cynosurus,Cyaniris_semiargus,0,4.148529182422339e-17,0
Cynosurus,Aricia_nicias,0,2.110942636820385e-16,0
Cynosurus,Aricia_artaxerxes,0,-8.039905762648903e-17,0
Cynosurus,Aricia_agestis,0,1.644347392699415e-16,0
Cynosurus,Polyommatus_escheri,0,-1.25459417648374e-16,0
Cynosurus,Polyommatus_thersites,0,1.779190405343645e-16,0
Cynosurus,Polyommatus_amandus,0,-8.882842700953289e-17,0
Cynosurus,Polyommatus_icarus,0,-2.3535604830729453e-16,0
Cynosurus,Polyommatus_eros,0,1.617466503020415e-16,0
Cynosurus,Polyommatus_dorylas,0,-2.3859988631516163e-16,0
Cynosurus,Polyommatus_damon,0,1.779190405343645e-16,0
Cynosurus,Neptis_rivularis,0,1.6722690880051845e-17,0
Cynosurus,Limenitis_populi,0,6.469204144680069e-39,0
Cynosurus,Limenitis_reducta,0,4.8068804223286587e-39,0
Cynosurus,Limenitis_camilla,0,-4.1384848970276736e-39,0
Cynosurus,Issoria_lathonia,0,-2.2795359899481527e-16,0
Cynosurus,Brenthis_ino,0,-3.485847550125967e-18,0
Cynosurus,Argynnis_paphia,0,-2.2795359899481527e-16,0
Cynosurus,Fabriciana_adippe,0,-2.2795359899481527e-16,0
Cynosurus,Boloria_pales,0,-1.3868118239814526e-16,0
Cynosurus,Boloria_napaea,0,-2.2795359899481527e-16,0
Cynosurus,Boloria_aquilonaris,0,-2.95259871319044e-17,0
Cynosurus,Boloria_selene,0,-2.2795359899481527e-16,0
Cynosurus,Boloria_dia,0,-2.2795359899481527e-16,0
Cynosurus,Boloria_euphrosyne,0,-2.2795359899481527e-16,0
Cynosurus,Boloria_titania,0,-2.2795359899481527e-16,0
Cynosurus,Apatura_iris,0,-1.0915609627052673e-39,0
Cynosurus,Apatura_ilia,0,-2.4081421174312896e-39,0
Cynosurus,Araschnia_levana,0,-2.1763843621141648e-16,0
Cynosurus,Vanessa_cardui,0,-4.533179351515575e-16,0
Cynosurus,Vanessa_atalanta,0,-2.1763843621141648e-16,0
Cynosurus,Aglais_io,0,-2.5799646167608423e-16,0
Cynosurus,Aglais_urticae,0,-2.1763843621141648e-16,0
Cynosurus,Nymphalis_polychloros,0,2.040162425893921e-39,0
Cynosurus,Nymphalis_antiopa,0,-1.0915609627052673e-39,0
Cynosurus,Euphydryas_cynthia,0,-1.3868118239814526e-16,0
Cynosurus,Euphydryas_intermedia,0,-1.0794074746742453e-39,0
Cynosurus,Melitaea_didyma,0,-1.3190684021568794e-16,0
Cynosurus,Melitaea_phoebe,0,-1.1900267075555234e-16,0
Cynosurus,Melitaea_cinxia,0,-7.078195827865677e-17,0
Cynosurus,Melitaea_diamina,0,0,0
Cynosurus,Melitaea_aurelia,0,-3.7368597328413894e-17,0
Cynosurus,Melitaea_varia,0,-3.7368597328413894e-17,0
Cynosurus,Melitaea_parthenoides,0,-4.2758458180291696e-17,0
Cynosurus,Melitaea_deione,0,-2.866992585535401e-17,0
Cynosurus,Melitaea_athalia,0,-1.3670934418181935e-16,0
Cynosurus,Melitaea_britomartis,0,-7.078195827865677e-17,0
Cynosurus,Libythea_celtis,0,1.4243396407496618e-39,0
Cynosurus,Lasiommata_maera,0,0.07860957307527616,1
Cynosurus,Lasiommata_petropolitana,0,0.06758735271258255,1
Cynosurus,Lasiommata_megera,0,-0.04663414630203532,0
Cynosurus,Lopinga_achine,0,0.19114189167291876,1
Cynosurus,Coenonympha_glycerion,1,0.6817479814260213,1
Cynosurus,Coenonympha_pamphilus,0,-0.19404580061754811,0
Cynosurus,Coenonympha_tullia,0,-0.031068301593703954,0
Cynosurus,Melanargia_galathea,0,0.11736412542444535,1
Cynosurus,Hipparchia_statilinus,0,-0.09122328667876878,0
Cynosurus,Hipparchia_fagi,0,-0.04663414630203532,0
Cynosurus,Hipparchia_semele,0,0.06758735271258255,1
Cynosurus,Oeneis_glacialis,0,0.06758735271258255,1
Cynosurus,Brintesia_circe,0,-0.04663414630203532,0
Cynosurus,Satyrus_ferula,0,0.06758735271258255,1
Cynosurus,Hyponephele_lycaon,0,0.02299821233584914,0
Cynosurus,Aphantopus_hyperantus,0,-0.04663414630203532,0
Cynosurus,Maniola_jurtina,0,-0.04663414630203532,0
Cynosurus,Erebia_nivalis,0,0.06758735271258255,1
Cynosurus,Erebia_tyndarus,0,0.02690191806044031,0
Cynosurus,Erebia_christi,0,0.06758735271258255,1
Cynosurus,Erebia_pharte,0,-0.07043601235125008,0
Cynosurus,Erebia_epiphron,0,0.06758735271258255,1
Cynosurus,Erebia_meolans,0,0.06758735271258255,1
Cynosurus,Erebia_triarius,0,0.02299821233584914,0
Cynosurus,Erebia_medusa,0,0.020953206410547095,0
Cynosurus,Erebia_aethiops,0,0.23090502849890007,1
Cynosurus,Erebia_pandrose,0,-0.04012014527521808,0
Cynosurus,Erebia_flavofasciata,0,0.06758735271258255,1
Cynosurus,Erebia_gorge,0,-0.06788962298179808,0
Cynosurus,Erebia_pluto,0,-0.06788962298179808,0
Cynosurus,Erebia_sudetica,0,0.1377965093604686,1
Cynosurus,Erebia_melampus,0,-8.675596461394795e-4,0
Cynosurus,Erebia_manto,0,-0.09558368612252639,0
Cynosurus,Erebia_eriphyle,0,0.07022400283051973,1
Cynosurus,Erebia_euryale,0,0.03297702503309214,0
Cynosurus,Erebia_ligea,0,0.1769565287290518,1
Cynosurus,Erebia_oeme,0,-0.16842072840866,0
Cynosurus,Erebia_mnestra,0,0.0707744460248101,1
Cynosurus,Erebia_styx,0,0.0031870933122275674,0
Bromus,Parnassius_mnemosyne,0,0,0
Bromus,Parnassius_apollo,0,0,0
Bromus,Parnassius_phoebus,0,0,0
Bromus,Iphiclides_podalirius,0,-1.688155449500609e-33,0
Bromus,Papilio_machaon,0,6.532775019785858e-16,0
Bromus,Carcharodus_alceae,0,5.589111048743917e-17,0
Bromus,Spialia_sertorius,0,5.639950439276083e-17,0
Bromus,Erynnis_tages,0,-1.2488594391221217e-16,0
Bromus,Pyrgus_carthami,0,-1.0132422013213265e-16,0
Bromus,Pyrgus_malvae,0,-7.423908357267815e-16,0
Bromus,Pyrgus_andromedae,0,-1.2390306706694836e-16,0
Bromus,Pyrgus_cacaliae,0,1.825083690010309e-17,0
Bromus,Pyrgus_serratulae,0,7.022603730511314e-16,0
Bromus,Pyrgus_armoricanus,0,1.063864986560592e-15,0
Bromus,Pyrgus_cirsii,0,-4.776628143742466e-16,0
Bromus,Pyrgus_carlinae,0,-6.541239058400623e-16,0
Bromus,Pyrgus_alveus,0,-4.637918955658696e-16,0
Bromus,Heteropterus_morpheus,0,-0.06244062649899239,0
Bromus,Carterocephalus_palaemon,0,-0.01872074788778991,0
Bromus,Thymelicus_acteon,1,1.2032600437577843,1
Bromus,Thymelicus_sylvestris,1,1.0600507895967783,1
Bromus,Thymelicus_lineola,1,1.107388016928854,1
Bromus,Ochlodes_sylvanus,1,1.0435636186697357,1
Bromus,Hesperia_comma,0,0.003187380866131549,0
Bromus,Gonepteryx_rhamni,0,1.794306174428137e-16,0
Bromus,Colias_alfacariensis,0,4.529594401731825e-16,0
Bromus,Colias_phicomone,0,-1.015348152638612e-15,0
Bromus,Colias_palaeno,0,-3.9580524183265975e-16,0
Bromus,Anthocharis_cardamines,0,-2.85182028474322e-16,0
Bromus,Aporia_crataegi,0,-3.126334751905163e-16,0
Bromus,Pontia_callidice,0,1.1674225439401718e-16,0
Bromus,Pieris_brassicae,0,2.7702885880100676e-16,0
Bromus,Pieris_mannii,0,1.9890877146450556e-16,0
Bromus,Pieris_bryoniae,0,-3.152857175944451e-16,0
Bromus,Hamearis_lucina,0,8.779544933186277e-17,0
Bromus,Lycaena_phlaeas,0,6.488337926585038e-16,0
Bromus,Lycaena_virgaureae,0,8.88790056915685e-16,0
Bromus,Lycaena_helle,0,-1.6273035952883803e-16,0
Bromus,Lycaena_alciphron,0,5.955244226232347e-16,0
Bromus,Lycaena_dispar,0,9.678343782985542e-16,0
Bromus,Lycaena_hippothoe,0,7.27412511931615e-16,0
Bromus,Thecla_betulae,0,-5.049284158853237e-16,0
Bromus,Favonius_quercus,0,1.89232863371617e-17,0
Bromus,Satyrium_acaciae,0,-5.17212374305405e-16,0
Bromus,Satyrium_spini,0,2.179325786083135e-17,0
Bromus,Satyrium_ilicis,0,1.1364363072503405e-18,0
Bromus,Lampides_boeticus,0,3.1364284817975004e-17,0
Bromus,Celastrina_argiolus,0,2.330302969592446e-17,0
Bromus,Phengaris_arion,0,1.892492863915541e-20,0
Bromus,Phengaris_teleius,0,1.2935970590286945e-16,0
Bromus,Phengaris_nausithous,0,1.2935970590286938e-16,0
Bromus,Scolitantides_orion,0,9.833710984882704e-23,0
Bromus,Iolana_iolas,0,-2.2400197423141182e-18,0
Bromus,Glaucopsyche_alexis,0,6.9736818836750665e-16,0
Bromus,Pseudophilotes_baton,0,-9.437423469279352e-22,0
Bromus,Leptotes_pirithous,0,1.208295125908932e-15,0
Bromus,Cupido_argiades,0,-2.8362402263636854e-16,0
Bromus,Cupido_alcetas,0,-2.057289286065103e-16,0
Bromus,Cupido_osiris,0,3.8365716240821985e-16,0
Bromus,Cupido_minimus,0,-3.3564405133006157e-16,0
Bromus,Plebejus_argus,0,-5.458189128092481e-16,0
Bromus,Plebejus_idas,0,4.503438450436092e-16,0
Bromus,Plebejus_argyrognomon,0,7.980449718243155e-16,0
Bromus,Cyaniris_semiargus,0,1.909285261825464e-16,0
Bromus,Aricia_nicias,0,2.444710504593808e-16,0
Bromus,Aricia_artaxerxes,0,2.0198497527840718e-16,0
Bromus,Aricia_agestis,0,-1.2000283320789366e-16,0
Bromus,Polyommatus_escheri,0,-7.074047956620907e-17,0
Bromus,Polyommatus_thersites,0,2.917140131740663e-17,0
Bromus,Polyommatus_amandus,0,-3.8464776583792564e-16,0
Bromus,Polyommatus_icarus,0,-4.646061093290565e-16,0
Bromus,Polyommatus_eros,0,1.4889655679596493e-16,0
Bromus,Polyommatus_dorylas,0,-5.612868072341197e-16,0
Bromus,Polyommatus_damon,0,2.917140131740663e-17,0
Bromus,Neptis_rivularis,0,6.272070121325428e-17,0
Bromus,Limenitis_populi,0,2.942480142531633e-38,0
Bromus,Limenitis_reducta,0,2.1882106650067928e-38,0
Bromus,Limenitis_camilla,0,-1.883951118697677e-38,0
Bromus,Issoria_lathonia,0,-1.8783356455169437e-17,0
Bromus,Brenthis_ino,0,1.5398721485205042e-17,0
Bromus,Argynnis_paphia,0,-1.8783356455169437e-17,0
Bromus,Fabriciana_adippe,0,-1.8783356455169437e-17,0
Bromus,Boloria_pales,0,-2.0720688464603334e-16,0
Bromus,Boloria_napaea,0,-1.8783356455169437e-17,0
Bromus,Boloria_aquilonaris,0,-2.3403278586368065e-17,0
Bromus,Boloria_selene,0,-1.8783356455169437e-17,0
Bromus,Boloria_dia,0,-1.8783356455169437e-17,0
Bromus,Boloria_euphrosyne,0,-1.8783356455169437e-17,0
Bromus,Boloria_titania,0,-1.8783356455169437e-17,0
Bromus,Apatura_iris,0,-4.941795359034363e-39,0
Bromus,Apatura_ilia,0,-1.0993040751724754e-38,0
Bromus,Araschnia_levana,0,-2.118376110470337e-16,0
Bromus,Vanessa_cardui,0,-4.3338823493421857e-16,0
Bromus,Vanessa_atalanta,0,-2.118376110470337e-16,0
Bromus,Aglais_io,0,-2.512016807958814e-16,0
Bromus,Aglais_urticae,0,-2.118376110470337e-16,0
Bromus,Nymphalis_polychloros,0,9.289081032476311e-39,0
Bromus,Nymphalis_antiopa,0,-4.941795359034363e-39,0
Bromus,Euphydryas_cynthia,0,-2.0720688464603334e-16,0
Bromus,Euphydryas_intermedia,0,-4.9137563167718e-39,0
Bromus,Melitaea_didyma,0,-2.930433805610724e-16,0
Bromus,Melitaea_phoebe,0,-7.788292130580928e-17,0
Bromus,Melitaea_cinxia,0,-1.9917965623150555e-16,0
Bromus,Melitaea_diamina,0,0,0
Bromus,Melitaea_aurelia,0,-1.270858677760814e-16,0
Bromus,Melitaea_varia,0,-1.270858677760814e-16,0
Bromus,Melitaea_parthenoides,0,-1.9949830137351257e-16,0
Bromus,Melitaea_deione,0,-1.2995287773580465e-17,0
Bromus,Melitaea_athalia,0,-2.2065292668990258e-16,0
Bromus,Melitaea_britomartis,0,-1.9917965623150555e-16,0
Bromus,Libythea_celtis,0,6.458399837572489e-39,0
Bromus,Lasiommata_maera,0,-0.0260552196337847,0
Bromus,Lasiommata_petropolitana,0,-0.05396861804803071,0
Bromus,Lasiommata_megera,1,0.8825730237889227,1
Bromus,Lopinga_achine,0,0.06315856747234967,0
Bromus,Coenonympha_glycerion,0,-0.11626345671167172,0
Bromus,Coenonympha_pamphilus,1,1.065862374580092,1
Bromus,Coenonympha_tullia,0,-0.0518887445111938,0
Bromus,Melanargia_galathea,1,1.013714158428724,1
Bromus,Hipparchia_statilinus,1,1.022357889836581,1
Bromus,Hipparchia_fagi,1,0.8825730237889227,1
Bromus,Hipparchia_semele,0,-0.05396861804803071,0
Bromus,Oeneis_glacialis,0,-0.05396861804803071,0
Bromus,Brintesia_circe,1,0.8825730237889227,1
Bromus,Satyrus_ferula,0,-0.05396861804803071,0
Bromus,Hyponephele_lycaon,0,0.08581624799962796,1
Bromus,Aphantopus_hyperantus,1,0.8825730237889227,1
Bromus,Maniola_jurtina,1,0.8825730237889227,1
Bromus,Erebia_nivalis,0,-0.05396861804803071,0
Bromus,Erebia_tyndarus,0,0.0606464072828166,0
Bromus,Erebia_christi,0,-0.05396861804803071,0
Bromus,Erebia_pharte,0,-0.06679749434101746,0
Bromus,Erebia_epiphron,0,-0.05396861804803071,0
Bromus,Erebia_meolans,0,-0.05396861804803071,0
Bromus,Erebia_triarius,0,0.08581624799962796,1
Bromus,Erebia_medusa,1,0.828604405740892,1
Bromus,Erebia_aethiops,1,0.9248487801001495,1
Bromus,Erebia_pandrose,0,0.06404829287239693,0
Bromus,Erebia_flavofasciata,0,-0.05396861804803071,0
Bromus,Erebia_gorge,0,0.06954850820980775,1
Bromus,Erebia_pluto,0,0.06954850820980775,1
Bromus,Erebia_sudetica,0,0.033186069983797487,0
Bromus,Erebia_melampus,0,0.06614662262022827,0
Bromus,Erebia_manto,0,0.07982602707625266,1
Bromus,Erebia_eriphyle,0,-0.021117092727629082,0
Bromus,Erebia_euryale,0,-0.03883103457559906,0
Bromus,Erebia_ligea,0,0.02431368858882975,0
Bromus,Erebia_oeme,0,-0.19547444613424905,0
Bromus,Erebia_mnestra,0,0.03658795557337753,0
Bromus,Erebia_styx,0,0.09055657362140866,1
Carex,Parnassius_mnemosyne,0,0,0
Carex,Parnassius_apollo,0,0,0
Carex,Parnassius_phoebus,0,0,0
Carex,Iphiclides_podalirius,0,-1.0972040523707164e-33,0
Carex,Papilio_machaon,0,4.452348756778369e-16,0
Carex,Carcharodus_alceae,0,8.998546699473627e-18,0
Carex,Spialia_sertorius,0,2.098545929157063e-17,0
Carex,Erynnis_tages,0,-6.299679466165995e-17,0
Carex,Pyrgus_carthami,0,6.037321179018208e-16,0
Carex,Pyrgus_malvae,0,-6.441320631853524e-16,0
Carex,Pyrgus_andromedae,0,9.382680879897167e-17,0
Carex,Pyrgus_cacaliae,0,3.899175299283809e-16,0
Carex,Pyrgus_serratulae,0,-3.5656480462572685e-17,0
Carex,Pyrgus_armoricanus,0,5.720895945347289e-17,0
Carex,Pyrgus_cirsii,0,-1.5228870548138155e-16,0
Carex,Pyrgus_carlinae,0,2.545794405782301e-17,0
Carex,Pyrgus_alveus,0,-3.548995007583946e-17,0
Carex,Heteropterus_morpheus,0,0.023107921053061024,0
Carex,Carterocephalus_palaemon,0,0.15721322580999997,1
Carex,Thymelicus_acteon,1,1.132206716498867,1
Carex,Thymelicus_sylvestris,0,-0.12320982619416991,0
Carex,Thymelicus_lineola,0,-0.1494083305985712,0
Carex,Ochlodes_sylvanus,0,-0.056649462786611225,0
Carex,Hesperia_comma,0,-0.08613579341141672,0
Carex,Gonepteryx_rhamni,0,3.4078512101973377e-16,0
Carex,Colias_alfacariensis,0,1.614188153081166e-16,0
Carex,Colias_phicomone,0,-3.6238351933616743e-16,0
Carex,Colias_palaeno,0,-2.9627728940824245e-16,0
Carex,Anthocharis_cardamines,0,5.171586554178784e-17,0
Carex,Aporia_crataegi,0,-1.6527393175033772e-16,0
Carex,Pontia_callidice,0,7.316198032337763e-17,0
Carex,Pieris_brassicae,0,4.055498930208547e-16,0
Carex,Pieris_mannii,0,1.302619583339794e-16,0
Carex,Pieris_bryoniae,0,8.335324733148397e-16,0
Carex,Hamearis_lucina,0,-7.292461148394394e-17,0
Carex,Lycaena_phlaeas,0,1.1054563341910336e-16,0
Carex,Lycaena_virgaureae,0,-1.0182909098695799e-16,0
Carex,Lycaena_helle,0,-1.1610622229950794e-16,0
Carex,Lycaena_alciphron,0,-1.8899915053910167e-16,0
Carex,Lycaena_dispar,0,7.931923466596363e-17,0
Carex,Lycaena_hippothoe,0,1.0488705472859823e-16,0
Carex,Thecla_betulae,0,-4.203089908574977e-16,0
Carex,Favonius_quercus,0,-9.05803672499715e-18,0
Carex,Satyrium_acaciae,0,-3.951111410921407e-16,0
Carex,Satyrium_spini,0,3.282894325011948e-17,0
Carex,Satyrium_ilicis,0,-6.790337050730227e-19,0
Carex,Lampides_boeticus,0,6.641645204826445e-17,0
Carex,Celastrina_argiolus,0,6.497750086406275e-17,0
Carex,Phengaris_arion,0,-7.947568115059233e-21,0
Carex,Phengaris_teleius,0,8.528663354898303e-17,0
Carex,Phengaris_nausithous,0,8.528663354898311e-17,0
Carex,Scolitantides_orion,0,-4.223244927452996e-23,0
Carex,Iolana_iolas,0,7.86039254064757e-17,0
Carex,Glaucopsyche_alexis,0,7.638299702353726e-16,0
Carex,Pseudophilotes_baton,0,4.0439917703793545e-22,0
Carex,Leptotes_pirithous,0,2.4560590104736753e-16,0
Carex,Cupido_argiades,0,-1.222835319541744e-16,0
Carex,Cupido_alcetas,0,3.9209893880752075e-17,0
Carex,Cupido_osiris,0,1.4167787063037696e-16,0
Carex,Cupido_minimus,0,7.056699264558694e-16,0
Carex,Plebejus_argus,0,-6.399026820511242e-17,0
Carex,Plebejus_idas,0,-1.023212252009043e-16,0
Carex,Plebejus_argyrognomon,0,-1.4669895690729842e-16,0
Carex,Cyaniris_semiargus,0,-6.091721412950515e-16,0
Carex,Aricia_nicias,0,5.3545156159773485e-17,0
Carex,Aricia_artaxerxes,0,-1.6012945864964821e-16,0
Carex,Aricia_agestis,0,-2.4734705089466136e-16,0
Carex,Polyommatus_escheri,0,-1.8454262692581734e-17,0
Carex,Polyommatus_thersites,0,-2.399096430196774e-16,0
Carex,Polyommatus_amandus,0,-6.691513773867596e-16,0
Carex,Polyommatus_icarus,0,1.726258433680404e-16,0
Carex,Polyommatus_eros,0,-1.4632161388788767e-16,0
Carex,Polyommatus_dorylas,0,2.789646047467649e-16,0
Carex,Polyommatus_damon,0,-2.399096430196774e-16,0
Carex,Neptis_rivularis,0,5.511363554325288e-17,0
Carex,Limenitis_populi,0,-1.2399159244542612e-38,0
Carex,Limenitis_reducta,0,-9.191885768169001e-39,0
Carex,Limenitis_camilla,0,7.913484307542755e-39,0
Carex,Issoria_lathonia,0,4.196838274774219e-16,0
Carex,Brenthis_ino,0,-1.9322222523947672e-17,0
Carex,Argynnis_paphia,0,4.196838274774219e-16,0
Carex,Fabriciana_adippe,0,4.196838274774219e-16,0
Carex,Boloria_pales,0,4.701038186614099e-16,0
Carex,Boloria_napaea,0,4.196838274774219e-16,0
Carex,Boloria_aquilonaris,0,-2.4490775025236453e-17,0
Carex,Boloria_selene,0,4.196838274774219e-16,0
Carex,Boloria_dia,0,4.196838274774219e-16,0
Carex,Boloria_euphrosyne,0,4.196838274774219e-16,0
Carex,Boloria_titania,0,4.196838274774219e-16,0
Carex,Apatura_iris,0,2.119153626175598e-39,0
Carex,Apatura_ilia,0,4.569091389675306e-39,0
Carex,Araschnia_levana,0,1.356764513946517e-17,0
Carex,Vanessa_cardui,0,2.701112983111834e-17,0
Carex,Vanessa_atalanta,0,1.356764513946517e-17,0
Carex,Aglais_io,0,1.5876451786476315e-17,0
Carex,Aglais_urticae,0,1.356764513946517e-17,0
Carex,Nymphalis_polychloros,0,-3.899142479088298e-39,0
Carex,Nymphalis_antiopa,0,2.119153626175598e-39,0
Carex,Euphydryas_cynthia,0,4.701038186614099e-16,0
Carex,Euphydryas_intermedia,0,2.064010791690936e-39,0
Carex,Melitaea_didyma,0,6.005760131249888e-16,0
Carex,Melitaea_phoebe,0,-1.6753354405668053e-17,0
Carex,Melitaea_cinxia,0,3.058773225945057e-16,0
Carex,Melitaea_diamina,0,0,0
Carex,Melitaea_aurelia,0,7.398832198113554e-17,0
Carex,Melitaea_varia,0,7.398832198113554e-17,0
Carex,Melitaea_parthenoides,0,2.207951016686689e-16,0
Carex,Melitaea_deione,0,7.324274446376134e-17,0
Carex,Melitaea_athalia,0,3.371702695572064e-16,0
Carex,Melitaea_britomartis,0,3.058773225945057e-16,0
Carex,Libythea_celtis,0,-2.7534895523265396e-39,0
Carex,Lasiommata_maera,0,0.11906073693548382,1
Carex,Lasiommata_petropolitana,0,-0.06528126263832068,0
Carex,Lasiommata_megera,0,-0.040289213592004804,0
Carex,Lopinga_achine,0,0.1762889253108649,1
Carex,Coenonympha_glycerion,0,0.12441977654090335,1
Carex,Coenonympha_pamphilus,0,0.10351281119181505,1
Carex,Coenonympha_tullia,1,0.7217344855701392,1
Carex,Melanargia_galathea,0,-0.002575860605910535,0
Carex,Hipparchia_statilinus,0,0.18741328535296567,1
Carex,Hipparchia_fagi,0,-0.040289213592004804,0
Carex,Hipparchia_semele,0,-0.06528126263832068,0
Carex,Oeneis_glacialis,0,-0.06528126263832068,0
Carex,Brintesia_circe,0,-0.040289213592004804,0
Carex,Satyrus_ferula,0,-0.06528126263832068,0
Carex,Hyponephele_lycaon,0,0.16242123630665023,1
Carex,Aphantopus_hyperantus,0,-0.040289213592004804,0
Carex,Maniola_jurtina,0,-0.040289213592004804,0
Carex,Erebia_nivalis,0,-0.06528126263832068,0
Carex,Erebia_tyndarus,0,0.03199626357427006,0
Carex,Erebia_christi,0,-0.06528126263832068,0
Carex,Erebia_pharte,1,0.5840871794363331,1
Carex,Erebia_epiphron,0,-0.06528126263832068,0
Carex,Erebia_meolans,0,-0.06528126263832068,0
Carex,Erebia_triarius,0,0.16242123630665023,1
Carex,Erebia_medusa,0,-0.10557047623032564,0
Carex,Erebia_aethiops,1,1.0738669385653088,1
Carex,Erebia_pandrose,0,-0.0434505623478965,0
Carex,Erebia_flavofasciata,0,-0.06528126263832068,0
Carex,Erebia_gorge,0,0.09094538713830314,1
Carex,Erebia_pluto,0,0.09094538713830314,1
Carex,Erebia_sudetica,0,0.025768530061788197,0
Carex,Erebia_melampus,0,0.16639221306047067,1
Carex,Erebia_manto,1,0.8748141842609632,1
Carex,Erebia_eriphyle,1,0.8727660735870512,1
Carex,Erebia_euryale,1,1.2368490717864136,1
Carex,Erebia_ligea,1,0.7513037009770621,1
Carex,Erebia_oeme,1,0.9882217503222569,1
Carex,Erebia_mnestra,0,-0.049678295860378544,0
Carex,Erebia_styx,0,0.01560296677794187,0
Brachypodium,Parnassius_mnemosyne,0,0,0
Brachypodium,Parnassius_apollo,0,0,0
Brachypodium,Parnassius_phoebus,0,0,0
Brachypodium,Iphiclides_podalirius,0,-1.2907013839055887e-33,0
Brachypodium,Papilio_machaon,0,5.335502911605207e-16,0
Brachypodium,Carcharodus_alceae,0,2.893669931486176e-17,0
Brachypodium,Spialia_sertorius,0,6.166922077651022e-17,0
Brachypodium,Erynnis_tages,0,-5.729908800186104e-18,0
Brachypodium,Pyrgus_carthami,0,3.4176738110114886e-16,0
Brachypodium,Pyrgus_malvae,0,-4.898672916001853e-16,0
Brachypodium,Pyrgus_andromedae,0,1.0453588691893788e-16,0
Brachypodium,Pyrgus_cacaliae,0,2.995007555778563e-16,0
Brachypodium,Pyrgus_serratulae,0,-5.13722144360543e-16,0
Brachypodium,Pyrgus_armoricanus,0,2.2732479691539815e-16,0
Brachypodium,Pyrgus_cirsii,0,-1.258131208095475e-16,0
Brachypodium,Pyrgus_carlinae,0,-9.413026670735311e-17,0
Brachypodium,Pyrgus_alveus,0,-6.465219255962892e-17,0
Brachypodium,Heteropterus_morpheus,0,0.09767714012316887,1
Brachypodium,Carterocephalus_palaemon,0,0.22531884546513206,1
Brachypodium,Thymelicus_acteon,1,0.7345244785434236,1
Brachypodium,Thymelicus_sylvestris,1,1.2296059961068972,1
Brachypodium,Thymelicus_lineola,1,0.728979488205621,1
Brachypodium,Ochlodes_sylvanus,1,1.2486910090103074,1
Brachypodium,Hesperia_comma,0,-0.09903750376057212,0
Brachypodium,Gonepteryx_rhamni,0,6.65102038045398e-17,0
Brachypodium,Colias_alfacariensis,0,2.9213358016128904e-16,0
Brachypodium,Colias_phicomone,0,-7.909728476490155e-16,0
Brachypodium,Colias_palaeno,0,-1.8926797090486158e-16,0
Brachypodium,Anthocharis_cardamines,0,-4.105007066775584e-16,0
Brachypodium,Aporia_crataegi,0,-2.5597030360669187e-16,0
Brachypodium,Pontia_callidice,0,-1.1250379911035663e-16,0
Brachypodium,Pieris_brassicae,0,3.0582641928068816e-16,0
Brachypodium,Pieris_mannii,0,9.850678059146227e-17,0
Brachypodium,Pieris_bryoniae,0,-1.1089969394425487e-16,0
Brachypodium,Hamearis_lucina,0,-5.405443465973147e-18,0
Brachypodium,Lycaena_phlaeas,0,-2.7153466600873744e-16,0
Brachypodium,Lycaena_virgaureae,0,-4.4362674052483993e-16,0
Brachypodium,Lycaena_helle,0,7.304871720315584e-17,0
Brachypodium,Lycaena_alciphron,0,-2.7079343610509654e-16,0
Brachypodium,Lycaena_dispar,0,-3.8762671287721075e-16,0
Brachypodium,Lycaena_hippothoe,0,-3.2256462824317867e-16,0
Brachypodium,Thecla_betulae,0,-4.1636945075485326e-16,0
Brachypodium,Favonius_quercus,0,-7.310608819788035e-18,0
Brachypodium,Satyrium_acaciae,0,-3.7076092730868093e-16,0
Brachypodium,Satyrium_spini,0,-2.1104539694408056e-18,0
Brachypodium,Satyrium_ilicis,0,-4.3339740746345976e-19,0
Brachypodium,Lampides_boeticus,0,-3.0647033522896413e-16,0
Brachypodium,Celastrina_argiolus,0,-5.020492847642348e-18,0
Brachypodium,Phengaris_arion,0,-7.371787260169193e-21,0
Brachypodium,Phengaris_teleius,0,8.831669981938739e-17,0
Brachypodium,Phengaris_nausithous,0,8.831669981938741e-17,0
Brachypodium,Scolitantides_orion,0,-3.828736522400951e-23,0
Brachypodium,Iolana_iolas,0,-2.9070350799460625e-16,0
Brachypodium,Glaucopsyche_alexis,0,4.833403487155119e-16,0
Brachypodium,Pseudophilotes_baton,0,3.6739703167358583e-22,0
Brachypodium,Leptotes_pirithous,0,8.494954650452044e-16,0
Brachypodium,Cupido_argiades,0,1.3056878993319072e-16,0
Brachypodium,Cupido_alcetas,0,-5.671214544746875e-17,0
Brachypodium,Cupido_osiris,0,-2.2019151097826778e-17,0
Brachypodium,Cupido_minimus,0,-1.93605984396152e-16,0
Brachypodium,Plebejus_argus,0,-4.853015092000126e-16,0
Brachypodium,Plebejus_idas,0,2.650343592752839e-16,0
Brachypodium,Plebejus_argyrognomon,0,4.61599784934858e-16,0
Brachypodium,Cyaniris_semiargus,0,-6.030357045384485e-17,0
Brachypodium,Aricia_nicias,0,4.41955424918966e-16,0
Brachypodium,Aricia_artaxerxes,0,1.666428134100864e-16,0
Brachypodium,Aricia_agestis,0,2.490910650063142e-16,0
Brachypodium,Polyommatus_escheri,0,2.5765522092175957e-16,0
Brachypodium,Polyommatus_thersites,0,1.6223648068326844e-17,0
Brachypodium,Polyommatus_amandus,0,-3.9564243222023315e-16,0
Brachypodium,Polyommatus_icarus,0,-3.202742204462772e-16,0
Brachypodium,Polyommatus_eros,0,2.97752972692315e-16,0
Brachypodium,Polyommatus_dorylas,0,-5.233500266646472e-16,0
Brachypodium,Polyommatus_damon,0,1.6223648068326844e-17,0
Brachypodium,Neptis_rivularis,0,9.598467760233431e-17,0
Brachypodium,Limenitis_populi,0,-1.1459489372175012e-38,0
Brachypodium,Limenitis_reducta,0,-8.522821386078915e-39,0
Brachypodium,Limenitis_camilla,0,7.337773481401955e-39,0
Brachypodium,Issoria_lathonia,0,-4.794448454569374e-17,0
Brachypodium,Brenthis_ino,0,3.553822306644985e-18,0
Brachypodium,Argynnis_paphia,0,-4.794448454569374e-17,0
Brachypodium,Fabriciana_adippe,0,-4.794448454569374e-17,0
Brachypodium,Boloria_pales,0,9.939378908639841e-17,0
Brachypodium,Boloria_napaea,0,-4.794448454569374e-17,0
Brachypodium,Boloria_aquilonaris,0,-1.1541099006735145e-17,0
Brachypodium,Boloria_selene,0,-4.794448454569374e-17,0
Brachypodium,Boloria_dia,0,-4.794448454569374e-17,0
Brachypodium,Boloria_euphrosyne,0,-4.794448454569374e-17,0
Brachypodium,Boloria_titania,0,-4.794448454569374e-17,0
Brachypodium,Apatura_iris,0,1.9235241240796902e-39,0
Brachypodium,Apatura_ilia,0,4.283059688228162e-39,0
Brachypodium,Araschnia_levana,0,3.1448140616243942e-16,0
Brachypodium,Vanessa_cardui,0,6.499556823454231e-16,0
Brachypodium,Vanessa_atalanta,0,3.1448140616243942e-16,0
Brachypodium,Aglais_io,0,3.73861639796444e-16,0
Brachypodium,Aglais_urticae,0,3.1448140616243942e-16,0
Brachypodium,Nymphalis_polychloros,0,-3.6180685311102424e-39,0
Brachypodium,Nymphalis_antiopa,0,1.9235241240796902e-39,0
Brachypodium,Euphydryas_cynthia,0,9.939378908639841e-17,0
Brachypodium,Euphydryas_intermedia,0,1.9138516830708702e-39,0
Brachypodium,Melitaea_didyma,0,-1.3619381290849077e-16,0
Brachypodium,Melitaea_phoebe,0,1.396387823135362e-16,0
Brachypodium,Melitaea_cinxia,0,-5.754322005759665e-17,0
Brachypodium,Melitaea_diamina,0,0,0
Brachypodium,Melitaea_aurelia,0,2.5512499006678443e-17,0
Brachypodium,Melitaea_varia,0,2.5512499006678443e-17,0
Brachypodium,Melitaea_parthenoides,0,7.34920598388269e-18,0
Brachypodium,Melitaea_deione,0,-4.77827646838565e-17,0
Brachypodium,Melitaea_athalia,0,-1.6564957700291714e-16,0
Brachypodium,Melitaea_britomartis,0,-5.754322005759665e-17,0
Brachypodium,Libythea_celtis,0,-2.514302185061043e-39,0
Brachypodium,Lasiommata_maera,0,0.12319856690049444,1
Brachypodium,Lasiommata_petropolitana,0,0.06187799316184278,0
Brachypodium,Lasiommata_megera,0,0.13114113463980173,1
Brachypodium,Lopinga_achine,1,0.3891678095027673,1
Brachypodium,Coenonympha_glycerion,1,0.8405182289201778,1
Brachypodium,Coenonympha_pamphilus,0,-0.05072408128759934,0
Brachypodium,Coenonympha_tullia,0,0.0384303130116525,0
Brachypodium,Melanargia_galathea,1,0.49911832699698405,1
Brachypodium,Hipparchia_statilinus,0,0.15600887824677456,1
Brachypodium,Hipparchia_fagi,0,0.13114113463980173,1
Brachypodium,Hipparchia_semele,0,0.06187799316184278,0
Brachypodium,Oeneis_glacialis,0,0.06187799316184278,0
Brachypodium,Brintesia_circe,0,0.13114113463980173,1
Brachypodium,Satyrus_ferula,0,0.06187799316184278,0
Brachypodium,Hyponephele_lycaon,0,0.08674573676881603,1
Brachypodium,Aphantopus_hyperantus,0,0.13114113463980173,1
Brachypodium,Maniola_jurtina,0,0.13114113463980173,1
Brachypodium,Erebia_nivalis,0,0.06187799316184278,0
Brachypodium,Erebia_tyndarus,0,-0.014337297616000885,0
Brachypodium,Erebia_christi,0,0.06187799316184278,0
Brachypodium,Erebia_pharte,0,-0.019110132905614082,0
Brachypodium,Erebia_epiphron,0,0.06187799316184278,0
Brachypodium,Erebia_meolans,0,0.06187799316184278,0
Brachypodium,Erebia_triarius,0,0.08674573676881603,1
Brachypodium,Erebia_medusa,0,0.19301912780164443,1
Brachypodium,Erebia_aethiops,1,0.9047916214196454,1
Brachypodium,Erebia_pandrose,0,-0.1852943788884022,0
Brachypodium,Erebia_flavofasciata,0,0.06187799316184278,0
Brachypodium,Erebia_gorge,0,-0.18801514557353757,0
Brachypodium,Erebia_pluto,0,-0.18801514557353757,0
Brachypodium,Erebia_sudetica,0,0.10436418143754998,1
Brachypodium,Erebia_melampus,0,-0.017058064301135396,0
Brachypodium,Erebia_manto,0,-0.04122270447688462,0
Brachypodium,Erebia_eriphyle,0,0.10139015840738588,1
Brachypodium,Erebia_euryale,0,0.17969153951800063,1
Brachypodium,Erebia_ligea,0,0.16018197124565195,1
Brachypodium,Erebia_oeme,0,0.11626163196740874,1
Brachypodium,Erebia_mnestra,0,-0.06659289983485167,0
Brachypodium,Erebia_styx,0,-0.12847089299669445,0
Stipa,Parnassius_mnemosyne,0,0,0
Stipa,Parnassius_apollo,0,0,0
Stipa,Parnassius_phoebus,0,0,0
Stipa,Iphiclides_podalirius,0,-3.6321388814813766e-34,0
Stipa,Papilio_machaon,0,1.2407668761735111e-16,0
Stipa,Carcharodus_alceae,0,-1.9665367168159444e-18,0
Stipa,Spialia_sertorius,0,8.917970470595841e-18,0
Stipa,Erynnis_tages,0,6.099579767872543e-17,0
Stipa,Pyrgus_carthami,0,2.0917167913334308e-16,0
Stipa,Pyrgus_malvae,0,-1.0084944675325191e-16,0
Stipa,Pyrgus_andromedae,0,1.470424233083474e-16,0
Stipa,Pyrgus_cacaliae,0,2.0565605849535623e-16,0
Stipa,Pyrgus_serratulae,0,8.493410258861682e-17,0
Stipa,Pyrgus_armoricanus,0,8.496342738427751e-17,0
Stipa,Pyrgus_cirsii,0,1.623604130690575e-17,0
Stipa,Pyrgus_carlinae,0,-1.4963503547994725e-16,0
Stipa,Pyrgus_alveus,0,-1.7970277640681547e-16,0
Stipa,Heteropterus_morpheus,0,-0.007626624104604061,0
Stipa,Carterocephalus_palaemon,0,0.14385673949702502,1
Stipa,Thymelicus_acteon,1,0.9674479869398007,1
Stipa,Thymelicus_sylvestris,0,-0.1981648744871728,0
Stipa,Thymelicus_lineola,0,0.06984757030544676,1
Stipa,Ochlodes_sylvanus,0,-0.04579142687213182,0
Stipa,Hesperia_comma,0,-0.07858559649611273,0
Stipa,Gonepteryx_rhamni,0,6.577765856701025e-17,0
Stipa,Colias_alfacariensis,0,1.8591674191416617e-16,0
Stipa,Colias_phicomone,0,-4.604967165968087e-16,0
Stipa,Colias_palaeno,0,-1.6841981513712877e-16,0
Stipa,Anthocharis_cardamines,0,-2.5430184747956606e-16,0
Stipa,Aporia_crataegi,0,-5.1889568279541144e-17,0
Stipa,Pontia_callidice,0,-3.717356773739774e-16,0
Stipa,Pieris_brassicae,0,2.0969455113163927e-16,0
Stipa,Pieris_mannii,0,3.246855544686761e-16,0
Stipa,Pieris_bryoniae,0,-7.512878977680393e-16,0
Stipa,Hamearis_lucina,0,-9.199324648405989e-18,0
Stipa,Lycaena_phlaeas,0,1.231961798233051e-16,0
Stipa,Lycaena_virgaureae,0,-1.2444703952631151e-17,0
Stipa,Lycaena_helle,0,-1.2901055879577839e-16,0
Stipa,Lycaena_alciphron,0,-8.05064654416683e-17,0
Stipa,Lycaena_dispar,0,1.3006463991568516e-16,0
Stipa,Lycaena_hippothoe,0,1.7236581397915536e-16,0
Stipa,Thecla_betulae,0,-1.380377485795401e-16,0
Stipa,Favonius_quercus,0,-7.786077125566589e-18,0
Stipa,Satyrium_acaciae,0,-1.2032612757214873e-16,0
Stipa,Satyrium_spini,0,5.339516212421796e-18,0
Stipa,Satyrium_ilicis,0,-6.0069963369929575e-19,0
Stipa,Lampides_boeticus,0,4.14569478636695e-17,0
Stipa,Celastrina_argiolus,0,2.3013828028184748e-17,0
Stipa,Phengaris_arion,0,-6.618726208470375e-21,0
Stipa,Phengaris_teleius,0,2.9754301800762456e-17,0
Stipa,Phengaris_nausithous,0,2.975430180076247e-17,0
Stipa,Scolitantides_orion,0,-3.5208653035226013e-23,0
Stipa,Iolana_iolas,0,5.059114183697572e-17,0
Stipa,Glaucopsyche_alexis,0,1.3009054429779136e-16,0
Stipa,Pseudophilotes_baton,0,3.374031778528423e-22,0
Stipa,Leptotes_pirithous,0,1.7762963203754763e-16,0
Stipa,Cupido_argiades,0,-1.565230784120861e-16,0
Stipa,Cupido_alcetas,0,-2.5245789177973987e-16,0
Stipa,Cupido_osiris,0,-1.673910768576561e-16,0
Stipa,Cupido_minimus,0,3.370919698322751e-16,0
Stipa,Plebejus_argus,0,-4.995735689045618e-17,0
Stipa,Plebejus_idas,0,1.6268475430775754e-16,0
Stipa,Plebejus_argyrognomon,0,-5.5391516665661365e-17,0
Stipa,Cyaniris_semiargus,0,1.1717671694943799e-16,0
Stipa,Aricia_nicias,0,-1.0800402601490851e-16,0
Stipa,Aricia_artaxerxes,0,-2.464264569660454e-16,0
Stipa,Aricia_agestis,0,-2.1905438516646472e-16,0
Stipa,Polyommatus_escheri,0,1.1737767630165293e-16,0
Stipa,Polyommatus_thersites,0,-2.4840331428830123e-16,0
Stipa,Polyommatus_amandus,0,-2.149569038421983e-16,0
Stipa,Polyommatus_icarus,0,-3.227142794225085e-17,0
Stipa,Polyommatus_eros,0,-1.026522243139719e-16,0
Stipa,Polyommatus_dorylas,0,-9.099191397014105e-17,0
Stipa,Polyommatus_damon,0,-2.4840331428830123e-16,0
Stipa,Neptis_rivularis,0,1.8688337051265267e-17,0
Stipa,Limenitis_populi,0,-1.0334546532935696e-38,0
Stipa,Limenitis_reducta,0,-7.65876589051925e-39,0
Stipa,Limenitis_camilla,0,6.593571924184419e-39,0
Stipa,Issoria_lathonia,0,-4.3007627593467695e-17,0
Stipa,Brenthis_ino,0,-8.193533023961144e-18,0
Stipa,Argynnis_paphia,0,-4.3007627593467695e-17,0
Stipa,Fabriciana_adippe,0,-4.3007627593467695e-17,0
Stipa,Boloria_pales,0,2.561829876012873e-17,0
Stipa,Boloria_napaea,0,-4.3007627593467695e-17,0
Stipa,Boloria_aquilonaris,0,-1.2880167871686402e-17,0
Stipa,Boloria_selene,0,-4.3007627593467695e-17,0
Stipa,Boloria_dia,0,-4.3007627593467695e-17,0
Stipa,Boloria_euphrosyne,0,-4.3007627593467695e-17,0
Stipa,Boloria_titania,0,-4.3007627593467695e-17,0
Stipa,Apatura_iris,0,1.76952427859276e-39,0
Stipa,Apatura_ilia,0,3.802715564245626e-39,0
Stipa,Araschnia_levana,0,3.3443894989574823e-17,0
Stipa,Vanessa_cardui,0,7.602969132764904e-17,0
Stipa,Vanessa_atalanta,0,3.3443894989574823e-17,0
Stipa,Aglais_io,0,3.881298719351281e-17,0
Stipa,Aglais_urticae,0,3.3443894989574823e-17,0
Stipa,Nymphalis_polychloros,0,-3.2485540955891716e-39,0
Stipa,Nymphalis_antiopa,0,1.76952427859276e-39,0
Stipa,Euphydryas_cynthia,0,2.561829876012873e-17,0
Stipa,Euphydryas_intermedia,0,1.7197487041003498e-39,0
Stipa,Melitaea_didyma,0,1.265343947848146e-16,0
Stipa,Melitaea_phoebe,0,4.26953040518784e-17,0
Stipa,Melitaea_cinxia,0,4.3343752721581785e-17,0
Stipa,Melitaea_diamina,0,0,0
Stipa,Melitaea_aurelia,0,3.652503960045048e-17,0
Stipa,Melitaea_varia,0,3.652503960045048e-17,0
Stipa,Melitaea_parthenoides,0,2.5981724660900023e-17,0
Stipa,Melitaea_deione,0,1.7391070880415596e-18,0
Stipa,Melitaea_athalia,0,3.7237540631371544e-17,0
Stipa,Melitaea_britomartis,0,4.3343752721581785e-17,0
Stipa,Libythea_celtis,0,-2.297818175778124e-39,0
Stipa,Lasiommata_maera,0,0.31045938838639503,1
Stipa,Lasiommata_petropolitana,0,0.12201350851263669,1
Stipa,Lasiommata_megera,0,0.13978486604765897,1
Stipa,Lopinga_achine,0,0.004366222357869958,0
Stipa,Coenonympha_glycerion,0,0.021950592524385363,0
Stipa,Coenonympha_pamphilus,0,-0.02892862200559575,0
Stipa,Coenonympha_tullia,0,0.271957888143744,1
Stipa,Melanargia_galathea,0,0.1646526096546322,1
Stipa,Hipparchia_statilinus,1,0.42774833135505347,1
Stipa,Hipparchia_fagi,0,0.13978486604765897,1
Stipa,Hipparchia_semele,0,0.12201350851263669,1
Stipa,Oeneis_glacialis,0,0.12201350851263669,1
Stipa,Brintesia_circe,0,0.13978486604765897,1
Stipa,Satyrus_ferula,0,0.12201350851263669,1
Stipa,Hyponephele_lycaon,1,0.4099769738200313,1
Stipa,Aphantopus_hyperantus,0,0.13978486604765897,1
Stipa,Maniola_jurtina,0,0.13978486604765897,1
Stipa,Erebia_nivalis,0,0.12201350851263669,1
Stipa,Erebia_tyndarus,0,-0.06780951816763103,0
Stipa,Erebia_christi,0,0.12201350851263669,1
Stipa,Erebia_pharte,0,0.3064352564708807,1
Stipa,Erebia_epiphron,0,0.12201350851263669,1
Stipa,Erebia_meolans,0,0.12201350851263669,1
Stipa,Erebia_triarius,1,0.4099769738200313,1
Stipa,Erebia_medusa,0,0.26179837456029564,1
Stipa,Erebia_aethiops,0,0.07971614990500114,1
Stipa,Erebia_pandrose,0,0.020413062607173845,0
Stipa,Erebia_flavofasciata,0,0.12201350851263669,1
Stipa,Erebia_gorge,0,-0.018365238905397457,0
Stipa,Erebia_pluto,0,-0.018365238905397457,0
Stipa,Erebia_sudetica,0,-0.024528767180904455,0
Stipa,Erebia_melampus,0,-0.1065878196802018,0
Stipa,Erebia_manto,0,-8.988292478679669e-4,0
Stipa,Erebia_eriphyle,0,0.060658702002326696,0
Stipa,Erebia_euryale,0,-0.2070384269041971,0
Stipa,Erebia_ligea,0,0.05029097854786868,0
Stipa,Erebia_oeme,0,0.11589276860757358,1
Stipa,Erebia_mnestra,0,0.06369381359390042,0
Stipa,Erebia_styx,0,-0.058319694918736134,0
Elymus,Parnassius_mnemosyne,0,0,0
Elymus,Parnassius_apollo,0,0,0
Elymus,Parnassius_phoebus,0,0,0
Elymus,Iphiclides_podalirius,0,-2.7618820081128646e-34,0
Elymus,Papilio_machaon,0,1.050097645241061e-16,0
Elymus,Carcharodus_alceae,0,9.231702359748208e-18,0
Elymus,Spialia_sertorius,0,2.0876486168248774e-17,0
Elymus,Erynnis_tages,0,7.091279226935674e-17,0
Elymus,Pyrgus_carthami,0,1.0466381863567462e-16,0
Elymus,Pyrgus_malvae,0,-8.842945790091352e-17,0
Elymus,Pyrgus_andromedae,0,6.560942249767518e-17,0
Elymus,Pyrgus_cacaliae,0,1.168452311671645e-16,0
Elymus,Pyrgus_serratulae,0,-4.014440805672448e-17,0
Elymus,Pyrgus_armoricanus,0,2.0979002008260238e-17,0
Elymus,Pyrgus_cirsii,0,1.965079539043311e-17,0
Elymus,Pyrgus_carlinae,0,-1.2144151506780386e-16,0
Elymus,Pyrgus_alveus,0,-7.94013196296841e-17,0
Elymus,Heteropterus_morpheus,0,0.12535821576375167,1
Elymus,Carterocephalus_palaemon,0,0.025497659535760192,0
Elymus,Thymelicus_acteon,1,0.5538370320966354,1
Elymus,Thymelicus_sylvestris,0,-0.10069954862000086,0
Elymus,Thymelicus_lineola,0,0.15649751588806815,1
Elymus,Ochlodes_sylvanus,1,0.8070207439690271,1
Elymus,Hesperia_comma,0,0.09660491971961112,1
Elymus,Gonepteryx_rhamni,0,-1.2500503891853914e-16,0
Elymus,Colias_alfacariensis,0,1.022001344348128e-16,0
Elymus,Colias_phicomone,0,-3.6671068866725423e-16,0
Elymus,Colias_palaeno,0,-7.757008049326888e-17,0
Elymus,Anthocharis_cardamines,0,2.4373181783655943e-17,0
Elymus,Aporia_crataegi,0,-5.5294030730928374e-17,0
Elymus,Pontia_callidice,0,3.153562585664212e-16,0
Elymus,Pieris_brassicae,0,2.1123530789460347e-16,0
Elymus,Pieris_mannii,0,1.0467751208853678e-16,0
Elymus,Pieris_bryoniae,0,3.9256439291596967e-16,0
Elymus,Hamearis_lucina,0,-2.7302317842119135e-17,0
Elymus,Lycaena_phlaeas,0,-2.2894784917255156e-16,0
Elymus,Lycaena_virgaureae,0,-2.8103073282809126e-16,0
Elymus,Lycaena_helle,0,6.828363796688959e-18,0
Elymus,Lycaena_alciphron,0,-1.5476401028497217e-16,0
Elymus,Lycaena_dispar,0,-3.2866462233389144e-16,0
Elymus,Lycaena_hippothoe,0,-1.7370178614883837e-16,0
Elymus,Thecla_betulae,0,-7.988567624608633e-17,0
Elymus,Favonius_quercus,0,-1.0073218302631654e-17,0
Elymus,Satyrium_acaciae,0,-4.780499421693591e-17,0
Elymus,Satyrium_spini,0,-2.451225271252517e-17,0
Elymus,Satyrium_ilicis,0,-6.545160138094986e-19,0
Elymus,Lampides_boeticus,0,-7.94927090848647e-17,0
Elymus,Celastrina_argiolus,0,-3.5168549231740064e-17,0
Elymus,Phengaris_arion,0,-9.537728732572282e-21,0
Elymus,Phengaris_teleius,0,1.3050770553972146e-17,0
Elymus,Phengaris_nausithous,0,1.3050770553972205e-17,0
Elymus,Scolitantides_orion,0,-4.9716770553462355e-23,0
Elymus,Iolana_iolas,0,-6.492802374105454e-17,0
Elymus,Glaucopsyche_alexis,0,-1.4770295957831407e-17,0
Elymus,Pseudophilotes_baton,0,4.775043311437897e-22,0
Elymus,Leptotes_pirithous,0,2.8275930428241155e-16,0
Elymus,Cupido_argiades,0,3.151587840186556e-17,0
Elymus,Cupido_alcetas,0,-2.3630498619110286e-17,0
Elymus,Cupido_osiris,0,-1.4087266538765423e-16,0
Elymus,Cupido_minimus,0,8.221965022725349e-17,0
Elymus,Plebejus_argus,0,-2.2059131163388615e-16,0
Elymus,Plebejus_idas,0,1.6066010711220408e-16,0
Elymus,Plebejus_argyrognomon,0,1.57348184290666e-16,0
Elymus,Cyaniris_semiargus,0,-8.600828201665035e-17,0
Elymus,Aricia_nicias,0,8.915425028711508e-17,0
Elymus,Aricia_artaxerxes,0,1.4359381835669087e-16,0
Elymus,Aricia_agestis,0,1.0099963907688434e-20,0
Elymus,Polyommatus_escheri,0,2.9761820872405857e-16,0
Elymus,Polyommatus_thersites,0,-1.5514236654373146e-16,0
Elymus,Polyommatus_amandus,0,-2.213673663286158e-16,0
Elymus,Polyommatus_icarus,0,-1.8337949967369153e-17,0
Elymus,Polyommatus_eros,0,4.097723761179067e-17,0
Elymus,Polyommatus_dorylas,0,-1.9332137725249748e-16,0
Elymus,Polyommatus_damon,0,-1.5514236654373146e-16,0
Elymus,Neptis_rivularis,0,4.3865579329411604e-17,0
Elymus,Limenitis_populi,0,-1.4848584536130409e-38,0
Elymus,Limenitis_reducta,0,-1.1034964314479013e-38,0
Elymus,Limenitis_camilla,0,9.50054834211846e-39,0
Elymus,Issoria_lathonia,0,5.334286469566721e-17,0
Elymus,Brenthis_ino,0,9.621547306525179e-18,0
Elymus,Argynnis_paphia,0,5.334286469566721e-17,0
Elymus,Fabriciana_adippe,0,5.334286469566721e-17,0
Elymus,Boloria_pales,0,1.376160214769055e-17,0
Elymus,Boloria_napaea,0,5.334286469566721e-17,0
Elymus,Boloria_aquilonaris,0,1.2303271576945489e-17,0
Elymus,Boloria_selene,0,5.334286469566721e-17,0
Elymus,Boloria_dia,0,5.334286469566721e-17,0
Elymus,Boloria_euphrosyne,0,5.334286469566721e-17,0
Elymus,Boloria_titania,0,5.334286469566721e-17,0
Elymus,Apatura_iris,0,2.5031018582266132e-39,0
Elymus,Apatura_ilia,0,5.5313474580963824e-39,0
Elymus,Araschnia_levana,0,1.527385896286667e-16,0
Elymus,Vanessa_cardui,0,3.14536692494856e-16,0
Elymus,Vanessa_atalanta,0,1.527385896286667e-16,0
Elymus,Aglais_io,0,1.804978274303223e-16,0
Elymus,Aglais_urticae,0,1.527385896286667e-16,0
Elymus,Nymphalis_polychloros,0,-4.683688279614503e-39,0
Elymus,Nymphalis_antiopa,0,2.5031018582266132e-39,0
Elymus,Euphydryas_cynthia,0,1.376160214769055e-17,0
Elymus,Euphydryas_intermedia,0,2.477950954914098e-39,0
Elymus,Melitaea_didyma,0,-3.6953928394818036e-16,0
Elymus,Melitaea_phoebe,0,4.1336073484683664e-17,0
Elymus,Melitaea_cinxia,0,-1.5761466684920512e-16,0
Elymus,Melitaea_diamina,0,0,0
Elymus,Melitaea_aurelia,0,-5.287351862038816e-17,0
Elymus,Melitaea_varia,0,-5.287351862038816e-17,0
Elymus,Melitaea_parthenoides,0,-9.752240525435203e-17,0
Elymus,Melitaea_deione,0,-6.474506574183065e-17,0
Elymus,Melitaea_athalia,0,-3.172755572086432e-16,0
Elymus,Melitaea_britomartis,0,-1.5761466684920512e-16,0
Elymus,Libythea_celtis,0,-3.267219956652711e-39,0
Elymus,Lasiommata_maera,0,0.07411281865842026,1
Elymus,Lasiommata_petropolitana,0,0.004816047017367311,0
Elymus,Lasiommata_megera,0,0.062136834459161405,0
Elymus,Lopinga_achine,0,0.0976682512444968,1
Elymus,Coenonympha_glycerion,0,0.04978417942848662,0
Elymus,Coenonympha_pamphilus,0,-0.1273968158437706,0
Elymus,Coenonympha_tullia,0,0.09136269917686557,1
Elymus,Melanargia_galathea,0,0.1736413156738819,1
Elymus,Hipparchia_statilinus,0,0.1608203676182064,1
Elymus,Hipparchia_fagi,0,0.062136834459161405,0
Elymus,Hipparchia_semele,0,0.004816047017367311,0
Elymus,Oeneis_glacialis,0,0.004816047017367311,0
Elymus,Brintesia_circe,0,0.062136834459161405,0
Elymus,Satyrus_ferula,0,0.004816047017367311,0
Elymus,Hyponephele_lycaon,0,0.10349958017641255,1
Elymus,Aphantopus_hyperantus,0,0.062136834459161405,0
Elymus,Maniola_jurtina,0,0.062136834459161405,0
Elymus,Erebia_nivalis,0,0.004816047017367311,0
Elymus,Erebia_tyndarus,0,-0.14691527462600323,0
Elymus,Erebia_christi,0,0.004816047017367311,0
Elymus,Erebia_pharte,0,0.0653341286645814,0
Elymus,Erebia_epiphron,0,0.004816047017367311,0
Elymus,Erebia_meolans,0,0.004816047017367311,0
Elymus,Erebia_triarius,0,0.10349958017641255,1
Elymus,Erebia_medusa,0,0.06695288147652874,1
Elymus,Erebia_aethiops,0,0.24546599787313034,1
Elymus,Erebia_pandrose,0,-0.06515695455490625,0
Elymus,Erebia_flavofasciata,0,0.004816047017367311,0
Elymus,Erebia_gorge,0,-0.06306530164455963,0
Elymus,Erebia_pluto,0,-0.06306530164455963,0
Elymus,Erebia_sudetica,0,-0.12783598624938664,0
Elymus,Erebia_melampus,0,-0.14482362171565621,0
Elymus,Erebia_manto,0,-0.07004229870919315,0
Elymus,Erebia_eriphyle,0,-0.06689089321314712,0
Elymus,Erebia_euryale,0,-0.011984549343248978,0
Elymus,Erebia_ligea,0,0.053338356494262454,0
Elymus,Erebia_oeme,0,0.21513678067236486,1
Elymus,Erebia_mnestra,0,-0.046077666178289796,0
Elymus,Erebia_styx,0,-0.05089371319565709,0
Festuca,Parnassius_mnemosyne,0,0,0
Festuca,Parnassius_apollo,0,0,0
Festuca,Parnassius_phoebus,0,0,0
Festuca,Iphiclides_podalirius,0,-3.4769482422656956e-33,0
Festuca,Papilio_machaon,0,1.3493362184584875e-15,0
Festuca,Carcharodus_alceae,0,7.953331481989694e-17,0
Festuca,Spialia_sertorius,0,1.0972836786018598e-16,0
Festuca,Erynnis_tages,0,-2.4437601736249614e-16,0
Festuca,Pyrgus_carthami,0,1.1583431684505674e-15,0
Festuca,Pyrgus_malvae,0,-1.922734937420737e-15,0
Festuca,Pyrgus_andromedae,0,-2.7356364500005784e-17,0
Festuca,Pyrgus_cacaliae,0,-9.625677830527349e-17,0
Festuca,Pyrgus_serratulae,0,-3.6258902718571685e-16,0
Festuca,Pyrgus_armoricanus,0,1.4648538491575208e-15,0
Festuca,Pyrgus_cirsii,0,-7.815126634566855e-16,0
Festuca,Pyrgus_carlinae,0,1.8577664944302774e-16,0
Festuca,Pyrgus_alveus,0,-1.3692251938844333e-16,0
Festuca,Heteropterus_morpheus,0,-0.014795179012658,0
Festuca,Carterocephalus_palaemon,0,0.1464721593210493,1
Festuca,Thymelicus_acteon,0,0.14834247461397607,1
Festuca,Thymelicus_sylvestris,1,1.0514348994518716,1
Festuca,Thymelicus_lineola,1,1.0525043396279194,1
Festuca,Ochlodes_sylvanus,0,-0.040267469816367966,0
Festuca,Hesperia_comma,1,1.1913788326748247,1
Festuca,Gonepteryx_rhamni,0,-2.65996922704896e-16,0
Festuca,Colias_alfacariensis,0,9.091086673771425e-16,0
Festuca,Colias_phicomone,0,-1.3484351063769504e-15,0
Festuca,Colias_palaeno,0,5.802439932641774e-17,0
Festuca,Anthocharis_cardamines,0,-9.710908846482428e-16,0
Festuca,Aporia_crataegi,0,-4.33258292029401e-16,0
Festuca,Pontia_callidice,0,-1.677765852951902e-16,0
Festuca,Pieris_brassicae,0,-3.5801049256853923e-16,0
Festuca,Pieris_mannii,0,-1.3963039020976713e-16,0
Festuca,Pieris_bryoniae,0,-2.427034691130429e-16,0
Festuca,Hamearis_lucina,0,1.140339065758285e-17,0
Festuca,Lycaena_phlaeas,0,-1.8938668594844408e-16,0
Festuca,Lycaena_virgaureae,0,-2.9681807308398684e-16,0
Festuca,Lycaena_helle,0,1.2187321833061753e-17,0
Festuca,Lycaena_alciphron,0,-1.9622510960994497e-16,0
Festuca,Lycaena_dispar,0,-2.783739579804619e-16,0
Festuca,Lycaena_hippothoe,0,-1.7900058828233556e-16,0
Festuca,Thecla_betulae,0,-1.07650907599105e-15,0
Festuca,Favonius_quercus,0,-8.578279753418424e-18,0
Festuca,Satyrium_acaciae,0,-1.085475254819342e-15,0
Festuca,Satyrium_spini,0,-2.462566964189496e-17,0
Festuca,Satyrium_ilicis,0,-5.558539114872056e-19,0
Festuca,Lampides_boeticus,0,-2.5713883765624986e-16,0
Festuca,Celastrina_argiolus,0,-2.1601654161547046e-17,0
Festuca,Phengaris_arion,0,-8.192858823199959e-21,0
Festuca,Phengaris_teleius,0,2.1552477138833455e-16,0
Festuca,Phengaris_nausithous,0,2.155247713883346e-16,0
Festuca,Scolitantides_orion,0,-4.2779059416013643e-23,0
Festuca,Iolana_iolas,0,-2.432010035448267e-16,0
Festuca,Glaucopsyche_alexis,0,8.716241144973814e-16,0
Festuca,Pseudophilotes_baton,0,4.1055790835817026e-22,0
Festuca,Leptotes_pirithous,0,1.9840707151925562e-16,0
Festuca,Cupido_argiades,0,2.9749646829306193e-16,0
Festuca,Cupido_alcetas,0,-1.4988989098733375e-16,0
Festuca,Cupido_osiris,0,-7.940670906293437e-16,0
Festuca,Cupido_minimus,0,5.513573858712576e-16,0
Festuca,Plebejus_argus,0,5.616986424718741e-17,0
Festuca,Plebejus_idas,0,-3.881091261451943e-17,0
Festuca,Plebejus_argyrognomon,0,-4.2920683718066305e-16,0
Festuca,Cyaniris_semiargus,0,9.228751525285674e-16,0
Festuca,Aricia_nicias,0,4.222729445713755e-17,0
Festuca,Aricia_artaxerxes,0,-2.1181873719998275e-16,0
Festuca,Aricia_agestis,0,2.7437934332472435e-16,0
Festuca,Polyommatus_escheri,0,1.6612691382862861e-16,0
Festuca,Polyommatus_thersites,0,2.592866068783169e-16,0
Festuca,Polyommatus_amandus,0,-2.8870320300545587e-16,0
Festuca,Polyommatus_icarus,0,1.5652649525873315e-16,0
Festuca,Polyommatus_eros,0,3.914056469102979e-16,0
Festuca,Polyommatus_dorylas,0,2.81890069405059e-16,0
Festuca,Polyommatus_damon,0,2.592866068783169e-16,0
Festuca,Neptis_rivularis,0,7.26361800893123e-17,0
Festuca,Limenitis_populi,0,-1.2752535765648316e-38,0
Festuca,Limenitis_reducta,0,-9.476163292806849e-39,0
Festuca,Limenitis_camilla,0,8.158478054196389e-39,0
Festuca,Issoria_lathonia,0,7.123800481867792e-17,0
Festuca,Brenthis_ino,0,-3.876240031716951e-17,0
Festuca,Argynnis_paphia,0,7.123800481867792e-17,0
Festuca,Fabriciana_adippe,0,7.123800481867792e-17,0
Festuca,Boloria_pales,0,6.192468029664647e-17,0
Festuca,Boloria_napaea,0,7.123800481867792e-17,0
Festuca,Boloria_aquilonaris,0,1.0883994668613894e-17,0
Festuca,Boloria_selene,0,7.123800481867792e-17,0
Festuca,Boloria_dia,0,7.123800481867792e-17,0
Festuca,Boloria_euphrosyne,0,7.123800481867792e-17,0
Festuca,Boloria_titania,0,7.123800481867792e-17,0
Festuca,Apatura_iris,0,2.1511603154399466e-39,0
Festuca,Apatura_ilia,0,4.74812759917931e-39,0
Festuca,Araschnia_levana,0,-4.805731135011906e-17,0
Festuca,Vanessa_cardui,0,-1.0305512551313437e-16,0
Festuca,Vanessa_atalanta,0,-4.805731135011906e-17,0
Festuca,Aglais_io,0,-5.805013053265349e-17,0
Festuca,Aglais_urticae,0,-4.805731135011906e-17,0
Festuca,Nymphalis_polychloros,0,-4.021955961683723e-39,0
Festuca,Nymphalis_antiopa,0,2.1511603154399466e-39,0
Festuca,Euphydryas_cynthia,0,6.192468029664647e-17,0
Festuca,Euphydryas_intermedia,0,2.1279096909308488e-39,0
Festuca,Melitaea_didyma,0,-1.0551824409892502e-15,0
Festuca,Melitaea_phoebe,0,-7.196536055788684e-17,0
Festuca,Melitaea_cinxia,0,-4.2436756783361118e-16,0
Festuca,Melitaea_diamina,0,0,0
Festuca,Melitaea_aurelia,0,-9.943069316533702e-17,0
Festuca,Melitaea_varia,0,-9.943069316533702e-17,0
Festuca,Melitaea_parthenoides,0,-2.894585816585959e-16,0
Festuca,Melitaea_deione,0,-1.9708652842812712e-16,0
Festuca,Melitaea_athalia,0,-8.424751388499442e-16,0
Festuca,Melitaea_britomartis,0,-4.2436756783361118e-16,0
Festuca,Libythea_celtis,0,-2.807234021743e-39,0
Festuca,Lasiommata_maera,1,1.0006854304938724,1
Festuca,Lasiommata_petropolitana,1,0.921800623885407,1
Festuca,Lasiommata_megera,0,-0.053968618048024414,0
Festuca,Lopinga_achine,0,0.02537965659489642,0
Festuca,Coenonympha_glycerion,1,1.0915891577744188,1
Festuca,Coenonympha_pamphilus,1,1.0721793366145218,1
Festuca,Coenonympha_tullia,0,-0.06875824561719326,0
Festuca,Melanargia_galathea,0,0.007909375113823041,0
Festuca,Hipparchia_statilinus,0,0.0680448904646132,1
Festuca,Hipparchia_fagi,0,-0.053968618048024414,0
Festuca,Hipparchia_semele,1,0.921800623885407,1
Festuca,Oeneis_glacialis,1,0.921800623885407,1
Festuca,Brintesia_circe,0,-0.053968618048024414,0
Festuca,Satyrus_ferula,1,0.921800623885407,1
Festuca,Hyponephele_lycaon,1,1.0438141323980439,1
Festuca,Aphantopus_hyperantus,0,-0.053968618048024414,0
Festuca,Maniola_jurtina,0,-0.053968618048024414,0
Festuca,Erebia_nivalis,1,0.921800623885407,1
Festuca,Erebia_tyndarus,1,1.0866935769637391,1
Festuca,Erebia_christi,1,0.921800623885407,1
Festuca,Erebia_pharte,1,0.9837531227261407,1
Festuca,Erebia_epiphron,1,0.921800623885407,1
Festuca,Erebia_meolans,1,0.921800623885407,1
Festuca,Erebia_triarius,1,1.0438141323980439,1
Festuca,Erebia_medusa,1,0.8678320058373824,1
Festuca,Erebia_aethiops,1,0.8694850792025403,1
Festuca,Erebia_pandrose,1,1.1069803400389155,1
Festuca,Erebia_flavofasciata,1,0.921800623885407,1
Festuca,Erebia_gorge,1,1.020523360018286,1
Festuca,Erebia_pluto,1,1.020523360018286,1
Festuca,Erebia_sudetica,1,0.9594598154846856,1
Festuca,Erebia_melampus,1,1.0002365969431088,1
Festuca,Erebia_manto,0,0.013154710419383807,0
Festuca,Erebia_eriphyle,0,-0.06412040760598946,0
Festuca,Erebia_euryale,1,1.0102570836752764,1
Festuca,Erebia_ligea,0,-0.03594581252693269,0
Festuca,Erebia_oeme,0,-0.028465885232112707,0
Festuca,Erebia_mnestra,1,0.9797465785598622,1
Festuca,Erebia_styx,0,0.05794595467445586,0
Alopecurus,Parnassius_mnemosyne,0,0,0
Alopecurus,Parnassius_apollo,0,0,0
Alopecurus,Parnassius_phoebus,0,0,0
Alopecurus,Iphiclides_podalirius,0,-2.490738967789094e-34,0
Alopecurus,Papilio_machaon,0,1.1041084183178287e-16,0
Alopecurus,Carcharodus_alceae,0,3.1183152372198236e-18,0
Alopecurus,Spialia_sertorius,0,1.032088740762071e-17,0
Alopecurus,Erynnis_tages,0,-2.935841775252152e-17,0
Alopecurus,Pyrgus_carthami,0,3.591593586122345e-17,0
Alopecurus,Pyrgus_malvae,0,-6.791924211517743e-17,0
Alopecurus,Pyrgus_andromedae,0,1.6440541103573713e-17,0
Alopecurus,Pyrgus_cacaliae,0,4.8755863398788434e-17,0
Alopecurus,Pyrgus_serratulae,0,-2.0015464007362847e-16,0
Alopecurus,Pyrgus_armoricanus,0,1.8193144488877443e-17,0
Alopecurus,Pyrgus_cirsii,0,-2.851355508657937e-17,0
Alopecurus,Pyrgus_carlinae,0,3.258235120178653e-17,0
Alopecurus,Pyrgus_alveus,0,2.9287151024677923e-17,0
Alopecurus,Heteropterus_morpheus,0,-0.04974177481075162,0
Alopecurus,Carterocephalus_palaemon,0,0.07252638413466057,1
Alopecurus,Thymelicus_acteon,0,-0.07514422709880014,0
Alopecurus,Thymelicus_sylvestris,1,0.5539074039711432,1
Alopecurus,Thymelicus_lineola,0,0.1564671523640537,1
Alopecurus,Ochlodes_sylvanus,0,-0.02555532152119927,0
Alopecurus,Hesperia_comma,0,-0.14867423614040695,0
Alopecurus,Gonepteryx_rhamni,0,1.0325312606452916e-16,0
Alopecurus,Colias_alfacariensis,0,3.687603018647921e-17,0
Alopecurus,Colias_phicomone,0,-6.671347122386837e-17,0
Alopecurus,Colias_palaeno,0,-3.45997192883771e-17,0
Alopecurus,Anthocharis_cardamines,0,-9.738511959882055e-17,0
Alopecurus,Aporia_crataegi,0,-5.337307187783992e-17,0
Alopecurus,Pontia_callidice,0,-1.286808193707376e-16,0
Alopecurus,Pieris_brassicae,0,-1.5910263102357832e-17,0
Alopecurus,Pieris_mannii,0,-1.3877703572361248e-17,0
Alopecurus,Pieris_bryoniae,0,-1.5055878790077873e-16,0
Alopecurus,Hamearis_lucina,0,1.8746054365689227e-17,0
Alopecurus,Lycaena_phlaeas,0,9.714317307921945e-17,0
Alopecurus,Lycaena_virgaureae,0,6.354271196563585e-17,0
Alopecurus,Lycaena_helle,0,1.1772144759099748e-17,0
Alopecurus,Lycaena_alciphron,0,5.010234610896471e-17,0
Alopecurus,Lycaena_dispar,0,1.5969859350110632e-16,0
Alopecurus,Lycaena_hippothoe,0,4.8313740555444995e-17,0
Alopecurus,Thecla_betulae,0,-8.48617722528224e-17,0
Alopecurus,Favonius_quercus,0,5.841345655877773e-18,0
Alopecurus,Satyrium_acaciae,0,-9.116412016104479e-17,0
Alopecurus,Satyrium_spini,0,1.5863378974420527e-17,0
Alopecurus,Satyrium_ilicis,0,3.892012594160528e-19,0
Alopecurus,Lampides_boeticus,0,-5.118539452462689e-17,0
Alopecurus,Celastrina_argiolus,0,2.0777382615627995e-17,0
Alopecurus,Phengaris_arion,0,5.438357366728839e-21,0
Alopecurus,Phengaris_teleius,0,2.35754914216437e-17,0
Alopecurus,Phengaris_nausithous,0,2.3575491421643672e-17,0
Alopecurus,Scolitantides_orion,0,2.839694658882273e-23,0
Alopecurus,Iolana_iolas,0,-5.704858228780572e-17,0
Alopecurus,Glaucopsyche_alexis,0,1.9629695609783017e-16,0
Alopecurus,Pseudophilotes_baton,0,-2.727547649579484e-22,0
Alopecurus,Leptotes_pirithous,0,1.5366286970920654e-16,0
Alopecurus,Cupido_argiades,0,2.9055070684213235e-17,0
Alopecurus,Cupido_alcetas,0,-1.534839677622514e-17,0
Alopecurus,Cupido_osiris,0,1.2444390418928032e-16,0
Alopecurus,Cupido_minimus,0,-2.0271501710872058e-16,0
Alopecurus,Plebejus_argus,0,-6.071522425802677e-17,0
Alopecurus,Plebejus_idas,0,1.4906084480200424e-17,0
Alopecurus,Plebejus_argyrognomon,0,1.0832557171497063e-16,0
Alopecurus,Cyaniris_semiargus,0,3.117768341391089e-17,0
Alopecurus,Aricia_nicias,0,1.201844293144576e-16,0
Alopecurus,Aricia_artaxerxes,0,-1.0691435092794597e-17,0
Alopecurus,Aricia_agestis,0,9.144006964407517e-17,0
Alopecurus,Polyommatus_escheri,0,-1.1502999041210882e-16,0
Alopecurus,Polyommatus_thersites,0,1.2964385129785927e-16,0
Alopecurus,Polyommatus_amandus,0,-1.445612094148217e-17,0
Alopecurus,Polyommatus_icarus,0,-1.4565925792915675e-16,0
Alopecurus,Polyommatus_eros,0,9.296033270439602e-17,0
Alopecurus,Polyommatus_dorylas,0,-1.241081004549011e-16,0
Alopecurus,Polyommatus_damon,0,1.2964385129785927e-16,0
Alopecurus,Neptis_rivularis,0,5.284232006185956e-18,0
Alopecurus,Limenitis_populi,0,8.470260253229401e-39,0
Alopecurus,Limenitis_reducta,0,6.293017189355625e-39,0
Alopecurus,Limenitis_camilla,0,-5.417953179690265e-39,0
Alopecurus,Issoria_lathonia,0,-8.527872393136909e-17,0
Alopecurus,Brenthis_ino,0,-8.595382295796712e-19,0
Alopecurus,Argynnis_paphia,0,-8.527872393136909e-17,0
Alopecurus,Fabriciana_adippe,0,-8.527872393136909e-17,0
Alopecurus,Boloria_pales,0,-7.013787160697634e-17,0
Alopecurus,Boloria_napaea,0,-8.527872393136909e-17,0
Alopecurus,Boloria_aquilonaris,0,-1.5548277827612668e-17,0
Alopecurus,Boloria_selene,0,-8.527872393136909e-17,0
Alopecurus,Boloria_dia,0,-8.527872393136909e-17,0
Alopecurus,Boloria_euphrosyne,0,-8.527872393136909e-17,0
Alopecurus,Boloria_titania,0,-8.527872393136909e-17,0
Alopecurus,Apatura_iris,0,-1.4301522518949194e-39,0
Alopecurus,Apatura_ilia,0,-3.151398409464096e-39,0
Alopecurus,Araschnia_levana,0,-5.410710056902902e-17,0
Alopecurus,Vanessa_cardui,0,-1.133853427471668e-16,0
Alopecurus,Vanessa_atalanta,0,-5.410710056902902e-17,0
Alopecurus,Aglais_io,0,-6.356585882300332e-17,0
Alopecurus,Aglais_urticae,0,-5.410710056902902e-17,0
Alopecurus,Nymphalis_polychloros,0,2.6708360991014198e-39,0
Alopecurus,Nymphalis_antiopa,0,-1.4301522518949194e-39,0
Alopecurus,Euphydryas_cynthia,0,-7.013787160697634e-17,0
Alopecurus,Euphydryas_intermedia,0,-1.4131208457918913e-39,0
Alopecurus,Melitaea_didyma,0,-6.956740152847498e-17,0
Alopecurus,Melitaea_phoebe,0,-3.002312108986826e-17,0
Alopecurus,Melitaea_cinxia,0,-4.5952206299204426e-17,0
Alopecurus,Melitaea_diamina,0,0,0
Alopecurus,Melitaea_aurelia,0,-3.112826656912831e-17,0
Alopecurus,Melitaea_varia,0,-3.112826656912831e-17,0
Alopecurus,Melitaea_parthenoides,0,-3.4714218957158935e-17,0
Alopecurus,Melitaea_deione,0,-1.0183052909693526e-17,0
Alopecurus,Melitaea_athalia,0,-7.075534906067555e-17,0
Alopecurus,Melitaea_britomartis,0,-4.5952206299204426e-17,0
Alopecurus,Libythea_celtis,0,1.8657439633273645e-39,0
Alopecurus,Lasiommata_maera,0,-0.01772337735538407,0
Alopecurus,Lasiommata_petropolitana,0,0.006551215322969619,0
Alopecurus,Lasiommata_megera,0,0.0325210006831433,0
Alopecurus,Lopinga_achine,0,0.0818861651702567,1
Alopecurus,Coenonympha_glycerion,0,0.28983958296677814,1
Alopecurus,Coenonympha_pamphilus,0,0.024187014427760604,0
Alopecurus,Coenonympha_tullia,0,-0.0635203742460605,0
Alopecurus,Melanargia_galathea,0,0.10331966663593584,1
Alopecurus,Hipparchia_statilinus,0,-0.02369369222267541,0
Alopecurus,Hipparchia_fagi,0,0.0325210006831433,0
Alopecurus,Hipparchia_semele,0,0.006551215322969619,0
Alopecurus,Oeneis_glacialis,0,0.006551215322969619,0
Alopecurus,Brintesia_circe,0,0.0325210006831433,0
Alopecurus,Satyrus_ferula,0,0.006551215322969619,0
Alopecurus,Hyponephele_lycaon,0,-0.04966347758284909,0
Alopecurus,Aphantopus_hyperantus,0,0.0325210006831433,0
Alopecurus,Maniola_jurtina,0,0.0325210006831433,0
Alopecurus,Erebia_nivalis,0,0.006551215322969619,0
Alopecurus,Erebia_tyndarus,0,0.043708311089005636,0
Alopecurus,Erebia_christi,0,0.006551215322969619,0
Alopecurus,Erebia_pharte,0,-0.08931093711537283,0
Alopecurus,Erebia_epiphron,0,0.006551215322969619,0
Alopecurus,Erebia_meolans,0,0.006551215322969619,0
Alopecurus,Erebia_triarius,0,-0.04966347758284909,0
Alopecurus,Erebia_medusa,0,0.03907221600611288,0
Alopecurus,Erebia_aethiops,0,0.1448855736187313,1
Alopecurus,Erebia_pandrose,0,-0.019797679072886463,0
Alopecurus,Erebia_flavofasciata,0,0.006551215322969619,0
Alopecurus,Erebia_gorge,0,-0.027465788773697028,0
Alopecurus,Erebia_pluto,0,-0.027465788773697028,0
Alopecurus,Erebia_sudetica,0,0.08566637323399152,1
Alopecurus,Erebia_melampus,0,0.03604020138819512,0
Alopecurus,Erebia_manto,0,-0.024415104228131052,0
Alopecurus,Erebia_eriphyle,0,0.036298566835129435,0
Alopecurus,Erebia_euryale,0,0.02630451180440352,0
Alopecurus,Erebia_ligea,0,0.059926862502637054,0
Alopecurus,Erebia_oeme,0,-0.13823469826670917,0
Alopecurus,Erebia_mnestra,0,0.022160383072099367,0
Alopecurus,Erebia_styx,0,0.01560916774912978,0
Anthoxanthum,Parnassius_mnemosyne,0,0,0
Anthoxanthum,Parnassius_apollo,0,0,0
Anthoxanthum,Parnassius_phoebus,0,0,0
Anthoxanthum,Iphiclides_podalirius,0,-1.731587414292679e-33,0
Anthoxanthum,Papilio_machaon,0,6.939831016478929e-16,0
Anthoxanthum,Carcharodus_alceae,0,4.9564063973090955e-17,0
Anthoxanthum,Spialia_sertorius,0,2.2100515215360476e-17,0
Anthoxanthum,Erynnis_tages,0,-4.0063681564116447e-16,0
Anthoxanthum,Pyrgus_carthami,0,2.4876256895589324e-16,0
Anthoxanthum,Pyrgus_malvae,0,-1.1662997482595597e-15,0
Anthoxanthum,Pyrgus_andromedae,0,-3.5594790673462134e-16,0
Anthoxanthum,Pyrgus_cacaliae,0,-1.3728655371860788e-16,0
Anthoxanthum,Pyrgus_serratulae,0,4.205147395395978e-16,0
Anthoxanthum,Pyrgus_armoricanus,0,1.096297240649967e-15,0
Anthoxanthum,Pyrgus_cirsii,0,-6.809421849366159e-16,0
Anthoxanthum,Pyrgus_carlinae,0,-2.2533749264461845e-18,0
Anthoxanthum,Pyrgus_alveus,0,-7.654889317523879e-17,0
Anthoxanthum,Heteropterus_morpheus,0,-0.09230781643096446,0
Anthoxanthum,Carterocephalus_palaemon,0,-0.01786788301002141,0
Anthoxanthum,Thymelicus_acteon,0,-0.146580679610553,0
Anthoxanthum,Thymelicus_sylvestris,1,1.0830500045042866,1
Anthoxanthum,Thymelicus_lineola,1,0.7657212205269365,1
Anthoxanthum,Ochlodes_sylvanus,0,-0.248044794948642,0
Anthoxanthum,Hesperia_comma,0,0.3173852923681378,1
Anthoxanthum,Gonepteryx_rhamni,0,3.7599582646978425e-16,0
Anthoxanthum,Colias_alfacariensis,0,2.188365709749357e-16,0
Anthoxanthum,Colias_phicomone,0,-1.3304808241601463e-16,0
Anthoxanthum,Colias_palaeno,0,-2.4796252318730815e-17,0
Anthoxanthum,Anthocharis_cardamines,0,-5.572256742607914e-16,0
Anthoxanthum,Aporia_crataegi,0,-2.841118806784732e-16,0
Anthoxanthum,Pontia_callidice,0,-6.886047944072681e-16,0
Anthoxanthum,Pieris_brassicae,0,-7.447927149773078e-17,0
Anthoxanthum,Pieris_mannii,0,-3.1830399542177965e-16,0
Anthoxanthum,Pieris_bryoniae,0,-4.861795092073165e-16,0
Anthoxanthum,Hamearis_lucina,0,3.35647015036945e-17,0
Anthoxanthum,Lycaena_phlaeas,0,-5.226423069665985e-17,0
Anthoxanthum,Lycaena_virgaureae,0,1.0157595381400437e-16,0
Anthoxanthum,Lycaena_helle,0,1.0440373693633605e-16,0
Anthoxanthum,Lycaena_alciphron,0,-1.4945177319413941e-16,0
Anthoxanthum,Lycaena_dispar,0,-2.452404066725513e-16,0
Anthoxanthum,Lycaena_hippothoe,0,-2.0766056411037683e-16,0
Anthoxanthum,Thecla_betulae,0,-5.635262594223724e-16,0
Anthoxanthum,Favonius_quercus,0,1.034288267190122e-18,0
Anthoxanthum,Satyrium_acaciae,0,-5.678188402499114e-16,0
Anthoxanthum,Satyrium_spini,0,4.1556696311344167e-17,0
Anthoxanthum,Satyrium_ilicis,0,1.3351818693111013e-19,0
Anthoxanthum,Lampides_boeticus,0,-1.5833948269077977e-16,0
Anthoxanthum,Celastrina_argiolus,0,6.28080864477255e-17,0
Anthoxanthum,Phengaris_arion,0,2.0879801693354664e-22,0
Anthoxanthum,Phengaris_teleius,0,1.0403066557086272e-16,0
Anthoxanthum,Phengaris_nausithous,0,1.040306655708627e-16,0
Anthoxanthum,Scolitantides_orion,0,1.2386795589307449e-24,0
Anthoxanthum,Iolana_iolas,0,-1.6564869291157884e-16,0
Anthoxanthum,Glaucopsyche_alexis,0,6.678681426213174e-16,0
Anthoxanthum,Pseudophilotes_baton,0,-1.2678968439756563e-23,0
Anthoxanthum,Leptotes_pirithous,0,4.1199242333494845e-16,0
Anthoxanthum,Cupido_argiades,0,-6.56510146020637e-17,0
Anthoxanthum,Cupido_alcetas,0,1.5233713624569329e-16,0
Anthoxanthum,Cupido_osiris,0,9.668228454574752e-17,0
Anthoxanthum,Cupido_minimus,0,3.769411032208642e-16,0
Anthoxanthum,Plebejus_argus,0,1.769610407214371e-17,0
Anthoxanthum,Plebejus_idas,0,-1.8189390924013942e-16,0
Anthoxanthum,Plebejus_argyrognomon,0,3.4362264929897966e-17,0
Anthoxanthum,Cyaniris_semiargus,0,-3.193589971218724e-17,0
Anthoxanthum,Aricia_nicias,0,1.7492431063805205e-16,0
Anthoxanthum,Aricia_artaxerxes,0,-1.1314640070192526e-16,0
Anthoxanthum,Aricia_agestis,0,1.4658971678194898e-16,0
Anthoxanthum,Polyommatus_escheri,0,-2.0037157253208312e-16,0
Anthoxanthum,Polyommatus_thersites,0,8.299900294185092e-17,0
Anthoxanthum,Polyommatus_amandus,0,-3.4494527408820916e-17,0
Anthoxanthum,Polyommatus_icarus,0,7.20140684561561e-17,0
Anthoxanthum,Polyommatus_eros,0,1.0577749441370674e-16,0
Anthoxanthum,Polyommatus_dorylas,0,3.786079600326704e-16,0
Anthoxanthum,Polyommatus_damon,0,8.299900294185092e-17,0
Anthoxanthum,Neptis_rivularis,0,4.4827726911141553e-17,0
Anthoxanthum,Limenitis_populi,0,3.532108610795425e-40,0
Anthoxanthum,Limenitis_reducta,0,2.5332864469048764e-40,0
Anthoxanthum,Limenitis_camilla,0,-2.180393050861119e-40,0
Anthoxanthum,Issoria_lathonia,0,-1.8989677482531775e-16,0
Anthoxanthum,Brenthis_ino,0,-4.449228145260319e-17,0
Anthoxanthum,Argynnis_paphia,0,-1.8989677482531775e-16,0
Anthoxanthum,Fabriciana_adippe,0,-1.8989677482531775e-16,0
Anthoxanthum,Boloria_pales,0,-2.6465723920178005e-16,0
Anthoxanthum,Boloria_napaea,0,-1.8989677482531775e-16,0
Anthoxanthum,Boloria_aquilonaris,0,-8.930439308060068e-19,0
Anthoxanthum,Boloria_selene,0,-1.8989677482531775e-16,0
Anthoxanthum,Boloria_dia,0,-1.8989677482531775e-16,0
Anthoxanthum,Boloria_euphrosyne,0,-1.8989677482531775e-16,0
Anthoxanthum,Boloria_titania,0,-1.8989677482531775e-16,0
Anthoxanthum,Apatura_iris,0,-7.113905006448586e-41,0
Anthoxanthum,Apatura_ilia,0,-1.1163042493477223e-40,0
Anthoxanthum,Araschnia_levana,0,3.315300415407166e-16,0
Anthoxanthum,Vanessa_cardui,0,6.959300370473051e-16,0
Anthoxanthum,Vanessa_atalanta,0,3.315300415407166e-16,0
Anthoxanthum,Aglais_io,0,3.956853859341119e-16,0
Anthoxanthum,Aglais_urticae,0,3.315300415407166e-16,0
Anthoxanthum,Nymphalis_polychloros,0,1.066356971339105e-40,0
Anthoxanthum,Nymphalis_antiopa,0,-7.113905006448586e-41,0
Anthoxanthum,Euphydryas_cynthia,0,-2.6465723920178005e-16,0
Anthoxanthum,Euphydryas_intermedia,0,-5.686977347368772e-41,0
Anthoxanthum,Melitaea_didyma,0,7.962070690918344e-16,0
Anthoxanthum,Melitaea_phoebe,0,2.3488500938080017e-16,0
Anthoxanthum,Melitaea_cinxia,0,2.697908832989862e-16,0
Anthoxanthum,Melitaea_diamina,0,0,0
Anthoxanthum,Melitaea_aurelia,0,2.910089857929776e-17,0
Anthoxanthum,Melitaea_varia,0,2.910089857929776e-17,0
Anthoxanthum,Melitaea_parthenoides,0,1.509888235001302e-16,0
Anthoxanthum,Melitaea_deione,0,1.4807029321568366e-16,0
Anthoxanthum,Melitaea_athalia,0,5.510721398985123e-16,0
Anthoxanthum,Melitaea_britomartis,0,2.697908832989862e-16,0
Anthoxanthum,Libythea_celtis,0,8.7820097174468445e-41,0
Anthoxanthum,Lasiommata_maera,0,-0.05041784805863069,0
Anthoxanthum,Lasiommata_petropolitana,0,0.037659191599276866,0
Anthoxanthum,Lasiommata_megera,0,0.08715468803183032,1
Anthoxanthum,Lopinga_achine,0,0.14552214130794552,1
Anthoxanthum,Coenonympha_glycerion,0,0.24282706902862172,1
Anthoxanthum,Coenonympha_pamphilus,1,1.0996756016602907,1
Anthoxanthum,Coenonympha_tullia,0,0.08717284781629453,1
Anthoxanthum,Melanargia_galathea,0,0.1296408763075392,1
Anthoxanthum,Hipparchia_statilinus,0,-0.05938758766171032,0
Anthoxanthum,Hipparchia_fagi,0,0.08715468803183032,1
Anthoxanthum,Hipparchia_semele,0,0.037659191599276866,0
Anthoxanthum,Oeneis_glacialis,0,0.037659191599276866,0
Anthoxanthum,Brintesia_circe,0,0.08715468803183032,1
Anthoxanthum,Satyrus_ferula,0,0.037659191599276866,0
Anthoxanthum,Hyponephele_lycaon,0,-0.10888308409426387,0
Anthoxanthum,Aphantopus_hyperantus,0,0.08715468803183032,1
Anthoxanthum,Maniola_jurtina,0,0.08715468803183032,1
Anthoxanthum,Erebia_nivalis,0,0.037659191599276866,0
Anthoxanthum,Erebia_tyndarus,1,0.7242554889777587,1
Anthoxanthum,Erebia_christi,0,0.037659191599276866,0
Anthoxanthum,Erebia_pharte,0,0.23106590469287536,1
Anthoxanthum,Erebia_epiphron,0,0.037659191599276866,0
Anthoxanthum,Erebia_meolans,0,0.037659191599276866,0
Anthoxanthum,Erebia_triarius,0,-0.10888308409426387,0
Anthoxanthum,Erebia_medusa,0,0.12481387963110706,1
Anthoxanthum,Erebia_aethiops,1,1.153345000297373,1
Anthoxanthum,Erebia_pandrose,0,-0.08443675824084379,0
Anthoxanthum,Erebia_flavofasciata,0,0.037659191599276866,0
Anthoxanthum,Erebia_gorge,0,0.02479745161121627,0
Anthoxanthum,Erebia_pluto,0,0.02479745161121627,0
Anthoxanthum,Erebia_sudetica,1,0.6218985685842692,1
Anthoxanthum,Erebia_melampus,1,0.8334896988298189,1
Anthoxanthum,Erebia_manto,1,0.8868802999306514,1
Anthoxanthum,Erebia_eriphyle,1,0.778325122717338,1
Anthoxanthum,Erebia_euryale,1,1.0046441271819493,1
Anthoxanthum,Erebia_ligea,0,-0.161574466765595,0
Anthoxanthum,Erebia_oeme,0,0.2800697730350113,1
Anthoxanthum,Erebia_mnestra,0,-0.18679367863433344,0
Anthoxanthum,Erebia_styx,0,-0.22445287023361055,0
Dactylis,Parnassius_mnemosyne,0,0,0
Dactylis,Parnassius_apollo,0,0,0
Dactylis,Parnassius_phoebus,0,0,0
Dactylis,Iphiclides_podalirius,0,-9.224448379831032e-34,0
Dactylis,Papilio_machaon,0,3.93712551124466e-16,0
Dactylis,Carcharodus_alceae,0,2.7775008900525037e-17,0
Dactylis,Spialia_sertorius,0,4.459606343772836e-17,0
Dactylis,Erynnis_tages,0,-4.58778867642312e-17,0
Dactylis,Pyrgus_carthami,0,2.301631457265016e-16,0
Dactylis,Pyrgus_malvae,0,-4.657070664289508e-16,0
Dactylis,Pyrgus_andromedae,0,-2.2822887855249153e-17,0
Dactylis,Pyrgus_cacaliae,0,8.048877554245997e-17,0
Dactylis,Pyrgus_serratulae,0,-3.192311070852669e-16,0
Dactylis,Pyrgus_armoricanus,0,1.6808199097402902e-16,0
Dactylis,Pyrgus_cirsii,0,-1.5863907707377315e-16,0
Dactylis,Pyrgus_carlinae,0,2.223380723901611e-17,0
Dactylis,Pyrgus_alveus,0,5.623074552141152e-17,0
Dactylis,Heteropterus_morpheus,0,0.09087594063610747,1
Dactylis,Carterocephalus_palaemon,0,0.01614486775619311,0
Dactylis,Thymelicus_acteon,0,0.034267198180978495,0
Dactylis,Thymelicus_sylvestris,1,0.699542167873078,1
Dactylis,Thymelicus_lineola,0,0.35340294638539804,1
Dactylis,Ochlodes_sylvanus,1,0.9055354456979343,1
Dactylis,Hesperia_comma,0,0.12887121719408257,1
Dactylis,Gonepteryx_rhamni,0,-2.941562273856024e-17,0
Dactylis,Colias_alfacariensis,0,1.4070713355529616e-16,0
Dactylis,Colias_phicomone,0,-3.346865263557425e-16,0
Dactylis,Colias_palaeno,0,-6.649372464618002e-17,0
Dactylis,Anthocharis_cardamines,0,-3.4791418971841004e-16,0
Dactylis,Aporia_crataegi,0,-1.6406465550686842e-16,0
Dactylis,Pontia_callidice,0,-1.9258599911314846e-16,0
Dactylis,Pieris_brassicae,0,1.0450483514626424e-16,0
Dactylis,Pieris_mannii,0,-1.5769744163317917e-16,0
Dactylis,Pieris_bryoniae,0,-4.2965163133536073e-17,0
Dactylis,Hamearis_lucina,0,-1.6197753290543765e-17,0
Dactylis,Lycaena_phlaeas,0,-1.7256928819774376e-16,0
Dactylis,Lycaena_virgaureae,0,-1.8899095787890068e-16,0
Dactylis,Lycaena_helle,0,8.279015089590711e-17,0
Dactylis,Lycaena_alciphron,0,-3.7204037095214e-17,0
Dactylis,Lycaena_dispar,0,-1.922905480420831e-16,0
Dactylis,Lycaena_hippothoe,0,-1.9074670412632528e-16,0
Dactylis,Thecla_betulae,0,-2.8749412131788327e-16,0
Dactylis,Favonius_quercus,0,1.0178774184905215e-18,0
Dactylis,Satyrium_acaciae,0,-2.734147314548336e-16,0
Dactylis,Satyrium_spini,0,-8.480059254668756e-18,0
Dactylis,Satyrium_ilicis,0,1.2401189860826906e-19,0
Dactylis,Lampides_boeticus,0,-1.571691080392521e-16,0
Dactylis,Celastrina_argiolus,0,-2.2674401281924372e-17,0
Dactylis,Phengaris_arion,0,5.010185504454948e-22,0
Dactylis,Phengaris_teleius,0,6.248353533233623e-17,0
Dactylis,Phengaris_nausithous,0,6.24835353323362e-17,0
Dactylis,Scolitantides_orion,0,3.0386684040779754e-24,0
Dactylis,Iolana_iolas,0,-1.545187200494728e-16,0
Dactylis,Glaucopsyche_alexis,0,3.982079661251334e-16,0
Dactylis,Pseudophilotes_baton,0,-2.874600030558717e-23,0
Dactylis,Leptotes_pirithous,0,4.2820455238611743e-16,0
Dactylis,Cupido_argiades,0,1.8245252095856057e-16,0
Dactylis,Cupido_alcetas,0,1.7134766211334322e-16,0
Dactylis,Cupido_osiris,0,1.1835195804429047e-16,0
Dactylis,Cupido_minimus,0,-2.049171114900714e-16,0
Dactylis,Plebejus_argus,0,-2.8851995255324176e-16,0
Dactylis,Plebejus_idas,0,3.3184469116021433e-17,0
Dactylis,Plebejus_argyrognomon,0,2.832582690440732e-16,0
Dactylis,Cyaniris_semiargus,0,-2.292657555755262e-16,0
Dactylis,Aricia_nicias,0,3.319167785915042e-16,0
Dactylis,Aricia_artaxerxes,0,3.2348236134748413e-16,0
Dactylis,Aricia_agestis,0,2.266964484701878e-16,0
Dactylis,Polyommatus_escheri,0,9.399001256278726e-17,0
Dactylis,Polyommatus_thersites,0,1.6024232020098262e-16,0
Dactylis,Polyommatus_amandus,0,-3.0049639240234293e-16,0
Dactylis,Polyommatus_icarus,0,-9.687996937227939e-17,0
Dactylis,Polyommatus_eros,0,2.3101007577012064e-16,0
Dactylis,Polyommatus_dorylas,0,-1.7418012999928401e-16,0
Dactylis,Polyommatus_damon,0,1.6024232020098262e-16,0
Dactylis,Neptis_rivularis,0,5.78826891666732e-17,0
Dactylis,Limenitis_populi,0,7.987340629331571e-40,0
Dactylis,Limenitis_reducta,0,5.805377190015506e-40,0
Dactylis,Limenitis_camilla,0,-4.996696839780321e-40,0
Dactylis,Issoria_lathonia,0,1.8038429826716045e-17,0
Dactylis,Brenthis_ino,0,1.0901741477188603e-17,0
Dactylis,Argynnis_paphia,0,1.8038429826716045e-17,0
Dactylis,Fabriciana_adippe,0,1.8038429826716045e-17,0
Dactylis,Boloria_pales,0,9.693999424130704e-17,0
Dactylis,Boloria_napaea,0,1.8038429826716045e-17,0
Dactylis,Boloria_aquilonaris,0,1.8226759168534687e-18,0
Dactylis,Boloria_selene,0,1.8038429826716045e-17,0
Dactylis,Boloria_dia,0,1.8038429826716045e-17,0
Dactylis,Boloria_euphrosyne,0,1.8038429826716045e-17,0
Dactylis,Boloria_titania,0,1.8038429826716045e-17,0
Dactylis,Apatura_iris,0,-1.5125320204385208e-40,0
Dactylis,Apatura_ilia,0,-2.6898566870583714e-40,0
Dactylis,Araschnia_levana,0,4.725545022043988e-18,0
Dactylis,Vanessa_cardui,0,5.114402848534307e-18,0
Dactylis,Vanessa_atalanta,0,4.725545022043988e-18,0
Dactylis,Aglais_io,0,5.806423301591302e-18,0
Dactylis,Aglais_urticae,0,4.725545022043988e-18,0
Dactylis,Nymphalis_polychloros,0,2.4510757715877938e-40,0
Dactylis,Nymphalis_antiopa,0,-1.5125320204385208e-40,0
Dactylis,Euphydryas_cynthia,0,9.693999424130704e-17,0
Dactylis,Euphydryas_intermedia,0,-1.3032529176942542e-40,0
Dactylis,Melitaea_didyma,0,1.1458141331730947e-16,0
Dactylis,Melitaea_phoebe,0,-1.3512743132199609e-17,0
Dactylis,Melitaea_cinxia,0,7.82850448118699e-17,0
Dactylis,Melitaea_diamina,0,0,0
Dactylis,Melitaea_aurelia,0,5.033367070298254e-17,0
Dactylis,Melitaea_varia,0,5.033367070298254e-17,0
Dactylis,Melitaea_parthenoides,0,8.904407018651165e-17,0
Dactylis,Melitaea_deione,0,1.8069443135129897e-17,0
Dactylis,Melitaea_athalia,0,1.3532541770630846e-16,0
Dactylis,Melitaea_britomartis,0,7.82850448118699e-17,0
Dactylis,Libythea_celtis,0,1.9021607426359644e-40,0
Dactylis,Lasiommata_maera,0,-0.08689820877143324,0
Dactylis,Lasiommata_petropolitana,0,-0.026113487559304264,0
Dactylis,Lasiommata_megera,0,0.01583937444173228,0
Dactylis,Lopinga_achine,0,0.21692741418437766,1
Dactylis,Coenonympha_glycerion,0,0.4261813597782417,1
Dactylis,Coenonympha_pamphilus,0,0.10825135345355044,1
Dactylis,Coenonympha_tullia,0,-0.026059550863440504,0
Dactylis,Melanargia_galathea,0,0.19199587140419114,1
Dactylis,Hipparchia_statilinus,0,-0.10721335084580198,0
Dactylis,Hipparchia_fagi,0,0.01583937444173228,0
Dactylis,Hipparchia_semele,0,-0.026113487559304264,0
Dactylis,Oeneis_glacialis,0,-0.026113487559304264,0
Dactylis,Brintesia_circe,0,0.01583937444173228,0
Dactylis,Satyrus_ferula,0,-0.026113487559304264,0
Dactylis,Hyponephele_lycaon,0,-0.14916621284683834,0
Dactylis,Aphantopus_hyperantus,0,0.01583937444173228,0
Dactylis,Maniola_jurtina,0,0.01583937444173228,0
Dactylis,Erebia_nivalis,0,-0.026113487559304264,0
Dactylis,Erebia_tyndarus,0,0.0523874197254751,0
Dactylis,Erebia_christi,0,-0.026113487559304264,0
Dactylis,Erebia_pharte,0,-0.03718036497976134,0
Dactylis,Erebia_epiphron,0,-0.026113487559304264,0
Dactylis,Erebia_meolans,0,-0.026113487559304264,0
Dactylis,Erebia_triarius,0,-0.14916621284683834,0
Dactylis,Erebia_medusa,0,-0.01027411311757201,0
Dactylis,Erebia_aethiops,1,0.7349277625506575,1
Dactylis,Erebia_pandrose,0,0.033262606909510224,0
Dactylis,Erebia_flavofasciata,0,-0.026113487559304264,0
Dactylis,Erebia_gorge,0,0.09008896306888017,1
Dactylis,Erebia_pluto,0,0.09008896306888017,1
Dactylis,Erebia_sudetica,0,0.05422173359781042,0
Dactylis,Erebia_melampus,0,0.10921377588484531,1
Dactylis,Erebia_manto,0,0.12609469989602767,1
Dactylis,Erebia_eriphyle,0,0.11187357483091144,1
Dactylis,Erebia_euryale,1,0.6430789028371995,1
Dactylis,Erebia_ligea,0,0.30553102470554033,1
Dactylis,Erebia_oeme,0,0.2383234742128246,1
Dactylis,Erebia_mnestra,0,0.03509692078184535,0
Dactylis,Erebia_styx,0,0.06121040834114956,0
Melica,Parnassius_mnemosyne,0,0,0
Melica,Parnassius_apollo,0,0,0
Melica,Parnassius_phoebus,0,0,0
Melica,Iphiclides_podalirius,0,-4.646778639531318e-34,0
Melica,Papilio_machaon,0,2.130269937354313e-16,0
Melica,Carcharodus_alceae,0,-1.976744811166335e-18,0
Melica,Spialia_sertorius,0,2.841765011075364e-17,0
Melica,Erynnis_tages,0,2.934050245915139e-17,0
Melica,Pyrgus_carthami,0,2.3900955719707765e-16,0
Melica,Pyrgus_malvae,0,-6.259495100287539e-17,0
Melica,Pyrgus_andromedae,0,1.6488188905408363e-16,0
Melica,Pyrgus_cacaliae,0,2.2696051379635115e-16,0
Melica,Pyrgus_serratulae,0,-6.754104730740116e-16,0
Melica,Pyrgus_armoricanus,0,-2.6171375727115656e-16,0
Melica,Pyrgus_cirsii,0,7.492839403123061e-17,0
Melica,Pyrgus_carlinae,0,1.4530015184780369e-16,0
Melica,Pyrgus_alveus,0,1.226451615898223e-16,0
Melica,Heteropterus_morpheus,0,-0.07084865486192789,0
Melica,Carterocephalus_palaemon,0,0.1938004517413588,1
Melica,Thymelicus_acteon,0,0.01084693525351465,0
Melica,Thymelicus_sylvestris,1,0.9036738494405576,1
Melica,Thymelicus_lineola,0,0.05848773827040431,0
Melica,Ochlodes_sylvanus,0,-0.008423947950763427,0
Melica,Hesperia_comma,0,-0.3539547592998473,0
Melica,Gonepteryx_rhamni,0,1.596809093640068e-16,0
Melica,Colias_alfacariensis,0,8.136310385910512e-17,0
Melica,Colias_phicomone,0,-2.057317799762909e-16,0
Melica,Colias_palaeno,0,-1.161019713999988e-16,0
Melica,Anthocharis_cardamines,0,8.172167773641607e-17,0
Melica,Aporia_crataegi,0,-8.668339321867791e-17,0
Melica,Pontia_callidice,0,2.327440319561042e-16,0
Melica,Pieris_brassicae,0,3.437527711113164e-17,0
Melica,Pieris_mannii,0,3.37834627415645e-17,0
Melica,Pieris_bryoniae,0,5.432314965834375e-16,0
Melica,Hamearis_lucina,0,7.47095519269511e-18,0
Melica,Lycaena_phlaeas,0,2.399748306748706e-16,0
Melica,Lycaena_virgaureae,0,6.116674638826775e-17,0
Melica,Lycaena_helle,0,-2.1785983995738474e-17,0
Melica,Lycaena_alciphron,0,1.2203246292067394e-16,0
Melica,Lycaena_dispar,0,4.431804041981846e-16,0
Melica,Lycaena_hippothoe,0,1.7823102047823867e-16,0
Melica,Thecla_betulae,0,-1.7103699377304483e-16,0
Melica,Favonius_quercus,0,1.1353618801112161e-17,0
Melica,Satyrium_acaciae,0,-1.8220358112734983e-16,0
Melica,Satyrium_spini,0,2.740028939798459e-17,0
Melica,Satyrium_ilicis,0,7.261139475726884e-19,0
Melica,Lampides_boeticus,0,-5.554851159679866e-17,0
Melica,Celastrina_argiolus,0,3.6912274356325914e-17,0
Melica,Phengaris_arion,0,1.0871320441988633e-20,0
Melica,Phengaris_teleius,0,5.2501607761072774e-17,0
Melica,Phengaris_nausithous,0,5.2501607761072755e-17,0
Melica,Scolitantides_orion,0,5.66199762005098e-23,0
Melica,Iolana_iolas,0,-6.35353506884915e-17,0
Melica,Glaucopsyche_alexis,0,4.862258191762402e-16,0
Melica,Pseudophilotes_baton,0,-5.437667243345678e-22,0
Melica,Leptotes_pirithous,0,2.1701291758226191e-16,0
Melica,Cupido_argiades,0,1.1688241453782464e-16,0
Melica,Cupido_alcetas,0,-2.3775085786681115e-17,0
Melica,Cupido_osiris,0,2.674229764905498e-16,0
Melica,Cupido_minimus,0,-3.9731977871022056e-16,0
Melica,Plebejus_argus,0,-1.3416204328501284e-16,0
Melica,Plebejus_idas,0,1.2965629616551603e-17,0
Melica,Plebejus_argyrognomon,0,1.4156137579035967e-16,0
Melica,Cyaniris_semiargus,0,-7.388699286599161e-17,0
Melica,Aricia_nicias,0,2.4315142597835117e-16,0
Melica,Aricia_artaxerxes,0,8.371405598211785e-18,0
Melica,Aricia_agestis,0,1.4104278422341824e-16,0
Melica,Polyommatus_escheri,0,-2.1447428173824138e-16,0
Melica,Polyommatus_thersites,0,2.716804258546913e-16,0
Melica,Polyommatus_amandus,0,-2.129185669756882e-16,0
Melica,Polyommatus_icarus,0,-2.6482047802066274e-16,0
Melica,Polyommatus_eros,0,1.7464180419760195e-16,0
Melica,Polyommatus_dorylas,0,-2.6543880376916355e-16,0
Melica,Polyommatus_damon,0,2.716804258546913e-16,0
Melica,Neptis_rivularis,0,1.2474430049456161e-17,0
Melica,Limenitis_populi,0,1.692063043213417e-38,0
Melica,Limenitis_reducta,0,1.25768197766835e-38,0
Melica,Limenitis_camilla,0,-1.0828024820446534e-38,0
Melica,Issoria_lathonia,0,1.3573208431247878e-17,0
Melica,Brenthis_ino,0,7.461247305069003e-18,0
Melica,Argynnis_paphia,0,1.3573208431247878e-17,0
Melica,Fabriciana_adippe,0,1.3573208431247878e-17,0
Melica,Boloria_pales,0,1.2311301639274095e-16,0
Melica,Boloria_napaea,0,1.3573208431247878e-17,0
Melica,Boloria_aquilonaris,0,-3.873112947217678e-17,0
Melica,Boloria_selene,0,1.3573208431247878e-17,0
Melica,Boloria_dia,0,1.3573208431247878e-17,0
Melica,Boloria_euphrosyne,0,1.3573208431247878e-17,0
Melica,Boloria_titania,0,1.3573208431247878e-17,0
Melica,Apatura_iris,0,-2.8498861533087247e-39,0
Melica,Apatura_ilia,0,-6.307538362487313e-39,0
Melica,Araschnia_levana,0,-1.0649712078093121e-16,0
Melica,Vanessa_cardui,0,-2.276319373003326e-16,0
Melica,Vanessa_atalanta,0,-1.0649712078093121e-16,0
Melica,Aglais_io,0,-1.2524436817343566e-16,0
Melica,Aglais_urticae,0,-1.0649712078093121e-16,0
Melica,Nymphalis_polychloros,0,5.338308009441531e-39,0
Melica,Nymphalis_antiopa,0,-2.8498861533087247e-39,0
Melica,Euphydryas_cynthia,0,1.2311301639274095e-16,0
Melica,Euphydryas_intermedia,0,-2.8241858003527162e-39,0
Melica,Melitaea_didyma,0,-1.5502471450708755e-16,0
Melica,Melitaea_phoebe,0,-8.659387606287984e-17,0
Melica,Melitaea_cinxia,0,-5.757945841771517e-17,0
Melica,Melitaea_diamina,0,0,0
Melica,Melitaea_aurelia,0,-2.4134641153967737e-17,0
Melica,Melitaea_varia,0,-2.4134641153967737e-17,0
Melica,Melitaea_parthenoides,0,-1.9897371661244307e-17,0
Melica,Melitaea_deione,0,-3.936288186153016e-17,0
Melica,Melitaea_athalia,0,-1.5674073743938247e-16,0
Melica,Melitaea_britomartis,0,-5.757945841771517e-17,0
Melica,Libythea_celtis,0,3.7209568959018196e-39,0
Melica,Lasiommata_maera,0,0.02741813983730562,0
Melica,Lasiommata_petropolitana,0,0.029489413054139893,0
Melica,Lasiommata_megera,0,-0.02109666832172505,0
Melica,Lopinga_achine,0,0.17902542884092593,1
Melica,Coenonympha_glycerion,1,0.6775035800457374,1
Melica,Coenonympha_pamphilus,0,-0.2292714352291917,0
Melica,Coenonympha_tullia,0,-0.007517770190524887,0
Melica,Melanargia_galathea,0,0.12327471875611486,1
Melica,Hipparchia_statilinus,0,-0.07931413380672099,0
Melica,Hipparchia_fagi,0,-0.02109666832172505,0
Melica,Hipparchia_semele,0,0.029489413054139893,0
Melica,Oeneis_glacialis,0,0.029489413054139893,0
Melica,Brintesia_circe,0,-0.02109666832172505,0
Melica,Satyrus_ferula,0,0.029489413054139893,0
Melica,Hyponephele_lycaon,0,-0.02872805243085596,0
Melica,Aphantopus_hyperantus,0,-0.02109666832172505,0
Melica,Maniola_jurtina,0,-0.02109666832172505,0
Melica,Erebia_nivalis,0,0.029489413054139893,0
Melica,Erebia_tyndarus,0,-0.05306224662360097,0
Melica,Erebia_christi,0,0.029489413054139893,0
Melica,Erebia_pharte,0,-0.07803109036044252,0
Melica,Erebia_epiphron,0,0.029489413054139893,0
Melica,Erebia_meolans,0,0.029489413054139893,0
Melica,Erebia_triarius,0,-0.02872805243085596,0
Melica,Erebia_medusa,0,0.008392744732414732,0
Melica,Erebia_aethiops,0,0.2859178936162391,1
Melica,Erebia_pandrose,0,0.0822789536817575,1
Melica,Erebia_flavofasciata,0,0.029489413054139893,0
Melica,Erebia_gorge,0,0.07174631621082808,1
Melica,Erebia_pluto,0,0.07174631621082808,1
Melica,Erebia_sudetica,0,0.05222527903957248,0
Melica,Erebia_melampus,0,-0.06359488409453025,0
Melica,Erebia_manto,0,-0.09531727490007914,0
Melica,Erebia_eriphyle,0,0.05515692999710943,0
Melica,Erebia_euryale,0,0.25008675725082774,1
Melica,Erebia_ligea,1,0.44598065917713015,1
Melica,Erebia_oeme,0,-0.11460938851998022,0
Melica,Erebia_mnestra,0,0.18756647934493084,1
Melica,Erebia_styx,0,0.15807706629079102,1
Phleum,Parnassius_mnemosyne,0,0,0
Phleum,Parnassius_apollo,0,0,0
Phleum,Parnassius_phoebus,0,0,0
Phleum,Iphiclides_podalirius,0,-2.490738967789094e-34,0
Phleum,Papilio_machaon,0,1.1041084183178283e-16,0
Phleum,Carcharodus_alceae,0,3.1183152372198263e-18,0
Phleum,Spialia_sertorius,0,1.0320887407620694e-17,0
Phleum,Erynnis_tages,0,-2.935841775252158e-17,0
Phleum,Pyrgus_carthami,0,3.5915935861223275e-17,0
Phleum,Pyrgus_malvae,0,-6.791924211517748e-17,0
Phleum,Pyrgus_andromedae,0,1.6440541103573614e-17,0
Phleum,Pyrgus_cacaliae,0,4.875586339878833e-17,0
Phleum,Pyrgus_serratulae,0,-2.0015464007362792e-16,0
Phleum,Pyrgus_armoricanus,0,1.819314448887756e-17,0
Phleum,Pyrgus_cirsii,0,-2.851355508657935e-17,0
Phleum,Pyrgus_carlinae,0,3.258235120178639e-17,0
Phleum,Pyrgus_alveus,0,2.928715102467784e-17,0
Phleum,Heteropterus_morpheus,0,-0.0497417748107517,0
Phleum,Carterocephalus_palaemon,0,0.07252638413466052,1
Phleum,Thymelicus_acteon,0,-0.07514422709879988,0
Phleum,Thymelicus_sylvestris,1,0.553907403971143,1
Phleum,Thymelicus_lineola,0,0.1564671523640537,1
Phleum,Ochlodes_sylvanus,0,-0.025555321521199666,0
Phleum,Hesperia_comma,0,-0.14867423614040698,0
Phleum,Gonepteryx_rhamni,0,1.0325312606452919e-16,0
Phleum,Colias_alfacariensis,0,3.687603018647919e-17,0
Phleum,Colias_phicomone,0,-6.671347122386841e-17,0
Phleum,Colias_palaeno,0,-3.459971928837712e-17,0
Phleum,Anthocharis_cardamines,0,6.163366363043698e-17,0
Phleum,Aporia_crataegi,0,-5.3373071877839906e-17,0
Phleum,Pontia_callidice,0,1.6119064935024357e-16,0
Phleum,Pieris_brassicae,0,-1.5910263102357798e-17,0
Phleum,Pieris_mannii,0,-1.3877703572361182e-17,0
Phleum,Pieris_bryoniae,0,2.9833146404946007e-16,0
Phleum,Hamearis_lucina,0,1.8746054365689098e-17,0
Phleum,Lycaena_phlaeas,0,9.714317307921982e-17,0
Phleum,Lycaena_virgaureae,0,6.354271196563639e-17,0
Phleum,Lycaena_helle,0,1.177214475909968e-17,0
Phleum,Lycaena_alciphron,0,5.010234610896514e-17,0
Phleum,Lycaena_dispar,0,1.5969859350110715e-16,0
Phleum,Lycaena_hippothoe,0,4.8313740555445457e-17,0
Phleum,Thecla_betulae,0,-8.486177225282245e-17,0
Phleum,Favonius_quercus,0,5.841345655877841e-18,0
Phleum,Satyrium_acaciae,0,-9.116412016104473e-17,0
Phleum,Satyrium_spini,0,1.5863378974420477e-17,0
Phleum,Satyrium_ilicis,0,3.8920125941590374e-19,0
Phleum,Lampides_boeticus,0,-5.11853945246268e-17,0
Phleum,Celastrina_argiolus,0,2.0777382615627936e-17,0
Phleum,Phengaris_arion,0,5.4383573668191776e-21,0
Phleum,Phengaris_teleius,0,2.3575491421643688e-17,0
Phleum,Phengaris_nausithous,0,2.357549142164368e-17,0
Phleum,Scolitantides_orion,0,2.839694664886743e-23,0
Phleum,Iolana_iolas,0,-5.704858228780562e-17,0
Phleum,Glaucopsyche_alexis,0,1.9629695609783015e-16,0
Phleum,Pseudophilotes_baton,0,-2.7275476488831583e-22,0
Phleum,Leptotes_pirithous,0,1.5366286970920658e-16,0
Phleum,Cupido_argiades,0,2.90550706842132e-17,0
Phleum,Cupido_alcetas,0,-1.5348396776225205e-17,0
Phleum,Cupido_osiris,0,1.244439041892806e-16,0
Phleum,Cupido_minimus,0,-2.0271501710872036e-16,0
Phleum,Plebejus_argus,0,-6.071522425802662e-17,0
Phleum,Plebejus_idas,0,1.490608448020035e-17,0
Phleum,Plebejus_argyrognomon,0,1.0832557171497066e-16,0
Phleum,Cyaniris_semiargus,0,3.117768341391075e-17,0
Phleum,Aricia_nicias,0,1.2018442931445742e-16,0
Phleum,Aricia_artaxerxes,0,-1.069143509279468e-17,0
Phleum,Aricia_agestis,0,9.144006964407502e-17,0
Phleum,Polyommatus_escheri,0,-1.1502999041210897e-16,0
Phleum,Polyommatus_thersites,0,1.296438512978592e-16,0
Phleum,Polyommatus_amandus,0,-1.4456120941482214e-17,0
Phleum,Polyommatus_icarus,0,-1.4565925792915667e-16,0
Phleum,Polyommatus_eros,0,9.296033270439585e-17,0
Phleum,Polyommatus_dorylas,0,-1.2410810045490089e-16,0
Phleum,Polyommatus_damon,0,1.296438512978592e-16,0
Phleum,Neptis_rivularis,0,5.2842320061859496e-18,0
Phleum,Limenitis_populi,0,8.470269253999297e-39,0
Phleum,Limenitis_reducta,0,6.293024788305079e-39,0
Phleum,Limenitis_camilla,0,-5.4179592020799685e-39,0
Phleum,Issoria_lathonia,0,-1.794634709624004e-17,0
Phleum,Brenthis_ino,0,-8.595382295796703e-19,0
Phleum,Argynnis_paphia,0,-1.794634709624004e-17,0
Phleum,Fabriciana_adippe,0,-1.794634709624004e-17,0
Phleum,Boloria_pales,0,-2.44029836941512e-18,0
Phleum,Boloria_napaea,0,-1.794634709624004e-17,0
Phleum,Boloria_aquilonaris,0,-1.5548277827612603e-17,0
Phleum,Boloria_selene,0,-1.794634709624004e-17,0
Phleum,Boloria_dia,0,-1.794634709624004e-17,0
Phleum,Boloria_euphrosyne,0,-1.794634709624004e-17,0
Phleum,Boloria_titania,0,-1.794634709624004e-17,0
Phleum,Apatura_iris,0,-1.4301533774976889e-39,0
Phleum,Apatura_ilia,0,-3.1514024315329295e-39,0
Phleum,Araschnia_levana,0,-5.787513689890163e-17,0
Phleum,Vanessa_cardui,0,-1.2206271569049617e-16,0
Phleum,Vanessa_atalanta,0,-5.787513689890163e-17,0
Phleum,Aglais_io,0,-6.803146525378593e-17,0
Phleum,Aglais_urticae,0,-5.787513689890163e-17,0
Phleum,Nymphalis_polychloros,0,2.670839096905888e-39,0
Phleum,Nymphalis_antiopa,0,-1.4301533774976889e-39,0
Phleum,Euphydryas_cynthia,0,-2.44029836941512e-18,0
Phleum,Euphydryas_intermedia,0,-1.4131224165511488e-39,0
Phleum,Melitaea_didyma,0,-1.1942621107653123e-16,0
Phleum,Melitaea_phoebe,0,-3.859929357142753e-17,0
Phleum,Melitaea_cinxia,0,-5.787744038783779e-17,0
Phleum,Melitaea_diamina,0,0,0
Phleum,Melitaea_aurelia,0,-3.076307016669598e-17,0
Phleum,Melitaea_varia,0,-3.076307016669598e-17,0
Phleum,Melitaea_parthenoides,0,-4.0308267157244133e-17,0
Phleum,Melitaea_deione,0,-2.0941916565293318e-17,0
Phleum,Melitaea_athalia,0,-1.1177537665635666e-16,0
Phleum,Melitaea_britomartis,0,-5.787744038783779e-17,0
Phleum,Libythea_celtis,0,1.8657456021157368e-39,0
Phleum,Lasiommata_maera,0,-0.01772337735538407,0
Phleum,Lasiommata_petropolitana,0,0.006551215322969583,0
Phleum,Lasiommata_megera,0,0.03252100068314349,0
Phleum,Lopinga_achine,0,0.08188616517025657,1
Phleum,Coenonympha_glycerion,0,0.28983958296677775,1
Phleum,Coenonympha_pamphilus,0,0.024187014427760917,0
Phleum,Coenonympha_tullia,0,-0.0635203742460604,0
Phleum,Melanargia_galathea,0,0.10331966663593593,1
Phleum,Hipparchia_statilinus,0,-0.02369369222267513,0
Phleum,Hipparchia_fagi,0,0.03252100068314349,0
Phleum,Hipparchia_semele,0,0.006551215322969583,0
Phleum,Oeneis_glacialis,0,0.006551215322969583,0
Phleum,Brintesia_circe,0,0.03252100068314349,0
Phleum,Satyrus_ferula,0,0.006551215322969583,0
Phleum,Hyponephele_lycaon,0,-0.04966347758284903,0
Phleum,Aphantopus_hyperantus,0,0.03252100068314349,0
Phleum,Maniola_jurtina,0,0.03252100068314349,0
Phleum,Erebia_nivalis,0,0.006551215322969583,0
Phleum,Erebia_tyndarus,0,0.04370831108900568,0
Phleum,Erebia_christi,0,0.006551215322969583,0
Phleum,Erebia_pharte,0,-0.08931093711537275,0
Phleum,Erebia_epiphron,0,0.006551215322969583,0
Phleum,Erebia_meolans,0,0.006551215322969583,0
Phleum,Erebia_triarius,0,-0.04966347758284903,0
Phleum,Erebia_medusa,0,0.03907221600611302,0
Phleum,Erebia_aethiops,0,0.14488557361873128,1
Phleum,Erebia_pandrose,0,-0.019797679072886428,0
Phleum,Erebia_flavofasciata,0,0.006551215322969583,0
Phleum,Erebia_gorge,0,-0.02746578877369699,0
Phleum,Erebia_pluto,0,-0.02746578877369699,0
Phleum,Erebia_sudetica,0,0.08566637323399152,1
Phleum,Erebia_melampus,0,0.03604020138819517,0
Phleum,Erebia_manto,0,-0.02441510422813088,0
Phleum,Erebia_eriphyle,0,0.03629856683512953,0
Phleum,Erebia_euryale,0,0.02630451180440345,0
Phleum,Erebia_ligea,0,0.05992686250263699,0
Phleum,Erebia_oeme,0,-0.13823469826670917,0
Phleum,Erebia_mnestra,0,0.02216038307209934,0
Phleum,Erebia_styx,0,0.015609167749129793,0
Triticum,Parnassius_mnemosyne,0,0,0
Triticum,Parnassius_apollo,0,0,0
Triticum,Parnassius_phoebus,0,0,0
Triticum,Iphiclides_podalirius,0,-3.3806259354556087e-34,0
Triticum,Papilio_machaon,0,1.2462557077770764e-16,0
Triticum,Carcharodus_alceae,0,1.778802237842342e-17,0
Triticum,Spialia_sertorius,0,9.083616551429018e-18,0
Triticum,Erynnis_tages,0,-6.199113376095138e-17,0
Triticum,Pyrgus_carthami,0,8.708594882741663e-19,0
Triticum,Pyrgus_malvae,0,-2.582042730421239e-16,0
Triticum,Pyrgus_andromedae,0,-1.113916264046665e-16,0
Triticum,Pyrgus_cacaliae,0,-1.2500141391582224e-16,0
Triticum,Pyrgus_serratulae,0,1.9570584096278969e-16,0
Triticum,Pyrgus_armoricanus,0,3.5289529040220353e-16,0
Triticum,Pyrgus_cirsii,0,-1.644488889338043e-16,0
Triticum,Pyrgus_carlinae,0,-5.586542120997802e-17,0
Triticum,Pyrgus_alveus,0,-5.841994666621283e-17,0
Triticum,Heteropterus_morpheus,0,0.05880444303914191,0
Triticum,Carterocephalus_palaemon,0,-0.07472577516281347,0
Triticum,Thymelicus_acteon,0,-0.07518146182975818,0
Triticum,Thymelicus_sylvestris,0,0.007792916223647098,0
Triticum,Thymelicus_lineola,1,0.27042515885511864,1
Triticum,Ochlodes_sylvanus,0,0.32828389743744013,1
Triticum,Hesperia_comma,1,0.3131883640581122,1
Triticum,Gonepteryx_rhamni,0,-1.1776691589246844e-16,0
Triticum,Colias_alfacariensis,0,7.837888603173203e-17,0
Triticum,Colias_phicomone,0,-1.1114185610956178e-16,0
Triticum,Colias_palaeno,0,6.879075342067285e-17,0
Triticum,Anthocharis_cardamines,0,-1.208599138155831e-16,0
Triticum,Aporia_crataegi,0,-4.947321736382392e-17,0
Triticum,Pontia_callidice,0,4.5578631496631525e-17,0
Triticum,Pieris_brassicae,0,-4.445868891552463e-17,0
Triticum,Pieris_mannii,0,-9.303150896400405e-17,0
Triticum,Pieris_bryoniae,0,3.817826894904112e-18,0
Triticum,Hamearis_lucina,0,2.7985316885167084e-18,0
Triticum,Lycaena_phlaeas,0,-2.4080977720294856e-16,0
Triticum,Lycaena_virgaureae,0,-1.5165552711670903e-16,0
Triticum,Lycaena_helle,0,6.594351950058319e-17,0
Triticum,Lycaena_alciphron,0,-1.196412904506139e-16,0
Triticum,Lycaena_dispar,0,-3.865556007262455e-16,0
Triticum,Lycaena_hippothoe,0,-2.322298754851886e-16,0
Triticum,Thecla_betulae,0,-8.452804688537475e-17,0
Triticum,Favonius_quercus,0,-6.259816562273661e-18,0
Triticum,Satyrium_acaciae,0,-7.376441518933732e-17,0
Triticum,Satyrium_spini,0,-1.9378322812455303e-17,0
Triticum,Satyrium_ilicis,0,-3.6397913409800926e-19,0
Triticum,Lampides_boeticus,0,-8.638662453835822e-17,0
Triticum,Celastrina_argiolus,0,-3.0047200535140535e-17,0
Triticum,Phengaris_arion,0,-6.314474664920801e-21,0
Triticum,Phengaris_teleius,0,8.024180507796787e-18,0
Triticum,Phengaris_nausithous,0,8.024180507796815e-18,0
Triticum,Scolitantides_orion,0,-3.26624540980038e-23,0
Triticum,Iolana_iolas,0,-8.004801536125826e-17,0
Triticum,Glaucopsyche_alexis,0,-9.7197091508407e-17,0
Triticum,Pseudophilotes_baton,0,3.137987926341237e-22,0
Triticum,Leptotes_pirithous,0,8.155652613655168e-17,0
Triticum,Cupido_argiades,0,3.7408368635683176e-17,0
Triticum,Cupido_alcetas,0,4.1238986302262266e-17,0
Triticum,Cupido_osiris,0,-1.893011563040543e-16,0
Triticum,Cupido_minimus,0,1.1303153263384628e-16,0
Triticum,Plebejus_argus,0,-3.3539703012835063e-17,0
Triticum,Plebejus_idas,0,2.2722856278113548e-17,0
Triticum,Plebejus_argyrognomon,0,2.3572419748591893e-17,0
Triticum,Cyaniris_semiargus,0,1.1896398657747612e-16,0
Triticum,Aricia_nicias,0,1.158791196012527e-17,0
Triticum,Aricia_artaxerxes,0,8.031839745782757e-17,0
Triticum,Aricia_agestis,0,7.664197003074068e-17,0
Triticum,Polyommatus_escheri,0,1.6354209389908165e-16,0
Triticum,Polyommatus_thersites,0,-4.4457859979322276e-17,0
Triticum,Polyommatus_amandus,0,6.19967620843478e-17,0
Triticum,Polyommatus_icarus,0,7.485544746980057e-17,0
Triticum,Polyommatus_eros,0,5.323624769722847e-17,0
Triticum,Polyommatus_dorylas,0,5.0953172209976283e-17,0
Triticum,Polyommatus_damon,0,-4.4457859979322276e-17,0
Triticum,Neptis_rivularis,0,1.8944213928356223e-17,0
Triticum,Limenitis_populi,0,-9.815619805392197e-39,0
Triticum,Limenitis_reducta,0,-7.303206207563914e-39,0
Triticum,Limenitis_camilla,0,6.28778028515423e-39,0
Triticum,Issoria_lathonia,0,-8.330562231331685e-17,0
Triticum,Brenthis_ino,0,-4.8384967639719035e-18,0
Triticum,Argynnis_paphia,0,-8.330562231331685e-17,0
Triticum,Fabriciana_adippe,0,-8.330562231331685e-17,0
Triticum,Boloria_pales,0,-1.3179084725263707e-16,0
Triticum,Boloria_napaea,0,-8.330562231331685e-17,0
Triticum,Boloria_aquilonaris,0,2.2773339774385255e-17,0
Triticum,Boloria_selene,0,-8.330562231331685e-17,0
Triticum,Boloria_dia,0,-8.330562231331685e-17,0
Triticum,Boloria_euphrosyne,0,-8.330562231331685e-17,0
Triticum,Boloria_titania,0,-8.330562231331685e-17,0
Triticum,Apatura_iris,0,1.6437786127632632e-39,0
Triticum,Apatura_ilia,0,3.6752119393132504e-39,0
Triticum,Araschnia_levana,0,1.7353620062582438e-16,0
Triticum,Vanessa_cardui,0,3.620293365258774e-16,0
Triticum,Vanessa_atalanta,0,1.7353620062582438e-16,0
Triticum,Aglais_io,0,2.057921038878423e-16,0
Triticum,Aglais_urticae,0,1.7353620062582438e-16,0
Triticum,Nymphalis_polychloros,0,-3.1006249411148325e-39,0
Triticum,Nymphalis_antiopa,0,1.6437786127632632e-39,0
Triticum,Euphydryas_cynthia,0,-1.3179084725263707e-16,0
Triticum,Euphydryas_intermedia,0,1.639990395965071e-39,0
Triticum,Melitaea_didyma,0,-6.019938227391002e-17,0
Triticum,Melitaea_phoebe,0,9.758612478229764e-17,0
Triticum,Melitaea_cinxia,0,-4.136082371759544e-17,0
Triticum,Melitaea_diamina,0,0,0
Triticum,Melitaea_aurelia,0,-6.991067396866454e-18,0
Triticum,Melitaea_varia,0,-6.991067396866454e-18,0
Triticum,Melitaea_parthenoides,0,-3.045394160256039e-17,0
Triticum,Melitaea_deione,0,-2.806178576795226e-18,0
Triticum,Melitaea_athalia,0,-2.910677106980241e-17,0
Triticum,Melitaea_britomartis,0,-4.136082371759544e-17,0
Triticum,Libythea_celtis,0,-2.1503008802309666e-39,0
Triticum,Lasiommata_maera,0,0.037542359283081785,0
Triticum,Lasiommata_petropolitana,0,0.06686815145154816,0
Triticum,Lasiommata_megera,0,0.019046704367031663,0
Triticum,Lopinga_achine,0,-0.003211957270991829,0
Triticum,Coenonympha_glycerion,0,-0.05354381870683736,0
Triticum,Coenonympha_pamphilus,0,0.2524624125616861,1
Triticum,Coenonympha_tullia,0,-0.0879819830506333,0
Triticum,Melanargia_galathea,0,0.033158524917546006,0
Triticum,Hipparchia_statilinus,0,-0.009733152843313156,0
Triticum,Hipparchia_fagi,0,0.019046704367031663,0
Triticum,Hipparchia_semele,0,0.06686815145154816,0
Triticum,Oeneis_glacialis,0,0.06686815145154816,0
Triticum,Brintesia_circe,0,0.019046704367031663,0
Triticum,Satyrus_ferula,0,0.06686815145154816,0
Triticum,Hyponephele_lycaon,0,0.03808829424120329,0
Triticum,Aphantopus_hyperantus,0,0.019046704367031663,0
Triticum,Maniola_jurtina,0,0.019046704367031663,0
Triticum,Erebia_nivalis,0,0.06686815145154816,0
Triticum,Erebia_tyndarus,0,0.1623576966582118,1
Triticum,Erebia_christi,0,0.06686815145154816,0
Triticum,Erebia_pharte,0,0.04229637835658008,0
Triticum,Erebia_epiphron,0,0.06686815145154816,0
Triticum,Erebia_meolans,0,0.06686815145154816,0
Triticum,Erebia_triarius,0,0.03808829424120329,0
Triticum,Erebia_medusa,0,0.08591485581857984,1
Triticum,Erebia_aethiops,0,0.12221872481888882,1
Triticum,Erebia_pandrose,0,0.019110354471217856,0
Triticum,Erebia_flavofasciata,0,0.06686815145154816,0
Triticum,Erebia_gorge,0,0.020500767995554444,0
Triticum,Erebia_pluto,0,0.020500767995554444,0
Triticum,Erebia_sudetica,0,0.11032344463597002,1
Triticum,Erebia_melampus,0,0.16374811018254834,1
Triticum,Erebia_manto,0,0.020273933613790446,0
Triticum,Erebia_eriphyle,0,-0.0504745097542939,0
Triticum,Erebia_euryale,0,0.023978625099506462,0
Triticum,Erebia_ligea,0,-0.24971611854625259,0
Triticum,Erebia_oeme,0,0.019042287282185967,0
Triticum,Erebia_mnestra,0,-0.032923897551023894,0
Triticum,Erebia_styx,0,-0.09979204900257205,0
Lolium,Parnassius_mnemosyne,0,0,0
Lolium,Parnassius_apollo,0,0,0
Lolium,Parnassius_phoebus,0,0,0
Lolium,Iphiclides_podalirius,0,-3.4088271829261765e-34,0
Lolium,Papilio_machaon,0,1.3805879426007661e-16,0
Lolium,Carcharodus_alceae,0,1.9935186371379677e-17,0
Lolium,Spialia_sertorius,0,2.2551305567067842e-17,0
Lolium,Erynnis_tages,0,7.495815442082953e-19,0
Lolium,Pyrgus_carthami,0,4.805494957962839e-18,0
Lolium,Pyrgus_malvae,0,-1.9143419289305196e-16,0
Lolium,Pyrgus_andromedae,0,-5.619826567166181e-17,0
Lolium,Pyrgus_cacaliae,0,-4.699037621306688e-17,0
Lolium,Pyrgus_serratulae,0,1.749891726942631e-17,0
Lolium,Pyrgus_armoricanus,0,2.204704588819528e-16,0
Lolium,Pyrgus_cirsii,0,-9.138128853861048e-17,0
Lolium,Pyrgus_carlinae,0,-9.155091689710418e-17,0
Lolium,Pyrgus_alveus,0,-4.608508351516524e-17,0
Lolium,Heteropterus_morpheus,0,0.12862470278844879,1
Lolium,Carterocephalus_palaemon,0,-0.055417312924926604,0
Lolium,Thymelicus_acteon,0,0.07057030900210012,1
Lolium,Thymelicus_sylvestris,0,0.13091183084285313,1
Lolium,Thymelicus_lineola,1,0.3341410326155531,1
Lolium,Ochlodes_sylvanus,1,0.8929479508549967,1
Lolium,Hesperia_comma,0,0.2645680236770041,1
Lolium,Gonepteryx_rhamni,0,-1.8911425235775093e-16,0
Lolium,Colias_alfacariensis,0,8.735340787396196e-17,0
Lolium,Colias_phicomone,0,-2.5177035598079543e-16,0
Lolium,Colias_palaeno,0,3.022302984239748e-17,0
Lolium,Anthocharis_cardamines,0,-3.719551054556968e-16,0
Lolium,Aporia_crataegi,0,-6.859024491397831e-17,0
Lolium,Pontia_callidice,0,-2.927464894236722e-16,0
Lolium,Pieris_brassicae,0,6.4072150812143e-17,0
Lolium,Pieris_mannii,0,-6.945747857401768e-17,0
Lolium,Pieris_bryoniae,0,-5.600454829750556e-16,0
Lolium,Hamearis_lucina,0,-8.908696099717372e-18,0
Lolium,Lycaena_phlaeas,0,-3.502368825393417e-16,0
Lolium,Lycaena_virgaureae,0,-2.960098845558958e-16,0
Lolium,Lycaena_helle,0,9.038353429385601e-17,0
Lolium,Lycaena_alciphron,0,-1.51615784660768e-16,0
Lolium,Lycaena_dispar,0,-5.042199108577785e-16,0
Lolium,Lycaena_hippothoe,0,-3.2350822330684154e-16,0
Lolium,Thecla_betulae,0,-8.207668456726994e-17,0
Lolium,Favonius_quercus,0,-7.936922666535355e-18,0
Lolium,Satyrium_acaciae,0,-5.684528204469368e-17,0
Lolium,Satyrium_spini,0,-3.175168759941625e-17,0
Lolium,Satyrium_ilicis,0,-4.56198095173049e-19,0
Lolium,Lampides_boeticus,0,-1.4756655147470228e-16,0
Lolium,Celastrina_argiolus,0,-5.280441901259459e-17,0
Lolium,Phengaris_arion,0,-8.013173272300809e-21,0
Lolium,Phengaris_teleius,0,9.773336852317414e-18,0
Lolium,Phengaris_nausithous,0,9.773336852317414e-18,0
Lolium,Scolitantides_orion,0,-4.136085636352599e-23,0
Lolium,Iolana_iolas,0,-1.3648303127719635e-16,0
Lolium,Glaucopsyche_alexis,0,-9.750113852088521e-17,0
Lolium,Pseudophilotes_baton,0,3.9759329376821198e-22,0
Lolium,Leptotes_pirithous,0,2.692133535404438e-16,0
Lolium,Cupido_argiades,0,1.0559976922851441e-16,0
Lolium,Cupido_alcetas,0,6.799598383410606e-17,0
Lolium,Cupido_osiris,0,-1.629224785389964e-16,0
Lolium,Cupido_minimus,0,-5.0429422777732e-17,0
Lolium,Plebejus_argus,0,-2.0581288810706368e-16,0
Lolium,Plebejus_idas,0,1.1604181946282056e-16,0
Lolium,Plebejus_argyrognomon,0,2.023719400377764e-16,0
Lolium,Cyaniris_semiargus,0,1.5375129375776087e-17,0
Lolium,Aricia_nicias,0,1.4043527265306996e-16,0
Lolium,Aricia_artaxerxes,0,2.4619212552141435e-16,0
Lolium,Aricia_agestis,0,1.4524183911743744e-16,0
Lolium,Polyommatus_escheri,0,2.8849351932951136e-16,0
Lolium,Polyommatus_thersites,0,-3.975758475972468e-17,0
Lolium,Polyommatus_amandus,0,-5.510880321391646e-17,0
Lolium,Polyommatus_icarus,0,-1.1383591510379861e-17,0
Lolium,Polyommatus_eros,0,1.297282779272386e-16,0
Lolium,Polyommatus_dorylas,0,-1.5663216353325709e-16,0
Lolium,Polyommatus_damon,0,-3.975758475972468e-17,0
Lolium,Neptis_rivularis,0,4.166121565960139e-17,0
Lolium,Limenitis_populi,0,-1.245542714953113e-38,0
Lolium,Limenitis_reducta,0,-9.269360109699654e-39,0
Lolium,Limenitis_camilla,0,7.980590462194175e-39,0
Lolium,Issoria_lathonia,0,2.5887134844435444e-17,0
Lolium,Brenthis_ino,0,8.409658063909603e-18,0
Lolium,Argynnis_paphia,0,2.5887134844435444e-17,0
Lolium,Fabriciana_adippe,0,2.5887134844435444e-17,0
Lolium,Boloria_pales,0,3.5142619655529254e-17,0
Lolium,Boloria_napaea,0,2.5887134844435444e-17,0
Lolium,Boloria_aquilonaris,0,2.5184370415706154e-17,0
Lolium,Boloria_selene,0,2.5887134844435444e-17,0
Lolium,Boloria_dia,0,2.5887134844435444e-17,0
Lolium,Boloria_euphrosyne,0,2.5887134844435444e-17,0
Lolium,Boloria_titania,0,2.5887134844435444e-17,0
Lolium,Apatura_iris,0,2.0832602031745657e-39,0
Lolium,Apatura_ilia,0,4.6680833900597313e-39,0
Lolium,Araschnia_levana,0,4.578768876572069e-17,0
Lolium,Vanessa_cardui,0,9.353789440846471e-17,0
Lolium,Vanessa_atalanta,0,4.578768876572069e-17,0
Lolium,Aglais_io,0,5.3485645950066224e-17,0
Lolium,Aglais_urticae,0,4.578768876572069e-17,0
Lolium,Nymphalis_polychloros,0,-3.9355733094573195e-39,0
Lolium,Nymphalis_antiopa,0,2.0832602031745657e-39,0
Lolium,Euphydryas_cynthia,0,3.5142619655529254e-17,0
Lolium,Euphydryas_intermedia,0,2.0815121754378765e-39,0
Lolium,Melitaea_didyma,0,-2.068698787406794e-16,0
Lolium,Melitaea_phoebe,0,1.0303624640346822e-17,0
Lolium,Melitaea_cinxia,0,-6.260701755412396e-17,0
Lolium,Melitaea_diamina,0,0,0
Lolium,Melitaea_aurelia,0,1.951828929231523e-17,0
Lolium,Melitaea_varia,0,1.951828929231523e-17,0
Lolium,Melitaea_parthenoides,0,-1.902822341609531e-17,0
Lolium,Melitaea_deione,0,-3.3888614199195387e-17,0
Lolium,Melitaea_athalia,0,-1.0789790783889427e-16,0
Lolium,Melitaea_britomartis,0,-6.260701755412396e-17,0
Lolium,Libythea_celtis,0,-2.7263407105534646e-39,0
Lolium,Lasiommata_maera,0,-0.010818045609593395,0
Lolium,Lasiommata_petropolitana,0,0.018266997577860638,0
Lolium,Lasiommata_megera,0,0.041441084149300596,0
Lolium,Lopinga_achine,0,0.0887802867494243,1
Lolium,Coenonympha_glycerion,0,0.06964683493810638,1
Lolium,Coenonympha_pamphilus,0,0.06485008840516396,0
Lolium,Coenonympha_tullia,0,-0.11262420692101464,0
Lolium,Melanargia_galathea,0,0.15282624336987274,1
Lolium,Hipparchia_statilinus,0,-5.53308086355704e-5,0
Lolium,Hipparchia_fagi,0,0.041441084149300596,0
Lolium,Hipparchia_semele,0,0.018266997577860638,0
Lolium,Oeneis_glacialis,0,0.018266997577860638,0
Lolium,Brintesia_circe,0,0.041441084149300596,0
Lolium,Satyrus_ferula,0,0.018266997577860638,0
Lolium,Hyponephele_lycaon,0,-0.023229417380075425,0
Lolium,Aphantopus_hyperantus,0,0.041441084149300596,0
Lolium,Maniola_jurtina,0,0.041441084149300596,0
Lolium,Erebia_nivalis,0,0.018266997577860638,0
Lolium,Erebia_tyndarus,0,0.006461255565376165,0
Lolium,Erebia_christi,0,0.018266997577860638,0
Lolium,Erebia_pharte,0,-0.06026020182256807,0
Lolium,Erebia_epiphron,0,0.018266997577860638,0
Lolium,Erebia_meolans,0,0.018266997577860638,0
Lolium,Erebia_triarius,0,-0.023229417380075425,0
Lolium,Erebia_medusa,0,0.059708081727161265,0
Lolium,Erebia_aethiops,0,0.23784600884302015,1
Lolium,Erebia_pandrose,0,-0.046915293881679844,0
Lolium,Erebia_flavofasciata,0,0.018266997577860638,0
Lolium,Erebia_gorge,0,-0.04368881684301966,0
Lolium,Erebia_pluto,0,-0.04368881684301966,0
Lolium,Erebia_sudetica,0,-0.011006519971434196,0
Lolium,Erebia_melampus,0,0.009687732604036466,0
Lolium,Erebia_manto,0,-0.10457423991106335,0
Lolium,Erebia_eriphyle,0,-0.14787336495768175,0
Lolium,Erebia_euryale,0,-0.0027673984575408736,0
Lolium,Erebia_ligea,0,-0.15049487546132087,0
Lolium,Erebia_oeme,0,0.06412017630088156,0
Lolium,Erebia_mnestra,0,-0.06438306941849029,0
Lolium,Erebia_styx,0,-0.08265006699635093,0
Holcus,Parnassius_mnemosyne,0,0,0
Holcus,Parnassius_apollo,0,0,0
Holcus,Parnassius_phoebus,0,0,0
Holcus,Iphiclides_podalirius,0,-2.6811124147749746e-34,0
Holcus,Papilio_machaon,0,1.0410293695969484e-16,0
Holcus,Carcharodus_alceae,0,2.057583566782401e-17,0
Holcus,Spialia_sertorius,0,2.1063049459489967e-17,0
Holcus,Erynnis_tages,0,1.4270599109306364e-17,0
Holcus,Pyrgus_carthami,0,2.4117091789700406e-17,0
Holcus,Pyrgus_malvae,0,-2.0158741341981525e-16,0
Holcus,Pyrgus_andromedae,0,-7.112057915270465e-17,0
Holcus,Pyrgus_cacaliae,0,-9.859077053395419e-17,0
Holcus,Pyrgus_serratulae,0,5.969981579946448e-17,0
Holcus,Pyrgus_armoricanus,0,2.0232604861272314e-16,0
Holcus,Pyrgus_cirsii,0,-8.648853892949712e-17,0
Holcus,Pyrgus_carlinae,0,-6.169103521270977e-17,0
Holcus,Pyrgus_alveus,0,-2.4418157284223095e-17,0
Holcus,Heteropterus_morpheus,0,0.16752438519705518,1
Holcus,Carterocephalus_palaemon,0,-0.11524944720224695,0
Holcus,Thymelicus_acteon,0,-0.032026123843574734,0
Holcus,Thymelicus_sylvestris,0,-0.17422955766160675,0
Holcus,Thymelicus_lineola,0,0.22186418699978666,1
Holcus,Ochlodes_sylvanus,1,0.9356517875322145,1
Holcus,Hesperia_comma,1,0.4196080744957651,1
Holcus,Gonepteryx_rhamni,0,-2.9187192761270514e-16,0
Holcus,Colias_alfacariensis,0,7.132264176319761e-17,0
Holcus,Colias_phicomone,0,-1.9822685057019936e-16,0
Holcus,Colias_palaeno,0,7.799639684932046e-17,0
Holcus,Anthocharis_cardamines,0,-2.4607160229151478e-17,0
Holcus,Aporia_crataegi,0,-4.062323746063052e-17,0
Holcus,Pontia_callidice,0,3.6555768489493215e-16,0
Holcus,Pieris_brassicae,0,3.0062379592807706e-17,0
Holcus,Pieris_mannii,0,-1.1878192680983452e-16,0
Holcus,Pieris_bryoniae,0,4.754958850199366e-16,0
Holcus,Hamearis_lucina,0,-2.412043999274904e-17,0
Holcus,Lycaena_phlaeas,0,-4.3392145565959687e-16,0
Holcus,Lycaena_virgaureae,0,-3.5648735475906604e-16,0
Holcus,Lycaena_helle,0,9.945832793560999e-17,0
Holcus,Lycaena_alciphron,0,-1.6767129516517883e-16,0
Holcus,Lycaena_dispar,0,-6.153641739224765e-16,0
Holcus,Lycaena_hippothoe,0,-3.768947102213095e-16,0
Holcus,Thecla_betulae,0,-5.031149399391077e-17,0
Holcus,Favonius_quercus,0,-1.045376305416338e-17,0
Holcus,Satyrium_acaciae,0,-2.4805162924235422e-17,0
Holcus,Satyrium_spini,0,-4.5193702870819975e-17,0
Holcus,Satyrium_ilicis,0,-6.133640485275131e-19,0
Holcus,Lampides_boeticus,0,-1.25158343200719e-16,0
Holcus,Celastrina_argiolus,0,-7.310556795409871e-17,0
Holcus,Phengaris_arion,0,-1.0424426655805392e-20,0
Holcus,Phengaris_teleius,0,-2.391963201677607e-20,0
Holcus,Phengaris_nausithous,0,-2.3919632016720603e-20,0
Holcus,Scolitantides_orion,0,-5.385009010124969e-23,0
Holcus,Iolana_iolas,0,-1.1095175336431374e-16,0
Holcus,Glaucopsyche_alexis,0,-1.9004154637445375e-16,0
Holcus,Pseudophilotes_baton,0,5.17721968379167e-22,0
Holcus,Leptotes_pirithous,0,1.3179772013976476e-16,0
Holcus,Cupido_argiades,0,1.4345177004464378e-16,0
Holcus,Cupido_alcetas,0,1.2211543551616472e-16,0
Holcus,Cupido_osiris,0,-2.4014114240623435e-16,0
Holcus,Cupido_minimus,0,3.361487418761957e-17,0
Holcus,Plebejus_argus,0,-1.607125229568864e-16,0
Holcus,Plebejus_idas,0,7.203277408452303e-17,0
Holcus,Plebejus_argyrognomon,0,1.1470222086445569e-16,0
Holcus,Cyaniris_semiargus,0,-1.1353784346169171e-17,0
Holcus,Aricia_nicias,0,8.894543445053013e-17,0
Holcus,Aricia_artaxerxes,0,3.022268072151828e-16,0
Holcus,Aricia_agestis,0,1.3468966716118036e-16,0
Holcus,Polyommatus_escheri,0,3.503005458749142e-16,0
Holcus,Polyommatus_thersites,0,-5.78118547994101e-17,0
Holcus,Polyommatus_amandus,0,-5.424976728533427e-17,0
Holcus,Polyommatus_icarus,0,9.814242554477401e-17,0
Holcus,Polyommatus_eros,0,1.0775203121107366e-16,0
Holcus,Polyommatus_dorylas,0,-5.4437948950515576e-17,0
Holcus,Polyommatus_damon,0,-5.78118547994101e-17,0
Holcus,Neptis_rivularis,0,3.847474016611129e-17,0
Holcus,Limenitis_populi,0,-1.620798183597907e-38,0
Holcus,Limenitis_reducta,0,-1.2060126151971715e-38,0
Holcus,Limenitis_camilla,0,1.0383326005673953e-38,0
Holcus,Issoria_lathonia,0,2.8826473901856523e-18,0
Holcus,Brenthis_ino,0,1.1014423836684887e-17,0
Holcus,Argynnis_paphia,0,2.8826473901856523e-18,0
Holcus,Fabriciana_adippe,0,2.8826473901856523e-18,0
Holcus,Boloria_pales,0,1.1643461231837266e-17,0
Holcus,Boloria_napaea,0,2.8826473901856523e-18,0
Holcus,Boloria_aquilonaris,0,3.67205764412795e-17,0
Holcus,Boloria_selene,0,2.8826473901856523e-18,0
Holcus,Boloria_dia,0,2.8826473901856523e-18,0
Holcus,Boloria_euphrosyne,0,2.8826473901856523e-18,0
Holcus,Boloria_titania,0,2.8826473901856523e-18,0
Holcus,Apatura_iris,0,2.7133027194419475e-39,0
Holcus,Apatura_ilia,0,6.070348712186262e-39,0
Holcus,Araschnia_levana,0,1.5961755279950614e-16,0
Holcus,Vanessa_cardui,0,3.2982579351994173e-16,0
Holcus,Vanessa_atalanta,0,1.5961755279950614e-16,0
Holcus,Aglais_io,0,1.8850441253865295e-16,0
Holcus,Aglais_urticae,0,1.5961755279950614e-16,0
Holcus,Nymphalis_polychloros,0,-5.1202889247769634e-39,0
Holcus,Nymphalis_antiopa,0,2.7133027194419475e-39,0
Holcus,Euphydryas_cynthia,0,1.1643461231837266e-17,0
Holcus,Euphydryas_intermedia,0,2.708198119244344e-39,0
Holcus,Melitaea_didyma,0,-1.0426737891776508e-16,0
Holcus,Melitaea_phoebe,0,7.227852044091917e-17,0
Holcus,Melitaea_cinxia,0,-1.824175520161379e-17,0
Holcus,Melitaea_diamina,0,0,0
Holcus,Melitaea_aurelia,0,4.289158644407052e-17,0
Holcus,Melitaea_varia,0,4.289158644407052e-17,0
Holcus,Melitaea_parthenoides,0,1.7008659728802205e-17,0
Holcus,Melitaea_deione,0,-1.502703759089051e-17,0
Holcus,Melitaea_athalia,0,-6.711713472234636e-18,0
Holcus,Melitaea_britomartis,0,-1.824175520161379e-17,0
Holcus,Libythea_celtis,0,-3.5498201645567466e-39,0
Holcus,Lasiommata_maera,0,-0.00401616369115571,0
Holcus,Lasiommata_petropolitana,0,0.034699514400393414,0
Holcus,Lasiommata_megera,0,-0.022311595388317892,0
Holcus,Lopinga_achine,0,0.039336090983558475,0
Holcus,Coenonympha_glycerion,0,-0.05271308403230516,0
Holcus,Coenonympha_pamphilus,0,0.05168159886759864,0
Holcus,Coenonympha_tullia,0,-0.10812281262461229,0
Holcus,Melanargia_galathea,0,0.042784811930989645,0
Holcus,Hipparchia_statilinus,0,-0.06879103970069754,0
Holcus,Hipparchia_fagi,0,-0.022311595388317892,0
Holcus,Hipparchia_semele,0,0.034699514400393414,0
Holcus,Oeneis_glacialis,0,0.034699514400393414,0
Holcus,Brintesia_circe,0,-0.022311595388317892,0
Holcus,Satyrus_ferula,0,0.034699514400393414,0
Holcus,Hyponephele_lycaon,0,-0.011779929911986188,0
Holcus,Aphantopus_hyperantus,0,-0.022311595388317892,0
Holcus,Maniola_jurtina,0,-0.022311595388317892,0
Holcus,Erebia_nivalis,0,0.034699514400393414,0
Holcus,Erebia_tyndarus,0,0.011751423199050624,0
Holcus,Erebia_christi,0,0.034699514400393414,0
Holcus,Erebia_pharte,0,-0.0016712559133984538,0
Holcus,Erebia_epiphron,0,0.034699514400393414,0
Holcus,Erebia_meolans,0,0.034699514400393414,0
Holcus,Erebia_triarius,0,-0.011779929911986188,0
Holcus,Erebia_medusa,0,0.012387919012075605,0
Holcus,Erebia_aethiops,0,0.16898539334067436,1
Holcus,Erebia_pandrose,0,0.03825828900719176,0
Holcus,Erebia_flavofasciata,0,0.034699514400393414,0
Holcus,Erebia_gorge,0,0.05080839569429262,0
Holcus,Erebia_pluto,0,0.05080839569429262,0
Holcus,Erebia_sudetica,0,-0.042977728654207153,0
Holcus,Erebia_melampus,0,0.02430152988615149,0
Holcus,Erebia_manto,0,-0.10149790668129166,0
Holcus,Erebia_eriphyle,0,-0.19453748155739928,0
Holcus,Erebia_euryale,0,0.10399903968073411,1
Holcus,Erebia_ligea,0,-0.13543606555669993,0
Holcus,Erebia_oeme,0,0.1575219569575392,1
Holcus,Erebia_mnestra,0,-0.016470862846066043,0
Holcus,Erebia_styx,0,-0.05117037724645948,0
Phalaris,Parnassius_mnemosyne,0,0,0
Phalaris,Parnassius_apollo,0,0,0
Phalaris,Parnassius_phoebus,0,0,0
Phalaris,Iphiclides_podalirius,0,-1.354486092887623e-34,0
Phalaris,Papilio_machaon,0,5.876808022103187e-17,0
Phalaris,Carcharodus_alceae,0,1.1361499830390131e-17,0
Phalaris,Spialia_sertorius,0,1.726536923756439e-17,0
Phalaris,Erynnis_tages,0,3.851899883084333e-17,0
Phalaris,Pyrgus_carthami,0,1.4023867694146182e-17,0
Phalaris,Pyrgus_malvae,0,-6.741066257091989e-17,0
Phalaris,Pyrgus_andromedae,0,-7.965605145398275e-18,0
Phalaris,Pyrgus_cacaliae,0,-1.0291862351147681e-17,0
Phalaris,Pyrgus_serratulae,0,-5.925591609967938e-17,0
Phalaris,Pyrgus_armoricanus,0,3.495040778287131e-17,0
Phalaris,Pyrgus_cirsii,0,-6.712465202699895e-18,0
Phalaris,Pyrgus_carlinae,0,-4.8688435530008026e-17,0
Phalaris,Pyrgus_alveus,0,-6.041817146677758e-18,0
Phalaris,Heteropterus_morpheus,0,0.11867232247318102,1
Phalaris,Carterocephalus_palaemon,0,-0.04797049248218004,0
Phalaris,Thymelicus_acteon,0,0.05686282349414194,0
Phalaris,Thymelicus_sylvestris,0,-0.025555321521200422,0
Phalaris,Thymelicus_lineola,0,0.14279003038011057,1
Phalaris,Ochlodes_sylvanus,1,0.7501579204748855,1
Phalaris,Hesperia_comma,0,0.18549386705732843,1
Phalaris,Gonepteryx_rhamni,0,-1.816096320389938e-16,0
Phalaris,Colias_alfacariensis,0,4.0159872610447806e-17,0
Phalaris,Colias_phicomone,0,-1.6942216565663727e-16,0
Phalaris,Colias_palaeno,0,1.9714336635522512e-17,0
Phalaris,Anthocharis_cardamines,0,-1.0655767055900994e-16,0
Phalaris,Aporia_crataegi,0,-2.9870132505392425e-17,0
Phalaris,Pontia_callidice,0,7.066045111280576e-17,0
Phalaris,Pieris_brassicae,0,6.929660966023771e-17,0
Phalaris,Pieris_mannii,0,-4.7601486354199e-17,0
Phalaris,Pieris_bryoniae,0,4.4153962076102543e-17,0
Phalaris,Hamearis_lucina,0,-1.791383389049162e-17,0
Phalaris,Lycaena_phlaeas,0,-2.716742804979949e-16,0
Phalaris,Lycaena_virgaureae,0,-2.5042085609912624e-16,0
Phalaris,Lycaena_helle,0,6.194917136444138e-17,0
Phalaris,Lycaena_alciphron,0,-9.982289468766631e-17,0
Phalaris,Lycaena_dispar,0,-3.665142420270045e-16,0
Phalaris,Lycaena_hippothoe,0,-2.34086529021481e-16,0
Phalaris,Thecla_betulae,0,-2.3930065837902966e-17,0
Phalaris,Favonius_quercus,0,-6.065434579212521e-18,0
Phalaris,Satyrium_acaciae,0,-3.943014889795839e-18,0
Phalaris,Satyrium_spini,0,-2.8783533828890455e-17,0
Phalaris,Satyrium_ilicis,0,-3.5279150480131728e-19,0
Phalaris,Lampides_boeticus,0,-9.316909766825459e-17,0
Phalaris,Celastrina_argiolus,0,-4.7931393215776405e-17,0
Phalaris,Phengaris_arion,0,-6.0615626315749235e-21,0
Phalaris,Phengaris_teleius,0,8.626183562519222e-19,0
Phalaris,Phengaris_nausithous,0,8.626183562519392e-19,0
Phalaris,Scolitantides_orion,0,-3.127424617156954e-23,0
Phalaris,Iolana_iolas,0,-8.369334723984897e-17,0
Phalaris,Glaucopsyche_alexis,0,-9.517672488859897e-17,0
Phalaris,Pseudophilotes_baton,0,3.007582347703314e-22,0
Phalaris,Leptotes_pirithous,0,1.5972499820142257e-16,0
Phalaris,Cupido_argiades,0,1.0581236038220298e-16,0
Phalaris,Cupido_alcetas,0,7.444069754127896e-17,0
Phalaris,Cupido_osiris,0,-1.068811618004377e-16,0
Phalaris,Cupido_minimus,0,-6.491815879681674e-17,0
Phalaris,Plebejus_argus,0,-1.664851075661711e-16,0
Phalaris,Plebejus_idas,0,8.267602457500631e-17,0
Phalaris,Plebejus_argyrognomon,0,1.467562407806262e-16,0
Phalaris,Cyaniris_semiargus,0,-5.747528416908255e-17,0
Phalaris,Aricia_nicias,0,1.0889680864261354e-16,0
Phalaris,Aricia_artaxerxes,0,2.3405250456571927e-16,0
Phalaris,Aricia_agestis,0,1.0164692951330372e-16,0
Phalaris,Polyommatus_escheri,0,2.376299551772551e-16,0
Phalaris,Polyommatus_thersites,0,-2.655575667003275e-17,0
Phalaris,Polyommatus_amandus,0,-8.567871713314839e-17,0
Phalaris,Polyommatus_icarus,0,5.939138042519818e-18,0
Phalaris,Polyommatus_eros,0,9.212603336499853e-17,0
Phalaris,Polyommatus_dorylas,0,-1.3101073005629506e-16,0
Phalaris,Polyommatus_damon,0,-2.655575667003275e-17,0
Phalaris,Neptis_rivularis,0,3.0595870948678225e-17,0
Phalaris,Limenitis_populi,0,-9.423892818786228e-39,0
Phalaris,Limenitis_reducta,0,-7.013138531646952e-39,0
Phalaris,Limenitis_camilla,0,6.03806690620334e-39,0
Phalaris,Issoria_lathonia,0,2.2679711031254515e-17,0
Phalaris,Brenthis_ino,0,1.2131289332283205e-17,0
Phalaris,Argynnis_paphia,0,2.2679711031254515e-17,0
Phalaris,Fabriciana_adippe,0,2.2679711031254515e-17,0
Phalaris,Boloria_pales,0,6.632167630413302e-17,0
Phalaris,Boloria_napaea,0,2.2679711031254515e-17,0
Phalaris,Boloria_aquilonaris,0,1.956580354130021e-17,0
Phalaris,Boloria_selene,0,2.2679711031254515e-17,0
Phalaris,Boloria_dia,0,2.2679711031254515e-17,0
Phalaris,Boloria_euphrosyne,0,2.2679711031254515e-17,0
Phalaris,Boloria_titania,0,2.2679711031254515e-17,0
Phalaris,Apatura_iris,0,1.5763919334178495e-39,0
Phalaris,Apatura_ilia,0,3.531609289958408e-39,0
Phalaris,Araschnia_levana,0,-3.116963292363384e-17,0
Phalaris,Vanessa_cardui,0,-6.636488502243937e-17,0
Phalaris,Vanessa_atalanta,0,-3.116963292363384e-17,0
Phalaris,Aglais_io,0,-3.796680072869923e-17,0
Phalaris,Aglais_urticae,0,-3.116963292363384e-17,0
Phalaris,Nymphalis_polychloros,0,-2.977618056618031e-39,0
Phalaris,Nymphalis_antiopa,0,1.5763919334178495e-39,0
Phalaris,Euphydryas_cynthia,0,6.632167630413302e-17,0
Phalaris,Euphydryas_intermedia,0,1.5748596402468943e-39,0
Phalaris,Melitaea_didyma,0,-7.380268070112796e-17,0
Phalaris,Melitaea_phoebe,0,-2.5424728747583748e-17,0
Phalaris,Melitaea_cinxia,0,3.2878981744830282e-18,0
Phalaris,Melitaea_diamina,0,0,0
Phalaris,Melitaea_aurelia,0,4.509167504347183e-17,0
Phalaris,Melitaea_varia,0,4.509167504347183e-17,0
Phalaris,Melitaea_parthenoides,0,3.009290817225461e-17,0
Phalaris,Melitaea_deione,0,-1.3595567389720202e-17,0
Phalaris,Melitaea_athalia,0,7.274346892194666e-18,0
Phalaris,Melitaea_britomartis,0,3.2878981744830282e-18,0
Phalaris,Libythea_celtis,0,-2.0629296749404094e-39,0
Phalaris,Lasiommata_maera,0,-0.026188284291915474,0
Phalaris,Lasiommata_petropolitana,0,-0.006950819736647102,0
Phalaris,Lasiommata_megera,0,4.1392196975584504e-5,0
Phalaris,Lopinga_achine,0,0.06566416750198728,0
Phalaris,Coenonympha_glycerion,0,0.03523878480631915,0
Phalaris,Coenonympha_pamphilus,0,-0.06796536264446175,0
Phalaris,Coenonympha_tullia,0,-0.06638251824749676,0
Phalaris,Melanargia_galathea,0,0.08122626519165824,1
Phalaris,Hipparchia_statilinus,0,-0.029556608833009885,0
Phalaris,Hipparchia_fagi,0,4.1392196975584504e-5,0
Phalaris,Hipparchia_semele,0,-0.006950819736647102,0
Phalaris,Oeneis_glacialis,0,-0.006950819736647102,0
Phalaris,Brintesia_circe,0,4.1392196975584504e-5,0
Phalaris,Satyrus_ferula,0,-0.006950819736647102,0
Phalaris,Hyponephele_lycaon,0,-0.03654882076663246,0
Phalaris,Aphantopus_hyperantus,0,4.1392196975584504e-5,0
Phalaris,Maniola_jurtina,0,4.1392196975584504e-5,0
Phalaris,Erebia_nivalis,0,-0.006950819736647102,0
Phalaris,Erebia_tyndarus,0,-0.0720725089468926,0
Phalaris,Erebia_christi,0,-0.006950819736647102,0
Phalaris,Erebia_pharte,0,-0.052113918046273314,0
Phalaris,Erebia_epiphron,0,-0.006950819736647102,0
Phalaris,Erebia_meolans,0,-0.006950819736647102,0
Phalaris,Erebia_triarius,0,-0.03654882076663246,0
Phalaris,Erebia_medusa,0,-0.006909427539671467,0
Phalaris,Erebia_aethiops,0,0.14230633868240286,1
Phalaris,Erebia_pandrose,0,-0.01388367967285297,0
Phalaris,Erebia_flavofasciata,0,-0.006950819736647102,0
Phalaris,Erebia_gorge,0,-0.006690594572140748,0
Phalaris,Erebia_pluto,0,-0.006690594572140748,0
Phalaris,Erebia_sudetica,0,-0.08215384663080577,0
Phalaris,Erebia_melampus,0,-0.06487942384618026,0
Phalaris,Erebia_manto,0,-0.11317304010307272,0
Phalaris,Erebia_eriphyle,0,-0.1459681683803936,0
Phalaris,Erebia_euryale,0,0.03862650806184333,0
Phalaris,Erebia_ligea,0,-0.01810741123588404,0
Phalaris,Erebia_oeme,0,0.1012999229881174,1
Phalaris,Erebia_mnestra,0,-0.023965017356766233,0
Phalaris,Erebia_styx,0,-0.01701419762011915,0
Luzula,Parnassius_mnemosyne,0,0,0
Luzula,Parnassius_apollo,0,0,0
Luzula,Parnassius_phoebus,0,0,0
Luzula,Iphiclides_podalirius,0,-7.367646436032352e-34,0
Luzula,Papilio_machaon,0,3.167896961395728e-16,0
Luzula,Carcharodus_alceae,0,2.125641784709797e-17,0
Luzula,Spialia_sertorius,0,4.224302445960526e-17,0
Luzula,Erynnis_tages,0,2.4117352091913737e-17,0
Luzula,Pyrgus_carthami,0,2.7556131109488396e-16,0
Luzula,Pyrgus_malvae,0,-3.7283818241023526e-16,0
Luzula,Pyrgus_andromedae,0,3.8699618438600757e-17,0
Luzula,Pyrgus_cacaliae,0,1.183808002991431e-16,0
Luzula,Pyrgus_serratulae,0,-3.027422323730352e-16,0
Luzula,Pyrgus_armoricanus,0,-2.6002771651977273e-17,0
Luzula,Pyrgus_cirsii,0,-6.748131364395404e-17,0
Luzula,Pyrgus_carlinae,0,2.4000442189589704e-17,0
Luzula,Pyrgus_alveus,0,6.981970943930801e-17,0
Luzula,Heteropterus_morpheus,0,0.12228790532663326,1
Luzula,Carterocephalus_palaemon,0,-0.024286853937643658,0
Luzula,Thymelicus_acteon,0,0.18085719300992428,1
Luzula,Thymelicus_sylvestris,0,0.2055616264045724,1
Luzula,Thymelicus_lineola,0,0.06454832979590779,0
Luzula,Ochlodes_sylvanus,1,0.9129833559832502,1
Luzula,Hesperia_comma,0,0.16021679901367358,1
Luzula,Gonepteryx_rhamni,0,-1.0192292264788703e-16,0
Luzula,Colias_alfacariensis,0,1.1401292648699301e-16,0
Luzula,Colias_phicomone,0,-3.1640907457685734e-16,0
Luzula,Colias_palaeno,0,-1.0052578524735774e-16,0
Luzula,Anthocharis_cardamines,0,-1.0211811857316795e-17,0
Luzula,Aporia_crataegi,0,-1.1561778333687522e-16,0
Luzula,Pontia_callidice,0,3.421910660704413e-16,0
Luzula,Pieris_brassicae,0,1.555574031690732e-16,0
Luzula,Pieris_mannii,0,-1.174287612230063e-16,0
Luzula,Pieris_bryoniae,0,8.080061296313937e-16,0
Luzula,Hamearis_lucina,0,-4.17266579904115e-17,0
Luzula,Lycaena_phlaeas,0,-8.266206275718845e-17,0
Luzula,Lycaena_virgaureae,0,-1.1603080805088734e-16,0
Luzula,Lycaena_helle,0,2.0707839297845498e-17,0
Luzula,Lycaena_alciphron,0,6.2671143326354485e-17,0
Luzula,Lycaena_dispar,0,-1.9166931684316428e-17,0
Luzula,Lycaena_hippothoe,0,-3.5773439743721855e-17,0
Luzula,Thecla_betulae,0,-2.3145455702557956e-16,0
Luzula,Favonius_quercus,0,1.460770024510788e-18,0
Luzula,Satyrium_acaciae,0,-2.2115573667117876e-16,0
Luzula,Satyrium_spini,0,-1.6657527158803176e-17,0
Luzula,Satyrium_ilicis,0,1.1314347678504382e-19,0
Luzula,Lampides_boeticus,0,-4.6935203793487984e-17,0
Luzula,Celastrina_argiolus,0,-3.394272036246322e-17,0
Luzula,Phengaris_arion,0,1.3374481315092054e-21,0
Luzula,Phengaris_teleius,0,5.445141960287274e-17,0
Luzula,Phengaris_nausithous,0,5.445141960287274e-17,0
Luzula,Scolitantides_orion,0,7.247887721268959e-24,0
Luzula,Iolana_iolas,0,-4.476272231510699e-17,0
Luzula,Glaucopsyche_alexis,0,3.8917189134922034e-16,0
Luzula,Pseudophilotes_baton,0,-6.89343963447609e-23,0
Luzula,Leptotes_pirithous,0,2.8650086334822704e-16,0
Luzula,Cupido_argiades,0,1.7521180840214026e-16,0
Luzula,Cupido_alcetas,0,1.9889721490886847e-16,0
Luzula,Cupido_osiris,0,1.4914723536008912e-16,0
Luzula,Cupido_minimus,0,-1.2639597402223053e-16,0
Luzula,Plebejus_argus,0,-2.6387977425700894e-16,0
Luzula,Plebejus_idas,0,8.175043822932962e-18,0
Luzula,Plebejus_argyrognomon,0,2.0230985048106785e-16,0
Luzula,Cyaniris_semiargus,0,-3.7418730780107164e-16,0
Luzula,Aricia_nicias,0,2.5466533854330514e-16,0
Luzula,Aricia_artaxerxes,0,3.7834203967106406e-16,0
Luzula,Aricia_agestis,0,1.0967596980981908e-16,0
Luzula,Polyommatus_escheri,0,1.0954877317386357e-16,0
Luzula,Polyommatus_thersites,0,1.1918383617461176e-16,0
Luzula,Polyommatus_amandus,0,-4.3282758067878445e-16,0
Luzula,Polyommatus_icarus,0,-3.842807617409293e-18,0
Luzula,Polyommatus_eros,0,1.520852879762105e-16,0
Luzula,Polyommatus_dorylas,0,-1.0519577674290811e-16,0
Luzula,Polyommatus_damon,0,1.1918383617461176e-16,0
Luzula,Neptis_rivularis,0,5.0126087269748385e-17,0
Luzula,Limenitis_populi,0,2.0852295043579882e-39,0
Luzula,Limenitis_reducta,0,1.5431391983631316e-39,0
Luzula,Limenitis_camilla,0,-1.3284769841875237e-39,0
Luzula,Issoria_lathonia,0,1.1700269539883992e-16,0
Luzula,Brenthis_ino,0,2.102159771817796e-17,0
Luzula,Argynnis_paphia,0,1.1700269539883992e-16,0
Luzula,Fabriciana_adippe,0,1.1700269539883992e-16,0
Luzula,Boloria_pales,0,2.18533766791071e-16,0
Luzula,Boloria_napaea,0,1.1700269539883992e-16,0
Luzula,Boloria_aquilonaris,0,2.7629747316752934e-18,0
Luzula,Boloria_selene,0,1.1700269539883992e-16,0
Luzula,Boloria_dia,0,1.1700269539883992e-16,0
Luzula,Boloria_euphrosyne,0,1.1700269539883992e-16,0
Luzula,Boloria_titania,0,1.1700269539883992e-16,0
Luzula,Apatura_iris,0,-3.598550188334897e-40,0
Luzula,Apatura_ilia,0,-7.62448795405548e-40,0
Luzula,Araschnia_levana,0,1.065602648466513e-17,0
Luzula,Vanessa_cardui,0,1.642372044814274e-17,0
Luzula,Vanessa_atalanta,0,1.065602648466513e-17,0
Luzula,Aglais_io,0,1.2527926775049162e-17,0
Luzula,Aglais_urticae,0,1.065602648466513e-17,0
Luzula,Nymphalis_polychloros,0,6.543126211593939e-40,0
Luzula,Nymphalis_antiopa,0,-3.598550188334897e-40,0
Luzula,Euphydryas_cynthia,0,2.18533766791071e-16,0
Luzula,Euphydryas_intermedia,0,-3.464961267846475e-40,0
Luzula,Melitaea_didyma,0,2.766100278258608e-16,0
Luzula,Melitaea_phoebe,0,-1.3683362720784962e-17,0
Luzula,Melitaea_cinxia,0,1.6716206930543552e-16,0
Luzula,Melitaea_diamina,0,0,0
Luzula,Melitaea_aurelia,0,9.091033022292503e-17,0
Luzula,Melitaea_varia,0,9.091033022292503e-17,0
Luzula,Melitaea_parthenoides,0,1.585778040604176e-16,0
Luzula,Melitaea_deione,0,4.2420560347383366e-17,0
Luzula,Melitaea_athalia,0,2.828140061552151e-16,0
Luzula,Melitaea_britomartis,0,1.6716206930543552e-16,0
Luzula,Libythea_celtis,0,4.660879659128144e-40,0
Luzula,Lasiommata_maera,0,-0.08741325577729195,0
Luzula,Lasiommata_petropolitana,0,-0.058099917617213226,0
Luzula,Lasiommata_megera,0,-0.004857003118846493,0
Luzula,Lopinga_achine,0,0.14868561730332192,1
Luzula,Coenonympha_glycerion,0,0.22127678059705486,1
Luzula,Coenonympha_pamphilus,0,-0.016525391067600034,0
Luzula,Coenonympha_tullia,0,0.0910851199141158,1
Luzula,Melanargia_galathea,0,0.10171112105956634,1
Luzula,Hipparchia_statilinus,0,-0.06573136311221688,0
Luzula,Hipparchia_fagi,0,-0.004857003118846493,0
Luzula,Hipparchia_semele,0,-0.058099917617213226,0
Luzula,Oeneis_glacialis,0,-0.058099917617213226,0
Luzula,Brintesia_circe,0,-0.004857003118846493,0
Luzula,Satyrus_ferula,0,-0.058099917617213226,0
Luzula,Hyponephele_lycaon,0,-0.11897427761058339,0
Luzula,Aphantopus_hyperantus,0,-0.004857003118846493,0
Luzula,Maniola_jurtina,0,-0.004857003118846493,0
Luzula,Erebia_nivalis,0,-0.058099917617213226,0
Luzula,Erebia_tyndarus,0,-0.08546876181340352,0
Luzula,Erebia_christi,0,-0.058099917617213226,0
Luzula,Erebia_pharte,0,0.060231496792480146,0
Luzula,Erebia_epiphron,0,-0.058099917617213226,0
Luzula,Erebia_meolans,0,-0.058099917617213226,0
Luzula,Erebia_triarius,0,-0.11897427761058339,0
Luzula,Erebia_medusa,0,-0.06295692073605968,0
Luzula,Erebia_aethiops,1,0.657732117040013,1
Luzula,Erebia_pandrose,0,0.15655762964092754,1
Luzula,Erebia_flavofasciata,0,-0.058099917617213226,0
Luzula,Erebia_gorge,0,0.2319448512420912,1
Luzula,Erebia_pluto,0,0.2319448512420912,1
Luzula,Erebia_sudetica,0,-0.1090071728347401,0
Luzula,Erebia_melampus,0,-0.010081540212239637,0
Luzula,Erebia_manto,0,0.1428113807933301,1
Luzula,Erebia_eriphyle,0,0.0860032412957386,1
Luzula,Erebia_euryale,1,0.8127960363634963,1
Luzula,Erebia_ligea,1,0.5467229550918057,1
Luzula,Erebia_oeme,0,0.4271307082412663,1
Luzula,Erebia_mnestra,0,0.1330192186195908,1
Luzula,Erebia_styx,0,0.19111913623680396,1
Poa,Parnassius_mnemosyne,0,0,0
Poa,Parnassius_apollo,0,0,0
Poa,Parnassius_phoebus,0,0,0
Poa,Iphiclides_podalirius,0,-1.393559449260244e-33,0
Poa,Papilio_machaon,0,5.463071763394836e-16,0
Poa,Carcharodus_alceae,0,4.778257043204435e-17,0
Poa,Spialia_sertorius,0,2.920602517812912e-17,0
Poa,Erynnis_tages,0,-2.3025157301122773e-16,0
Poa,Pyrgus_carthami,0,3.027694865517745e-16,0
Poa,Pyrgus_malvae,0,-1.031123729711476e-15,0
Poa,Pyrgus_andromedae,0,-2.760953001866296e-16,0
Poa,Pyrgus_cacaliae,0,-2.1097703678936855e-16,0
Poa,Pyrgus_serratulae,0,4.868846681803069e-16,0
Poa,Pyrgus_armoricanus,0,8.042311775444232e-16,0
Poa,Pyrgus_cirsii,0,-5.273294492234825e-16,0
Poa,Pyrgus_carlinae,0,-1.1880795356982853e-17,0
Poa,Pyrgus_alveus,0,-4.2571087697093584e-17,0
Poa,Heteropterus_morpheus,0,0.05461134081023096,0
Poa,Carterocephalus_palaemon,0,-0.22327718262504578,0
Poa,Thymelicus_acteon,0,-0.13149781168757338,0
Poa,Thymelicus_sylvestris,0,-0.13483831494354565,0
Poa,Thymelicus_lineola,0,0.2380251367237706,1
Poa,Ochlodes_sylvanus,0,0.20832762105170283,1
Poa,Hesperia_comma,1,0.7178888568840583,1
Poa,Gonepteryx_rhamni,0,-4.6171506632238256e-17,0
Poa,Colias_alfacariensis,0,2.0308966454858196e-16,0
Poa,Colias_phicomone,0,-1.5657835882547942e-16,0
Poa,Colias_palaeno,0,6.1229227687559885e-18,0
Poa,Anthocharis_cardamines,0,-6.504496070204923e-17,0
Poa,Aporia_crataegi,0,-1.7240522826432156e-16,0
Poa,Pontia_callidice,0,3.1239061260338187e-16,0
Poa,Pieris_brassicae,0,-7.529409768647886e-17,0
Poa,Pieris_mannii,0,-3.48690867330391e-16,0
Poa,Pieris_bryoniae,0,9.343638182170672e-16,0
Poa,Hamearis_lucina,0,-2.266841842442666e-17,0
Poa,Lycaena_phlaeas,0,-3.8455321429877134e-17,0
Poa,Lycaena_virgaureae,0,1.7384934952381696e-16,0
Poa,Lycaena_helle,0,2.3888286388560166e-17,0
Poa,Lycaena_alciphron,0,1.0162305839675467e-16,0
Poa,Lycaena_dispar,0,-8.098549803485094e-17,0
Poa,Lycaena_hippothoe,0,7.1204693353242e-19,0
Poa,Thecla_betulae,0,-4.2477910026897843e-16,0
Poa,Favonius_quercus,0,8.115826578985925e-19,0
Poa,Satyrium_acaciae,0,-4.3808379993356757e-16,0
Poa,Satyrium_spini,0,-9.191205567578519e-18,0
Poa,Satyrium_ilicis,0,7.40481413484221e-20,0
Poa,Lampides_boeticus,0,4.078642853408618e-17,0
Poa,Celastrina_argiolus,0,-1.77021651732124e-17,0
Poa,Phengaris_arion,0,6.487282317160195e-22,0
Poa,Phengaris_teleius,0,8.048520713994251e-17,0
Poa,Phengaris_nausithous,0,8.048520713994255e-17,0
Poa,Scolitantides_orion,0,3.613879825548936e-24,0
Poa,Iolana_iolas,0,3.417758625794654e-17,0
Poa,Glaucopsyche_alexis,0,4.600495035277605e-16,0
Poa,Pseudophilotes_baton,0,-3.42476863741199e-23,0
Poa,Leptotes_pirithous,0,5.66458372129445e-17,0
Poa,Cupido_argiades,0,4.237288375648253e-17,0
Poa,Cupido_alcetas,0,2.884916268624921e-16,0
Poa,Cupido_osiris,0,1.113431805073482e-17,0
Poa,Cupido_minimus,0,4.3095076337396134e-16,0
Poa,Plebejus_argus,0,2.954676357004273e-17,0
Poa,Plebejus_idas,0,-2.110234235705687e-16,0
Poa,Plebejus_argyrognomon,0,-1.0672739331263789e-16,0
Poa,Cyaniris_semiargus,0,-2.1416503929074018e-16,0
Poa,Aricia_nicias,0,1.8129840280270264e-17,0
Poa,Aricia_artaxerxes,0,2.2113171364992022e-16,0
Poa,Aricia_agestis,0,-8.39796414825699e-20,0
Poa,Polyommatus_escheri,0,-1.2306339704026041e-17,0
Poa,Polyommatus_thersites,0,6.254349451247413e-17,0
Poa,Polyommatus_amandus,0,-2.5576717195769863e-16,0
Poa,Polyommatus_icarus,0,3.3053678598220004e-16,0
Poa,Polyommatus_eros,0,2.566556898997503e-17,0
Poa,Polyommatus_dorylas,0,5.03090235061006e-16,0
Poa,Polyommatus_damon,0,6.254349451247413e-17,0
Poa,Neptis_rivularis,0,3.271488391252794e-17,0
Poa,Limenitis_populi,0,1.014992783034616e-39,0
Poa,Limenitis_reducta,0,7.482199575385912e-40,0
Poa,Limenitis_camilla,0,-6.441037780421558e-40,0
Poa,Issoria_lathonia,0,-1.689436890437218e-16,0
Poa,Brenthis_ino,0,-1.0393184541003024e-17,0
Poa,Argynnis_paphia,0,-1.689436890437218e-16,0
Poa,Fabriciana_adippe,0,-1.689436890437218e-16,0
Poa,Boloria_pales,0,-2.3782975705750633e-16,0
Poa,Boloria_napaea,0,-1.689436890437218e-16,0
Poa,Boloria_aquilonaris,0,2.5389461202735935e-17,0
Poa,Boloria_selene,0,-1.689436890437218e-16,0
Poa,Boloria_dia,0,-1.689436890437218e-16,0
Poa,Boloria_euphrosyne,0,-1.689436890437218e-16,0
Poa,Boloria_titania,0,-1.689436890437218e-16,0
Poa,Apatura_iris,0,-1.788613994224849e-40,0
Poa,Apatura_ilia,0,-3.647606825739898e-40,0
Poa,Araschnia_levana,0,-5.7821068521586e-16,0
Poa,Vanessa_cardui,0,-1.193513971134445e-15,0
Poa,Vanessa_atalanta,0,-5.7821068521586e-16,0
Poa,Aglais_io,0,-6.882691884131385e-16,0
Poa,Aglais_urticae,0,-5.7821068521586e-16,0
Poa,Nymphalis_polychloros,0,3.1696517757607243e-40,0
Poa,Nymphalis_antiopa,0,-1.788613994224849e-40,0
Poa,Euphydryas_cynthia,0,-2.3782975705750633e-16,0
Poa,Euphydryas_intermedia,0,-1.6799659764846297e-40,0
Poa,Melitaea_didyma,0,7.763288991781484e-16,0
Poa,Melitaea_phoebe,0,-2.3643719960352883e-16,0
Poa,Melitaea_cinxia,0,3.5420713802255237e-16,0
Poa,Melitaea_diamina,0,0,0
Poa,Melitaea_aurelia,0,9.322985695214803e-17,0
Poa,Melitaea_varia,0,9.322985695214803e-17,0
Poa,Melitaea_parthenoides,0,2.1828070560225605e-16,0
Poa,Melitaea_deione,0,1.6737390913443848e-16,0
Poa,Melitaea_athalia,0,7.5751823412094e-16,0
Poa,Melitaea_britomartis,0,3.5420713802255237e-16,0
Poa,Libythea_celtis,0,2.3009362885583544e-40,0
Poa,Lasiommata_maera,0,-0.043836332160015715,0
Poa,Lasiommata_petropolitana,0,0.040776781458422194,0
Poa,Lasiommata_megera,0,0.03296055263643248,0
Poa,Lopinga_achine,0,-0.05960913191359986,0
Poa,Coenonympha_glycerion,0,-0.27660452935697927,0
Poa,Coenonympha_pamphilus,1,0.9023353143361152,1
Poa,Coenonympha_tullia,0,0.13909789556694985,1
Poa,Melanargia_galathea,0,-0.08846169310225156,0
Poa,Hipparchia_statilinus,0,-0.04909849986286496,0
Poa,Hipparchia_fagi,0,0.03296055263643248,0
Poa,Hipparchia_semele,0,0.040776781458422194,0
Poa,Oeneis_glacialis,0,0.040776781458422194,0
Poa,Brintesia_circe,0,0.03296055263643248,0
Poa,Satyrus_ferula,0,0.040776781458422194,0
Poa,Hyponephele_lycaon,0,-0.04128227104087536,0
Poa,Aphantopus_hyperantus,0,0.03296055263643248,0
Poa,Maniola_jurtina,0,0.03296055263643248,0
Poa,Erebia_nivalis,0,0.040776781458422194,0
Poa,Erebia_tyndarus,0,0.46441793545630994,1
Poa,Erebia_christi,0,0.040776781458422194,0
Poa,Erebia_pharte,0,0.39345048820944184,1
Poa,Erebia_epiphron,0,0.040776781458422194,0
Poa,Erebia_meolans,0,0.040776781458422194,0
Poa,Erebia_triarius,0,-0.04128227104087536,0
Poa,Erebia_medusa,0,0.07373733409485472,1
Poa,Erebia_aethiops,1,0.8613308711602949,1
Poa,Erebia_pandrose,0,0.3632900382693035,1
Poa,Erebia_flavofasciata,0,0.040776781458422194,0
Poa,Erebia_gorge,1,0.49559814210332825,1
Poa,Erebia_pluto,1,0.49559814210332825,1
Poa,Erebia_sudetica,0,0.2523679117039725,1
Poa,Erebia_melampus,1,0.5967260392903346,1
Poa,Erebia_manto,1,0.6965729408305951,1
Poa,Erebia_eriphyle,0,0.4140279270693172,1
Poa,Erebia_euryale,1,1.334118934898512,1
Poa,Erebia_ligea,0,0.2341923855456252,1
Poa,Erebia_oeme,1,0.5981183184592682,1
Poa,Erebia_mnestra,0,0.15124001451696623,1
Poa,Erebia_styx,0,0.11046323305854394,1
Nardus,Parnassius_mnemosyne,0,0,0
Nardus,Parnassius_apollo,0,0,0
Nardus,Parnassius_phoebus,0,0,0
Nardus,Iphiclides_podalirius,0,-9.417968596586315e-34,0
Nardus,Papilio_machaon,0,3.5647978793666835e-16,0
Nardus,Carcharodus_alceae,0,3.3760391549875276e-17,0
Nardus,Spialia_sertorius,0,1.914735996652806e-17,0
Nardus,Erynnis_tages,0,-1.5496431623967556e-16,0
Nardus,Pyrgus_carthami,0,1.8423446751184117e-16,0
Nardus,Pyrgus_malvae,0,-6.9945230976288935e-16,0
Nardus,Pyrgus_andromedae,0,-1.9694135806881565e-16,0
Nardus,Pyrgus_cacaliae,0,-2.233456025140284e-16,0
Nardus,Pyrgus_serratulae,0,3.824523217496984e-16,0
Nardus,Pyrgus_armoricanus,0,6.449659300040561e-16,0
Nardus,Pyrgus_cirsii,0,-3.7690803170566514e-16,0
Nardus,Pyrgus_carlinae,0,-1.1293598264449169e-17,0
Nardus,Pyrgus_alveus,0,-5.577300238924434e-17,0
Nardus,Heteropterus_morpheus,0,0.02442297371685631,0
Nardus,Carterocephalus_palaemon,0,-0.17112059548706293,0
Nardus,Thymelicus_acteon,0,-0.20759945179242406,0
Nardus,Thymelicus_sylvestris,0,-0.1635830150074923,0
Nardus,Thymelicus_lineola,0,0.2078515676770672,1
Nardus,Ochlodes_sylvanus,0,0.018084905808696435,0
Nardus,Hesperia_comma,1,0.6055422635282495,1
Nardus,Gonepteryx_rhamni,0,-1.162557118147754e-16,0
Nardus,Colias_alfacariensis,0,1.7705720297017192e-16,0
Nardus,Colias_phicomone,0,-1.341311581361848e-16,0
Nardus,Colias_palaeno,0,6.091761114100486e-17,0
Nardus,Anthocharis_cardamines,0,-4.258320120571152e-16,0
Nardus,Aporia_crataegi,0,-1.012681248540157e-16,0
Nardus,Pontia_callidice,0,-4.029829728344342e-16,0
Nardus,Pieris_brassicae,0,-1.515453247951121e-16,0
Nardus,Pieris_mannii,0,-2.316739302800157e-16,0
Nardus,Pieris_bryoniae,0,-4.825958569827907e-16,0
Nardus,Hamearis_lucina,0,-3.1661807384535696e-18,0
Nardus,Lycaena_phlaeas,0,-3.327559340681381e-17,0
Nardus,Lycaena_virgaureae,0,1.3780539401435435e-16,0
Nardus,Lycaena_helle,0,1.4105250474394674e-17,0
Nardus,Lycaena_alciphron,0,8.70713654298079e-17,0
Nardus,Lycaena_dispar,0,-6.332883415530831e-17,0
Nardus,Lycaena_hippothoe,0,8.13994981542653e-18,0
Nardus,Thecla_betulae,0,-2.7229531352448726e-16,0
Nardus,Favonius_quercus,0,3.132981622677836e-19,0
Nardus,Satyrium_acaciae,0,-2.8728108652018605e-16,0
Nardus,Satyrium_spini,0,-1.4176481247818626e-17,0
Nardus,Satyrium_ilicis,0,3.419266671257664e-20,0
Nardus,Lampides_boeticus,0,2.948016735286017e-17,0
Nardus,Celastrina_argiolus,0,-2.273209425221712e-17,0
Nardus,Phengaris_arion,0,2.3770148163711845e-22,0
Nardus,Phengaris_teleius,0,5.015579337736593e-17,0
Nardus,Phengaris_nausithous,0,5.0155793377365895e-17,0
Nardus,Scolitantides_orion,0,1.4169608716032742e-24,0
Nardus,Iolana_iolas,0,2.46027039605167e-17,0
Nardus,Glaucopsyche_alexis,0,1.9722093221957181e-16,0
Nardus,Pseudophilotes_baton,0,-1.3203662347656214e-23,0
Nardus,Leptotes_pirithous,0,-5.645171278261792e-17,0
Nardus,Cupido_argiades,0,3.746351929470262e-17,0
Nardus,Cupido_alcetas,0,1.4354001166657687e-16,0
Nardus,Cupido_osiris,0,-1.201435951017262e-16,0
Nardus,Cupido_minimus,0,2.960035135093923e-16,0
Nardus,Plebejus_argus,0,8.135011923707668e-17,0
Nardus,Plebejus_idas,0,-1.3027783617589427e-16,0
Nardus,Plebejus_argyrognomon,0,-1.4314208595525806e-16,0
Nardus,Cyaniris_semiargus,0,6.541545493337947e-17,0
Nardus,Aricia_nicias,0,-6.100637636503968e-17,0
Nardus,Aricia_artaxerxes,0,1.0429675071040145e-16,0
Nardus,Aricia_agestis,0,6.8891570295117245e-18,0
Nardus,Polyommatus_escheri,0,1.1759185184151034e-17,0
Nardus,Polyommatus_thersites,0,5.614569918148205e-17,0
Nardus,Polyommatus_amandus,0,-6.157446139525097e-17,0
Nardus,Polyommatus_icarus,0,2.4243553435713375e-16,0
Nardus,Polyommatus_eros,0,2.5197630001999433e-17,0
Nardus,Polyommatus_dorylas,0,3.5962803897506394e-16,0
Nardus,Polyommatus_damon,0,5.614569918148205e-17,0
Nardus,Neptis_rivularis,0,1.1407071902184258e-17,0
Nardus,Limenitis_populi,0,3.727003248558494e-40,0
Nardus,Limenitis_reducta,0,2.7256089304370708e-40,0
Nardus,Limenitis_camilla,0,-2.346049825824941e-40,0
Nardus,Issoria_lathonia,0,-2.1357632629166397e-16,0
Nardus,Brenthis_ino,0,-8.813868725736373e-18,0
Nardus,Argynnis_paphia,0,-2.1357632629166397e-16,0
Nardus,Fabriciana_adippe,0,-2.1357632629166397e-16,0
Nardus,Boloria_pales,0,-2.87964149834811e-16,0
Nardus,Boloria_napaea,0,-2.1357632629166397e-16,0
Nardus,Boloria_aquilonaris,0,2.3040590826635136e-17,0
Nardus,Boloria_selene,0,-2.1357632629166397e-16,0
Nardus,Boloria_dia,0,-2.1357632629166397e-16,0
Nardus,Boloria_euphrosyne,0,-2.1357632629166397e-16,0
Nardus,Boloria_titania,0,-2.1357632629166397e-16,0
Nardus,Apatura_iris,0,-6.845963155896111e-41,0
Nardus,Apatura_ilia,0,-1.291539926542103e-40,0
Nardus,Araschnia_levana,0,2.5741416606644244e-16,0
Nardus,Vanessa_cardui,0,5.392459555603172e-16,0
Nardus,Vanessa_atalanta,0,2.5741416606644244e-16,0
Nardus,Aglais_io,0,3.059722153129824e-16,0
Nardus,Aglais_urticae,0,2.5741416606644244e-16,0
Nardus,Nymphalis_polychloros,0,1.1524276058369084e-40,0
Nardus,Nymphalis_antiopa,0,-6.845963155896111e-41,0
Nardus,Euphydryas_cynthia,0,-2.87964149834811e-16,0
Nardus,Euphydryas_intermedia,0,-6.1190284482635e-41,0
Nardus,Melitaea_didyma,0,4.694076420544236e-16,0
Nardus,Melitaea_phoebe,0,1.7856294849960914e-16,0
Nardus,Melitaea_cinxia,0,1.5527252225145564e-16,0
Nardus,Melitaea_diamina,0,0,0
Nardus,Melitaea_aurelia,0,3.3472345903840385e-17,0
Nardus,Melitaea_varia,0,3.3472345903840385e-17,0
Nardus,Melitaea_parthenoides,0,8.698684216615129e-17,0
Nardus,Melitaea_deione,0,1.004477221784168e-16,0
Nardus,Melitaea_athalia,0,4.1551279412904477e-16,0
Nardus,Melitaea_britomartis,0,1.5527252225145564e-16,0
Nardus,Libythea_celtis,0,8.691326382230341e-41,0
Nardus,Lasiommata_maera,0,0.06700775729201831,1
Nardus,Lasiommata_petropolitana,0,0.12723376147905338,1
Nardus,Lasiommata_megera,0,0.02746033729902058,0
Nardus,Lopinga_achine,0,-0.11045702023097198,0
Nardus,Coenonympha_glycerion,0,-0.2139244643550218,0
Nardus,Coenonympha_pamphilus,1,0.6763709254535538,1
Nardus,Coenonympha_tullia,0,-0.002110942063039237,0
Nardus,Melanargia_galathea,0,-0.09124114175452885,0
Nardus,Hipparchia_statilinus,0,-0.015820413687705797,0
Nardus,Hipparchia_fagi,0,0.02746033729902058,0
Nardus,Hipparchia_semele,0,0.12723376147905338,1
Nardus,Oeneis_glacialis,0,0.12723376147905338,1
Nardus,Brintesia_circe,0,0.02746033729902058,0
Nardus,Satyrus_ferula,0,0.12723376147905338,1
Nardus,Hyponephele_lycaon,0,0.08395301049232677,1
Nardus,Aphantopus_hyperantus,0,0.02746033729902058,0
Nardus,Maniola_jurtina,0,0.02746033729902058,0
Nardus,Erebia_nivalis,0,0.12723376147905338,1
Nardus,Erebia_tyndarus,1,0.38908575629390263,1
Nardus,Erebia_christi,0,0.12723376147905338,1
Nardus,Erebia_pharte,1,0.29295656941289455,1
Nardus,Erebia_epiphron,0,0.12723376147905338,1
Nardus,Erebia_meolans,0,0.12723376147905338,1
Nardus,Erebia_triarius,0,0.08395301049232677,1
Nardus,Erebia_medusa,0,0.15469409877807405,1
Nardus,Erebia_aethiops,0,0.37205676471451254,1
Nardus,Erebia_pandrose,1,0.3578038758117885,1
Nardus,Erebia_flavofasciata,0,0.12723376147905338,1
Nardus,Erebia_gorge,0,0.4103588251427671,1
Nardus,Erebia_pluto,0,0.4103588251427671,1
Nardus,Erebia_sudetica,0,0.22959068187254336,1
Nardus,Erebia_melampus,0,0.44164070562488084,1
Nardus,Erebia_manto,0,0.32063467765831,1
Nardus,Erebia_eriphyle,0,0.11682911272855011,1
Nardus,Erebia_euryale,1,0.7021124796243543,1
Nardus,Erebia_ligea,0,-0.0044463412179774515,0
Nardus,Erebia_oeme,0,0.23642610116435173,1
Nardus,Erebia_mnestra,0,0.19830880139042945,1
Nardus,Erebia_styx,0,0.07107503991137612,1
Frangula,Parnassius_mnemosyne,0,0,0
Frangula,Parnassius_apollo,0,0,0
Frangula,Parnassius_phoebus,0,0,0
Frangula,Iphiclides_podalirius,0,4.176871184018406e-42,0
Frangula,Papilio_machaon,0,1.366795085537691e-32,0
Frangula,Carcharodus_alceae,0,-2.3484323508713873e-33,0
Frangula,Spialia_sertorius,0,-3.898026280725866e-33,0
Frangula,Erynnis_tages,0,2.1238789827776252e-23,0
Frangula,Pyrgus_carthami,0,-3.1395074076074397e-24,0
Frangula,Pyrgus_malvae,0,-3.1395073952712833e-24,0
Frangula,Pyrgus_andromedae,0,-3.1395074016875756e-24,0
Frangula,Pyrgus_cacaliae,0,-3.1395073746700866e-24,0
Frangula,Pyrgus_serratulae,0,-3.716133044062944e-24,0
Frangula,Pyrgus_armoricanus,0,-3.059620376607246e-25,0
Frangula,Pyrgus_cirsii,0,-3.1395073493883424e-24,0
Frangula,Pyrgus_carlinae,0,-2.5869451199980198e-25,0
Frangula,Pyrgus_alveus,0,-2.5869450459477536e-25,0
Frangula,Heteropterus_morpheus,0,-4.272462630311382e-17,0
Frangula,Carterocephalus_palaemon,0,4.0603399060363014e-17,0
Frangula,Thymelicus_acteon,0,6.701137627324713e-17,0
Frangula,Thymelicus_sylvestris,0,1.0934172792352758e-16,0
Frangula,Thymelicus_lineola,0,-1.3582267554414068e-17,0
Frangula,Ochlodes_sylvanus,0,-2.1371251859792154e-16,0
Frangula,Hesperia_comma,0,-1.1480575976035077e-16,0
Frangula,Gonepteryx_rhamni,1,7.37103797180391e-32,0
Frangula,Colias_alfacariensis,0,1.7915364167312146e-23,0
Frangula,Colias_phicomone,0,8.800287024467641e-24,0
Frangula,Colias_palaeno,0,-1.5650278883835958e-32,0
Frangula,Anthocharis_cardamines,0,6.851830026770318e-17,0
Frangula,Aporia_crataegi,0,-4.120049223000044e-33,0
Frangula,Pontia_callidice,0,1.2490034151644818e-16,0
Frangula,Pieris_brassicae,0,2.4256239512338396e-32,0
Frangula,Pieris_mannii,0,3.911400839664448e-24,0
Frangula,Pieris_bryoniae,0,1.934186417841515e-16,0
Frangula,Hamearis_lucina,0,-6.39383972282058e-32,0
Frangula,Lycaena_phlaeas,0,1.3208539704579222e-31,0
Frangula,Lycaena_virgaureae,0,1.412117908615638e-31,0
Frangula,Lycaena_helle,0,-2.9869738041500898e-33,0
Frangula,Lycaena_alciphron,0,1.3110021866672103e-31,0
Frangula,Lycaena_dispar,0,3.247429833147951e-31,0
Frangula,Lycaena_hippothoe,0,1.4047776015841264e-31,0
Frangula,Thecla_betulae,0,-5.060399915296649e-32,0
Frangula,Favonius_quercus,0,2.881335578464147e-32,0
Frangula,Satyrium_acaciae,0,3.380649466752816e-33,0
Frangula,Satyrium_spini,0,-2.1381937451220808e-32,0
Frangula,Satyrium_ilicis,0,-5.988499526553332e-32,0
Frangula,Lampides_boeticus,0,3.0079532363919986e-26,0
Frangula,Celastrina_argiolus,1,-1.449520236445902e-32,0
Frangula,Phengaris_arion,0,3.8926570477805436e-32,0
Frangula,Phengaris_teleius,0,9.85122960188586e-34,0
Frangula,Phengaris_nausithous,0,1.0964620707781666e-32,0
Frangula,Scolitantides_orion,0,2.587212272049545e-32,0
Frangula,Iolana_iolas,0,3.007953324637996e-26,0
Frangula,Glaucopsyche_alexis,0,-6.255473262519172e-24,0
Frangula,Pseudophilotes_baton,0,3.000313621722168e-32,0
Frangula,Leptotes_pirithous,0,-3.58283311185559e-24,0
Frangula,Cupido_argiades,0,-1.441945291326554e-23,0
Frangula,Cupido_alcetas,0,7.156284045782137e-24,0
Frangula,Cupido_osiris,0,8.530784870944895e-27,0
Frangula,Cupido_minimus,0,7.527388832307211e-24,0
Frangula,Plebejus_argus,0,1.2269075078736311e-23,0
Frangula,Plebejus_idas,0,1.7356161669249323e-25,0
Frangula,Plebejus_argyrognomon,0,8.527102053636262e-24,0
Frangula,Cyaniris_semiargus,0,-6.2267355024513885e-24,0
Frangula,Aricia_nicias,0,6.4853218458738925e-25,0
Frangula,Aricia_artaxerxes,0,3.529344997539466e-24,0
Frangula,Aricia_agestis,0,3.410171094492012e-24,0
Frangula,Polyommatus_escheri,0,6.122986252116522e-24,0
Frangula,Polyommatus_thersites,0,-2.154890012361121e-26,0
Frangula,Polyommatus_amandus,0,-1.6213209165044337e-24,0
Frangula,Polyommatus_icarus,0,-1.9682954606942015e-23,0
Frangula,Polyommatus_eros,0,6.101437403687221e-24,0
Frangula,Polyommatus_dorylas,0,1.4044024993915626e-24,0
Frangula,Polyommatus_damon,0,-2.154890012361121e-26,0
Frangula,Neptis_rivularis,0,4.276667057532387e-34,0
Frangula,Limenitis_populi,0,3.878267975548293e-45,0
Frangula,Limenitis_reducta,0,3.27424905328425e-45,0
Frangula,Limenitis_camilla,0,-2.594938142515343e-45,0
Frangula,Issoria_lathonia,0,1.6227402462432952e-17,0
Frangula,Brenthis_ino,0,-2.0479109814211643e-33,0
Frangula,Argynnis_paphia,0,1.6227402462432952e-17,0
Frangula,Fabriciana_adippe,0,1.6227402462432952e-17,0
Frangula,Boloria_pales,0,2.0506683959647248e-17,0
Frangula,Boloria_napaea,0,1.6227402462432952e-17,0
Frangula,Boloria_aquilonaris,0,2.153948123352985e-32,0
Frangula,Boloria_selene,0,1.6227402462432952e-17,0
Frangula,Boloria_dia,0,1.6227402462432952e-17,0
Frangula,Boloria_euphrosyne,0,1.6227402462432952e-17,0
Frangula,Boloria_titania,0,1.6227402462432952e-17,0
Frangula,Apatura_iris,0,-4.850017534016214e-46,0
Frangula,Apatura_ilia,0,-1.7330362752534605e-45,0
Frangula,Araschnia_levana,0,1.5863842003171463e-17,0
Frangula,Vanessa_cardui,0,3.279317587365443e-17,0
Frangula,Vanessa_atalanta,0,1.5863842003171463e-17,0
Frangula,Aglais_io,0,1.888064453525816e-17,0
Frangula,Aglais_urticae,0,1.5863842003171463e-17,0
Frangula,Nymphalis_polychloros,0,1.2916993986456527e-45,0
Frangula,Nymphalis_antiopa,0,-4.850017534016214e-46,0
Frangula,Euphydryas_cynthia,0,2.0506683959647248e-17,0
Frangula,Euphydryas_intermedia,0,-6.768115833264011e-46,0
Frangula,Melitaea_didyma,0,5.4175253580600144e-18,0
Frangula,Melitaea_phoebe,0,7.689536353189606e-18,0
Frangula,Melitaea_cinxia,0,4.321102236601115e-18,0
Frangula,Melitaea_diamina,0,0,0
Frangula,Melitaea_aurelia,0,4.279281497214296e-18,0
Frangula,Melitaea_varia,0,4.279281497214296e-18,0
Frangula,Melitaea_parthenoides,0,4.5208684793598915e-18,0
Frangula,Melitaea_deione,0,-2.670848426434758e-19,0
Frangula,Melitaea_athalia,0,3.469359011170087e-18,0
Frangula,Melitaea_britomartis,0,4.321102236601115e-18,0
Frangula,Libythea_celtis,0,7.06124091935802e-46,0
Frangula,Lasiommata_maera,0,-1.0252187924842204e-18,0
Frangula,Lasiommata_petropolitana,0,-1.620014010198783e-17,0
Frangula,Lasiommata_megera,0,1.4278692468379502e-17,0
Frangula,Lopinga_achine,0,1.312988151077776e-17,0
Frangula,Coenonympha_glycerion,0,3.921360817536645e-17,0
Frangula,Coenonympha_pamphilus,0,2.0773980151421057e-17,0
Frangula,Coenonympha_tullia,0,5.5363673596021524e-17,0
Frangula,Melanargia_galathea,0,1.2297985634897123e-17,0
Frangula,Hipparchia_statilinus,0,2.986265468254195e-17,0
Frangula,Hipparchia_fagi,0,1.4278692468379502e-17,0
Frangula,Hipparchia_semele,0,-1.620014010198783e-17,0
Frangula,Oeneis_glacialis,0,-1.620014010198783e-17,0
Frangula,Brintesia_circe,0,1.4278692468379502e-17,0
Frangula,Satyrus_ferula,0,-1.620014010198783e-17,0
Frangula,Hyponephele_lycaon,0,-6.161778878253661e-19,0
Frangula,Aphantopus_hyperantus,0,1.4278692468379502e-17,0
Frangula,Maniola_jurtina,0,1.4278692468379502e-17,0
Frangula,Erebia_nivalis,0,-1.620014010198783e-17,0
Frangula,Erebia_tyndarus,0,1.5453756005044923e-17,0
Frangula,Erebia_christi,0,-1.620014010198783e-17,0
Frangula,Erebia_pharte,0,1.6265026423829006e-17,0
Frangula,Erebia_epiphron,0,-1.620014010198783e-17,0
Frangula,Erebia_meolans,0,-1.620014010198783e-17,0
Frangula,Erebia_triarius,0,-6.161778878253661e-19,0
Frangula,Erebia_medusa,0,-1.9214476336083727e-18,0
Frangula,Erebia_aethiops,0,4.9032489511528385e-17,0
Frangula,Erebia_pandrose,0,-3.998422936692107e-17,0
Frangula,Erebia_flavofasciata,0,-1.620014010198783e-17,0
Frangula,Erebia_gorge,0,-3.5279050610163106e-17,0
Frangula,Erebia_pluto,0,-3.5279050610163106e-17,0
Frangula,Erebia_sudetica,0,3.1332209973454046e-17,0
Frangula,Erebia_melampus,0,2.015893476180297e-17,0
Frangula,Erebia_manto,0,8.470269535801677e-17,0
Frangula,Erebia_eriphyle,0,1.1098655891392795e-16,0
Frangula,Erebia_euryale,0,2.8061002955958046e-17,0
Frangula,Erebia_ligea,0,4.284173360491632e-17,0
Frangula,Erebia_oeme,0,7.1682136494094135e-19,0
Frangula,Erebia_mnestra,0,-2.4105775398511983e-17,0
Frangula,Erebia_styx,0,-7.905635296524165e-18,0
Rhamnus,Parnassius_mnemosyne,0,0,0
Rhamnus,Parnassius_apollo,0,0,0
Rhamnus,Parnassius_phoebus,0,0,0
Rhamnus,Iphiclides_podalirius,0,4.083372775091428e-42,0
Rhamnus,Papilio_machaon,0,5.4629661529405e-33,0
Rhamnus,Carcharodus_alceae,0,-3.603531029565366e-33,0
Rhamnus,Spialia_sertorius,0,-2.8123519664031663e-33,0
Rhamnus,Erynnis_tages,0,1.6092300813143383e-23,0
Rhamnus,Pyrgus_carthami,0,-2.386560819879864e-24,0
Rhamnus,Pyrgus_malvae,0,-2.3865608499125586e-24,0
Rhamnus,Pyrgus_andromedae,0,-2.3865608331506406e-24,0
Rhamnus,Pyrgus_cacaliae,0,-2.38656079839663e-24,0
Rhamnus,Pyrgus_serratulae,0,-2.824814913150537e-24,0
Rhamnus,Pyrgus_armoricanus,0,-2.337809178075977e-25,0
Rhamnus,Pyrgus_cirsii,0,-2.3865609198033145e-24,0
Rhamnus,Pyrgus_carlinae,0,-1.9771368236479606e-25,0
Rhamnus,Pyrgus_alveus,0,-1.9771370016517799e-25,0
Rhamnus,Heteropterus_morpheus,0,-3.603842632558952e-17,0
Rhamnus,Carterocephalus_palaemon,0,3.155343975858864e-17,0
Rhamnus,Thymelicus_acteon,0,4.542914782154484e-17,0
Rhamnus,Thymelicus_sylvestris,0,1.0292880327431733e-16,0
Rhamnus,Thymelicus_lineola,0,-1.1391264702019235e-17,0
Rhamnus,Ochlodes_sylvanus,0,-1.6584930870977468e-16,0
Rhamnus,Hesperia_comma,0,-1.0570533263401732e-16,0
Rhamnus,Gonepteryx_rhamni,1,1.3551731350520807e-31,0
Rhamnus,Colias_alfacariensis,0,1.35872940844139e-23,0
Rhamnus,Colias_phicomone,0,6.66125173747779e-24,0
Rhamnus,Colias_palaeno,0,-5.567640625529931e-32,0
Rhamnus,Anthocharis_cardamines,0,-7.752360851406793e-17,0
Rhamnus,Aporia_crataegi,0,-1.1565193792877699e-32,0
Rhamnus,Pontia_callidice,0,-1.413158986893109e-16,0
Rhamnus,Pieris_brassicae,0,1.9160641530561485e-32,0
Rhamnus,Pieris_mannii,0,2.9653217482763977e-24,0
Rhamnus,Pieris_bryoniae,0,-2.1883950720337897e-16,0
Rhamnus,Hamearis_lucina,0,1.0178582737909284e-31,0
Rhamnus,Lycaena_phlaeas,0,6.815131743512203e-32,0
Rhamnus,Lycaena_virgaureae,0,8.252129226992658e-33,0
Rhamnus,Lycaena_helle,0,-5.061678077862791e-32,0
Rhamnus,Lycaena_alciphron,0,-9.410172133730397e-32,0
Rhamnus,Lycaena_dispar,0,-8.768229116058489e-32,0
Rhamnus,Lycaena_hippothoe,0,1.6761654889851482e-32,0
Rhamnus,Thecla_betulae,0,3.732531575433688e-32,0
Rhamnus,Favonius_quercus,0,-2.8237452400460456e-32,0
Rhamnus,Satyrium_acaciae,0,-6.605447249674488e-32,0
Rhamnus,Satyrium_spini,1,3.1020404060285736e-32,0
Rhamnus,Satyrium_ilicis,0,8.473244855383344e-32,0
Rhamnus,Lampides_boeticus,0,2.9290977997444455e-26,0
Rhamnus,Celastrina_argiolus,0,6.551946142872014e-32,0
Rhamnus,Phengaris_arion,0,-4.403288388260524e-32,0
Rhamnus,Phengaris_teleius,0,1.0901401670333535e-32,0
Rhamnus,Phengaris_nausithous,0,-5.967455045428799e-34,0
Rhamnus,Scolitantides_orion,0,-2.9272623991767445e-32,0
Rhamnus,Iolana_iolas,0,2.929097264186668e-26,0
Rhamnus,Glaucopsyche_alexis,0,-4.739405681543135e-24,0
Rhamnus,Pseudophilotes_baton,0,-3.3947731028493744e-32,0
Rhamnus,Leptotes_pirithous,0,-2.7235337460730863e-24,0
Rhamnus,Cupido_argiades,0,-1.098475009057935e-23,0
Rhamnus,Cupido_alcetas,0,5.417125661885398e-24,0
Rhamnus,Cupido_osiris,0,2.9364692284573727e-26,0
Rhamnus,Cupido_minimus,0,5.757437716518932e-24,0
Rhamnus,Plebejus_argus,0,9.310413808176245e-24,0
Rhamnus,Plebejus_idas,0,1.4788481950364138e-25,0
Rhamnus,Plebejus_argyrognomon,0,6.465727373837944e-24,0
Rhamnus,Cyaniris_semiargus,0,-4.7363536646845395e-24,0
Rhamnus,Aricia_nicias,0,4.92726033024841e-25,0
Rhamnus,Aricia_artaxerxes,0,2.6815731057570147e-24,0
Rhamnus,Aricia_agestis,0,2.5910338477415037e-24,0
Rhamnus,Polyommatus_escheri,0,4.6827462885722745e-24,0
Rhamnus,Polyommatus_thersites,0,7.378159717158413e-29,0
Rhamnus,Polyommatus_amandus,0,-1.239925173625382e-24,0
Rhamnus,Polyommatus_icarus,0,-1.498134845785251e-23,0
Rhamnus,Polyommatus_eros,0,4.682820132625098e-24,0
Rhamnus,Polyommatus_dorylas,0,1.0746913374141665e-24,0
Rhamnus,Polyommatus_damon,0,7.378159717158413e-29,0
Rhamnus,Neptis_rivularis,0,-8.898219331422923e-33,0
Rhamnus,Limenitis_populi,0,-4.387985784494615e-45,0
Rhamnus,Limenitis_reducta,0,-3.704581118461608e-45,0
Rhamnus,Limenitis_camilla,0,2.935988890656347e-45,0
Rhamnus,Issoria_lathonia,0,1.4381234479582984e-17,0
Rhamnus,Brenthis_ino,0,-6.913745920731815e-33,0
Rhamnus,Argynnis_paphia,0,1.4381234479582984e-17,0
Rhamnus,Fabriciana_adippe,0,1.4381234479582984e-17,0
Rhamnus,Boloria_pales,0,1.9481882859596677e-17,0
Rhamnus,Boloria_napaea,0,1.4381234479582984e-17,0
Rhamnus,Boloria_aquilonaris,0,-4.469127417632675e-32,0
Rhamnus,Boloria_selene,0,1.4381234479582984e-17,0
Rhamnus,Boloria_dia,0,1.4381234479582984e-17,0
Rhamnus,Boloria_euphrosyne,0,1.4381234479582984e-17,0
Rhamnus,Boloria_titania,0,1.4381234479582984e-17,0
Rhamnus,Apatura_iris,0,5.487451609670122e-46,0
Rhamnus,Apatura_ilia,0,1.9608079207883813e-45,0
Rhamnus,Araschnia_levana,0,4.898517446992307e-17,0
Rhamnus,Vanessa_cardui,0,1.0153543431539313e-16,0
Rhamnus,Vanessa_atalanta,0,4.898517446992307e-17,0
Rhamnus,Aglais_io,0,5.829363392928551e-17,0
Rhamnus,Aglais_urticae,0,4.898517446992307e-17,0
Rhamnus,Nymphalis_polychloros,0,-1.4614664692993848e-45,0
Rhamnus,Nymphalis_antiopa,0,5.487451609670122e-46,0
Rhamnus,Euphydryas_cynthia,0,1.9481882859596677e-17,0
Rhamnus,Euphydryas_intermedia,0,7.657644154042915e-46,0
Rhamnus,Melitaea_didyma,0,1.5775892668195043e-17,0
Rhamnus,Melitaea_phoebe,0,2.5077328219723856e-17,0
Rhamnus,Melitaea_cinxia,0,6.408822600754982e-18,0
Rhamnus,Melitaea_diamina,0,0,0
Rhamnus,Melitaea_aurelia,0,5.100648380013686e-18,0
Rhamnus,Melitaea_varia,0,5.100648380013686e-18,0
Rhamnus,Melitaea_parthenoides,0,6.391398911506763e-18,0
Rhamnus,Melitaea_deione,0,1.0545421678094885e-18,0
Rhamnus,Melitaea_athalia,0,8.539290095958702e-18,0
Rhamnus,Melitaea_britomartis,0,6.408822600754982e-18,0
Rhamnus,Libythea_celtis,0,-7.989294406908936e-46,0
Rhamnus,Lasiommata_maera,0,-1.365725233087046e-17,0
Rhamnus,Lasiommata_petropolitana,0,-2.2294558715965363e-17,0
Rhamnus,Lasiommata_megera,0,1.6351397050484948e-17,0
Rhamnus,Lopinga_achine,0,1.2652976363420574e-17,0
Rhamnus,Coenonympha_glycerion,0,2.9993197282839306e-17,0
Rhamnus,Coenonympha_pamphilus,0,1.4375928166590712e-17,0
Rhamnus,Coenonympha_tullia,0,3.98380784567723e-17,0
Rhamnus,Melanargia_galathea,0,1.6366529746405813e-17,0
Rhamnus,Hipparchia_statilinus,0,2.352825641815148e-17,0
Rhamnus,Hipparchia_fagi,0,1.6351397050484948e-17,0
Rhamnus,Hipparchia_semele,0,-2.2294558715965363e-17,0
Rhamnus,Oeneis_glacialis,0,-2.2294558715965363e-17,0
Rhamnus,Brintesia_circe,0,1.6351397050484948e-17,0
Rhamnus,Satyrus_ferula,0,-2.2294558715965363e-17,0
Rhamnus,Hyponephele_lycaon,0,-1.5117699348298816e-17,0
Rhamnus,Aphantopus_hyperantus,0,1.6351397050484948e-17,0
Rhamnus,Maniola_jurtina,0,1.6351397050484948e-17,0
Rhamnus,Erebia_nivalis,0,-2.2294558715965363e-17,0
Rhamnus,Erebia_tyndarus,0,5.0163449374318035e-18,0
Rhamnus,Erebia_christi,0,-2.2294558715965363e-17,0
Rhamnus,Erebia_pharte,0,-1.4839734506227304e-18,0
Rhamnus,Erebia_epiphron,0,-2.2294558715965363e-17,0
Rhamnus,Erebia_meolans,0,-2.2294558715965363e-17,0
Rhamnus,Erebia_triarius,0,-1.5117699348298816e-17,0
Rhamnus,Erebia_medusa,0,-5.9431616654804364e-18,0
Rhamnus,Erebia_aethiops,0,4.071281962583987e-17,0
Rhamnus,Erebia_pandrose,0,-3.965804979671131e-17,0
Rhamnus,Erebia_flavofasciata,0,-2.2294558715965363e-17,0
Rhamnus,Erebia_gorge,0,-3.4786610893939816e-17,0
Rhamnus,Erebia_pluto,0,-3.4786610893939816e-17,0
Rhamnus,Erebia_sudetica,0,1.926546908301612e-17,0
Rhamnus,Erebia_melampus,0,9.887783840203395e-18,0
Rhamnus,Erebia_manto,0,6.724205196709567e-17,0
Rhamnus,Erebia_eriphyle,0,8.925758087740809e-17,0
Rhamnus,Erebia_euryale,0,1.962064246618776e-17,0
Rhamnus,Erebia_ligea,0,3.921827973358856e-17,0
Rhamnus,Erebia_oeme,0,-5.316473989865764e-18,0
Rhamnus,Erebia_mnestra,0,-2.5408925651127007e-17,0
Rhamnus,Erebia_styx,0,-3.114366935161669e-18,0
Colutea,Parnassius_mnemosyne,0,0,0
Colutea,Parnassius_apollo,0,0,0
Colutea,Parnassius_phoebus,0,0,0
Colutea,Iphiclides_podalirius,0,2.1111638008950396e-16,0
Colutea,Papilio_machaon,0,-4.261102379068103e-17,0
Colutea,Carcharodus_alceae,0,-7.638199265686982e-17,0
Colutea,Spialia_sertorius,0,-2.013930882836654e-16,0
Colutea,Erynnis_tages,0,0.01826457494711191,0
Colutea,Pyrgus_carthami,0,-0.01677852009191742,0
Colutea,Pyrgus_malvae,0,-0.016778520091917454,0
Colutea,Pyrgus_andromedae,0,-0.016778520091917624,0
Colutea,Pyrgus_cacaliae,0,-0.016778520091917378,0
Colutea,Pyrgus_serratulae,0,-0.0197261332373779,0
Colutea,Pyrgus_armoricanus,0,0.037540397309538474,0
Colutea,Pyrgus_cirsii,0,-0.016778520091917205,0
Colutea,Pyrgus_carlinae,0,0.037990554159319026,0
Colutea,Pyrgus_alveus,0,0.03799055415931909,0
Colutea,Heteropterus_morpheus,0,-5.754984747909078e-17,0
Colutea,Carterocephalus_palaemon,0,1.879674898184682e-17,0
Colutea,Thymelicus_acteon,0,4.9600494074192224e-17,0
Colutea,Thymelicus_sylvestris,0,1.8967052687604756e-17,0
Colutea,Thymelicus_lineola,0,-1.5458144284363575e-16,0
Colutea,Ochlodes_sylvanus,0,-1.8652917833912988e-16,0
Colutea,Hesperia_comma,0,-1.5817847032224035e-16,0
Colutea,Gonepteryx_rhamni,0,6.193959109877678e-24,0
Colutea,Colias_alfacariensis,0,-0.0027086010525664093,0
Colutea,Colias_phicomone,0,0.06367974027983583,0
Colutea,Colias_palaeno,0,4.731527370155352e-27,0
Colutea,Anthocharis_cardamines,0,-4.411016329251409e-18,0
Colutea,Aporia_crataegi,0,5.1378066527525635e-17,0
Colutea,Pontia_callidice,0,-8.040734282805582e-18,0
Colutea,Pieris_brassicae,0,-6.723072165297687e-30,0
Colutea,Pieris_mannii,0,-0.013949886669107861,0
Colutea,Pieris_bryoniae,0,-1.2451750612018534e-17,0
Colutea,Hamearis_lucina,0,-8.358660710332379e-31,0
Colutea,Lycaena_phlaeas,0,3.255838363473844e-31,0
Colutea,Lycaena_virgaureae,0,2.98652632460186e-31,0
Colutea,Lycaena_helle,0,-7.355798580051544e-32,0
Colutea,Lycaena_alciphron,0,2.6160470677867792e-31,0
Colutea,Lycaena_dispar,0,5.298496655421025e-31,0
Colutea,Lycaena_hippothoe,0,3.6075936233067047e-31,0
Colutea,Thecla_betulae,0,-3.1912645052944283e-16,0
Colutea,Favonius_quercus,0,8.211448538922385e-33,0
Colutea,Satyrium_acaciae,0,-3.1912645052944283e-16,0
Colutea,Satyrium_spini,0,2.9290927901252594e-26,0
Colutea,Satyrium_ilicis,0,2.551451245429568e-32,0
Colutea,Lampides_boeticus,1,0.08186099990800594,1
Colutea,Celastrina_argiolus,0,4.143093825254243e-26,0
Colutea,Phengaris_arion,0,-2.489078637382652e-33,0
Colutea,Phengaris_teleius,0,-1.7476372891121215e-16,0
Colutea,Phengaris_nausithous,0,-1.7476372891121215e-16,0
Colutea,Scolitantides_orion,0,-1.6657367950815387e-33,0
Colutea,Iolana_iolas,1,0.08186099990800594,1
Colutea,Glaucopsyche_alexis,0,0.21012754890224536,1
Colutea,Pseudophilotes_baton,0,-1.9333921456730338e-33,0
Colutea,Leptotes_pirithous,0,0.05441088021621677,0
Colutea,Cupido_argiades,0,0.13764970506482727,1
Colutea,Cupido_alcetas,0,-0.04499388363373137,0
Colutea,Cupido_osiris,1,0.22664387810310124,1
Colutea,Cupido_minimus,0,0.30529661399028063,1
Colutea,Plebejus_argus,0,0.08352575186228589,1
Colutea,Plebejus_idas,1,0.8354069083563024,1
Colutea,Plebejus_argyrognomon,0,-0.03146527866361597,0
Colutea,Cyaniris_semiargus,0,0.050910576659006404,0
Colutea,Aricia_nicias,0,0.002592735544433848,0
Colutea,Aricia_artaxerxes,0,0.05736180979567033,0
Colutea,Aricia_agestis,0,0.057266530546916286,0
Colutea,Polyommatus_escheri,0,0.21979748186905712,1
Colutea,Polyommatus_thersites,0,0.14478287819509525,1
Colutea,Polyommatus_amandus,0,-0.016957048714108004,0
Colutea,Polyommatus_icarus,0,0.2079334275862914,1
Colutea,Polyommatus_eros,0,0.3645803600641524,1
Colutea,Polyommatus_dorylas,0,0.08549913212122362,1
Colutea,Polyommatus_damon,0,0.14478287819509525,1
Colutea,Neptis_rivularis,0,-5.099796063084153e-17,0
Colutea,Limenitis_populi,0,-2.496720136919158e-46,0
Colutea,Limenitis_reducta,0,-2.1078697497288178e-46,0
Colutea,Limenitis_camilla,0,1.6705484231311346e-46,0
Colutea,Issoria_lathonia,0,-2.859626490182843e-17,0
Colutea,Brenthis_ino,0,-2.6755788236877244e-16,0
Colutea,Argynnis_paphia,0,-2.859626490182843e-17,0
Colutea,Fabriciana_adippe,0,-2.859626490182843e-17,0
Colutea,Boloria_pales,0,-2.915534351929698e-17,0
Colutea,Boloria_napaea,0,-2.859626490182843e-17,0
Colutea,Boloria_aquilonaris,0,6.080614112777208e-28,0
Colutea,Boloria_selene,0,-2.859626490182843e-17,0
Colutea,Boloria_dia,0,-2.859626490182843e-17,0
Colutea,Boloria_euphrosyne,0,-2.859626490182843e-17,0
Colutea,Boloria_titania,0,-2.859626490182843e-17,0
Colutea,Apatura_iris,0,3.122304731123122e-47,0
Colutea,Apatura_ilia,0,1.1156802305482225e-46,0
Colutea,Araschnia_levana,0,8.345008410482744e-17,0
Colutea,Vanessa_cardui,0,1.7344669790675534e-16,0
Colutea,Vanessa_atalanta,0,8.345008410482744e-17,0
Colutea,Aglais_io,0,9.929644411382861e-17,0
Colutea,Aglais_urticae,0,8.345008410482744e-17,0
Colutea,Nymphalis_polychloros,0,-8.315598617210983e-47,0
Colutea,Nymphalis_antiopa,0,3.122304731123122e-47,0
Colutea,Euphydryas_cynthia,0,-2.915534351929698e-17,0
Colutea,Euphydryas_intermedia,0,4.357123219064477e-47,0
Colutea,Melitaea_didyma,0,3.5030532704987055e-17,0
Colutea,Melitaea_phoebe,0,4.5478312579204646e-17,0
Colutea,Melitaea_cinxia,0,5.307915138977303e-18,0
Colutea,Melitaea_diamina,0,0,0
Colutea,Melitaea_aurelia,0,-5.590786174685754e-19,0
Colutea,Melitaea_varia,0,-5.590786174685754e-19,0
Colutea,Melitaea_parthenoides,0,3.3630669769853284e-18,0
Colutea,Melitaea_deione,0,5.932830320819144e-18,0
Colutea,Melitaea_athalia,0,1.9774433073627922e-17,0
Colutea,Melitaea_britomartis,0,5.307915138977303e-18,0
Colutea,Libythea_celtis,0,-4.545828387818337e-47,0
Colutea,Lasiommata_maera,0,-1.7688783189057808e-17,0
Colutea,Lasiommata_petropolitana,0,-2.333311282030557e-17,0
Colutea,Lasiommata_megera,0,6.796186116308323e-17,0
Colutea,Lopinga_achine,0,-4.084604864799535e-17,0
Colutea,Coenonympha_glycerion,0,-2.143077969241748e-18,0
Colutea,Coenonympha_pamphilus,0,-5.573813691977147e-17,0
Colutea,Coenonympha_tullia,0,1.862479580136682e-17,0
Colutea,Melanargia_galathea,0,3.120356069444061e-17,0
Colutea,Hipparchia_statilinus,0,8.735270017977556e-17,0
Colutea,Hipparchia_fagi,0,6.796186116308323e-17,0
Colutea,Hipparchia_semele,0,-2.333311282030557e-17,0
Colutea,Oeneis_glacialis,0,-2.333311282030557e-17,0
Colutea,Brintesia_circe,0,6.796186116308323e-17,0
Colutea,Satyrus_ferula,0,-2.333311282030557e-17,0
Colutea,Hyponephele_lycaon,0,-3.94227380361459e-18,0
Colutea,Aphantopus_hyperantus,0,6.796186116308323e-17,0
Colutea,Maniola_jurtina,0,6.796186116308323e-17,0
Colutea,Erebia_nivalis,0,-2.333311282030557e-17,0
Colutea,Erebia_tyndarus,0,-1.0343102038185626e-16,0
Colutea,Erebia_christi,0,-2.333311282030557e-17,0
Colutea,Erebia_pharte,0,-1.9909950880919545e-17,0
Colutea,Erebia_epiphron,0,-2.333311282030557e-17,0
Colutea,Erebia_meolans,0,-2.333311282030557e-17,0
Colutea,Erebia_triarius,0,-3.94227380361459e-18,0
Colutea,Erebia_medusa,0,4.4628748342775907e-17,0
Colutea,Erebia_aethiops,0,-7.225338069279209e-17,0
Colutea,Erebia_pandrose,0,1.3702426673792258e-16,0
Colutea,Erebia_flavofasciata,0,-2.333311282030557e-17,0
Colutea,Erebia_gorge,0,1.3261710984654368e-16,0
Colutea,Erebia_pluto,0,1.3261710984654368e-16,0
Colutea,Erebia_sudetica,0,-8.948368955918025e-17,0
Colutea,Erebia_melampus,0,-1.0783817727323258e-16,0
Colutea,Erebia_manto,0,-6.713457169085836e-17,0
Colutea,Erebia_eriphyle,0,-5.2867832156157e-17,0
Colutea,Erebia_euryale,0,5.281268999163724e-17,0
Colutea,Erebia_ligea,0,2.5958249467707956e-16,0
Colutea,Erebia_oeme,0,-6.638301477034295e-17,0
Colutea,Erebia_mnestra,0,1.5097159756059738e-16,0
Colutea,Erebia_styx,0,1.7430471038090788e-16,0
Vaccinium,Parnassius_mnemosyne,0,0,0
Vaccinium,Parnassius_apollo,0,0,0
Vaccinium,Parnassius_phoebus,0,0,0
Vaccinium,Iphiclides_podalirius,0,-6.504230528511743e-46,0
Vaccinium,Papilio_machaon,0,-1.2670305660198167e-32,0
Vaccinium,Carcharodus_alceae,0,4.278512554992554e-33,0
Vaccinium,Spialia_sertorius,0,-1.7886047702862898e-33,0
Vaccinium,Erynnis_tages,0,-3.874089985853976e-24,0
Vaccinium,Pyrgus_carthami,0,5.653609917678325e-25,0
Vaccinium,Pyrgus_malvae,0,5.653610383229444e-25,0
Vaccinium,Pyrgus_andromedae,0,5.6536099785034675e-25,0
Vaccinium,Pyrgus_cacaliae,0,5.653609733283203e-25,0
Vaccinium,Pyrgus_serratulae,0,6.692734247809351e-25,0
Vaccinium,Pyrgus_armoricanus,0,5.399856678399039e-26,0
Vaccinium,Pyrgus_cirsii,0,5.653611094213292e-25,0
Vaccinium,Pyrgus_carlinae,0,4.561194179220744e-26,0
Vaccinium,Pyrgus_alveus,0,4.5611967647120114e-26,0
Vaccinium,Heteropterus_morpheus,0,3.0121179474534765e-17,0
Vaccinium,Carterocephalus_palaemon,0,-4.2186722543828865e-17,0
Vaccinium,Thymelicus_acteon,0,-7.266456013741026e-17,0
Vaccinium,Thymelicus_sylvestris,0,-1.2249856608346866e-16,0
Vaccinium,Thymelicus_lineola,0,2.3009153057373005e-17,0
Vaccinium,Ochlodes_sylvanus,0,9.354576259336352e-17,0
Vaccinium,Hesperia_comma,0,1.1881896298220446e-16,0
Vaccinium,Gonepteryx_rhamni,0,-1.173454284249721e-31,0
Vaccinium,Colias_alfacariensis,0,-3.255588218580263e-24,0
Vaccinium,Colias_phicomone,0,-1.6114080861829287e-24,0
Vaccinium,Colias_palaeno,1,7.456095277454737e-32,0
Vaccinium,Anthocharis_cardamines,0,1.0154924507326062e-16,0
Vaccinium,Aporia_crataegi,0,1.414977394088535e-32,0
Vaccinium,Pontia_callidice,0,1.8511164668173e-16,0
Vaccinium,Pieris_brassicae,0,-1.8175359426157682e-32,0
Vaccinium,Pieris_mannii,0,-7.118566223094777e-25,0
Vaccinium,Pieris_bryoniae,0,2.866608917549908e-16,0
Vaccinium,Hamearis_lucina,0,-1.1677017248029488e-31,0
Vaccinium,Lycaena_phlaeas,0,-7.102213241247107e-32,0
Vaccinium,Lycaena_virgaureae,0,1.5418698046602155e-32,0
Vaccinium,Lycaena_helle,0,6.531580697522943e-32,0
Vaccinium,Lycaena_alciphron,0,1.1061698530444333e-31,0
Vaccinium,Lycaena_dispar,0,1.089491656294308e-31,0
Vaccinium,Lycaena_hippothoe,0,-1.4610497977896434e-32,0
Vaccinium,Thecla_betulae,0,-3.1475130164523755e-32,0
Vaccinium,Favonius_quercus,0,3.6618952310591265e-32,0
Vaccinium,Satyrium_acaciae,0,6.739340320824267e-32,0
Vaccinium,Satyrium_spini,0,-5.748141493764657e-32,0
Vaccinium,Satyrium_ilicis,0,-9.35095160106422e-32,0
Vaccinium,Lampides_boeticus,0,6.080267720187625e-28,0
Vaccinium,Celastrina_argiolus,0,-7.261236288800282e-32,0
Vaccinium,Phengaris_arion,0,5.768458439763862e-32,0
Vaccinium,Phengaris_teleius,0,-1.5899996023966723e-32,0
Vaccinium,Phengaris_nausithous,0,-1.1195778775877936e-33,0
Vaccinium,Scolitantides_orion,0,3.8344434129988234e-32,0
Vaccinium,Iolana_iolas,0,6.080353446763392e-28,0
Vaccinium,Glaucopsyche_alexis,0,1.1412854933705422e-24,0
Vaccinium,Pseudophilotes_baton,0,4.446747992751301e-32,0
Vaccinium,Leptotes_pirithous,0,6.452053790737708e-25,0
Vaccinium,Cupido_argiades,0,2.574530023771626e-24,0
Vaccinium,Cupido_alcetas,0,-1.3101151108506615e-24,0
Vaccinium,Cupido_osiris,0,1.9917320749437316e-26,0
Vaccinium,Cupido_minimus,0,-1.3223569798879202e-24,0
Vaccinium,Plebejus_argus,0,-2.224511960822828e-24,0
Vaccinium,Plebejus_idas,0,-1.6302834112012086e-26,0
Vaccinium,Plebejus_argyrognomon,0,-1.5508252572319531e-24,0
Vaccinium,Cyaniris_semiargus,0,1.1184884400300432e-24,0
Vaccinium,Aricia_nicias,0,-1.1703564531975746e-25,0
Vaccinium,Aricia_artaxerxes,0,-6.367846715810776e-25,0
Vaccinium,Aricia_agestis,0,-6.152746557764163e-25,0
Vaccinium,Polyommatus_escheri,0,-1.0761224874875998e-24,0
Vaccinium,Polyommatus_thersites,0,1.930917264762204e-26,0
Vaccinium,Polyommatus_amandus,0,2.8497677248014665e-25,0
Vaccinium,Polyommatus_icarus,0,3.526629691522608e-24,0
Vaccinium,Polyommatus_eros,0,-1.0568133698625377e-24,0
Vaccinium,Polyommatus_dorylas,0,-2.462344122555777e-25,0
Vaccinium,Polyommatus_damon,0,1.930917264762204e-26,0
Vaccinium,Neptis_rivularis,0,9.043277870660705e-33,0
Vaccinium,Limenitis_populi,0,5.74788316203612e-45,0
Vaccinium,Limenitis_reducta,0,4.852681951572606e-45,0
Vaccinium,Limenitis_camilla,0,-3.845892381201191e-45,0
Vaccinium,Issoria_lathonia,0,-4.374695693121294e-18,0
Vaccinium,Brenthis_ino,0,3.659928941435623e-33,0
Vaccinium,Argynnis_paphia,0,-4.374695693121294e-18,0
Vaccinium,Fabriciana_adippe,0,-4.374695693121294e-18,0
Vaccinium,Boloria_pales,0,-3.9006915114606405e-18,0
Vaccinium,Boloria_napaea,0,-4.374695693121294e-18,0
Vaccinium,Boloria_aquilonaris,1,5.835944338851687e-32,0
Vaccinium,Boloria_selene,0,-4.374695693121294e-18,0
Vaccinium,Boloria_dia,0,-4.374695693121294e-18,0
Vaccinium,Boloria_euphrosyne,0,-4.374695693121294e-18,0
Vaccinium,Boloria_titania,0,-4.374695693121294e-18,0
Vaccinium,Apatura_iris,0,-7.188088663141124e-46,0
Vaccinium,Apatura_ilia,0,-2.5684893610773184e-45,0
Vaccinium,Araschnia_levana,0,5.9568999423979285e-18,0
Vaccinium,Vanessa_cardui,0,1.242311074746683e-17,0
Vaccinium,Vanessa_atalanta,0,5.9568999423979285e-18,0
Vaccinium,Aglais_io,0,7.087241908406033e-18,0
Vaccinium,Aglais_urticae,0,5.9568999423979285e-18,0
Vaccinium,Nymphalis_polychloros,0,1.9143951044173152e-45,0
Vaccinium,Nymphalis_antiopa,0,-7.188088663141124e-46,0
Vaccinium,Euphydryas_cynthia,0,-3.9006915114606405e-18,0
Vaccinium,Euphydryas_intermedia,0,-1.0030853796385747e-45,0
Vaccinium,Melitaea_didyma,0,6.003051967643367e-18,0
Vaccinium,Melitaea_phoebe,0,3.62258385382547e-18,0
Vaccinium,Melitaea_cinxia,0,1.6710467743737843e-18,0
Vaccinium,Melitaea_diamina,0,0,0
Vaccinium,Melitaea_aurelia,0,4.740041816606806e-19,0
Vaccinium,Melitaea_varia,0,4.740041816606806e-19,0
Vaccinium,Melitaea_parthenoides,0,1.1297182049573974e-18,0
Vaccinium,Melitaea_deione,0,1.0460560426509463e-18,0
Vaccinium,Melitaea_athalia,0,4.41354401997139e-18,0
Vaccinium,Melitaea_britomartis,0,1.6710467743737843e-18,0
Vaccinium,Libythea_celtis,0,1.0465287080292103e-45,0
Vaccinium,Lasiommata_maera,0,-1.770949074559127e-18,0
Vaccinium,Lasiommata_petropolitana,0,1.0887838356895971e-17,0
Vaccinium,Lasiommata_megera,0,-2.3412026578574883e-17,0
Vaccinium,Lopinga_achine,0,-1.775635351265372e-17,0
Vaccinium,Coenonympha_glycerion,0,-7.441433052354599e-17,0
Vaccinium,Coenonympha_pamphilus,0,3.932127205672753e-17,0
Vaccinium,Coenonympha_tullia,0,-2.793260905535092e-17,0
Vaccinium,Melanargia_galathea,0,-3.49497238561063e-17,0
Vaccinium,Hipparchia_statilinus,0,-3.628893135771513e-17,0
Vaccinium,Hipparchia_fagi,0,-2.3412026578574883e-17,0
Vaccinium,Hipparchia_semele,0,1.0887838356895971e-17,0
Vaccinium,Oeneis_glacialis,0,1.0887838356895971e-17,0
Vaccinium,Brintesia_circe,0,-2.3412026578574883e-17,0
Vaccinium,Satyrus_ferula,0,1.0887838356895971e-17,0
Vaccinium,Hyponephele_lycaon,0,-1.98906642224429e-18,0
Vaccinium,Aphantopus_hyperantus,0,-2.3412026578574883e-17,0
Vaccinium,Maniola_jurtina,0,-2.3412026578574883e-17,0
Vaccinium,Erebia_nivalis,0,1.0887838356895971e-17,0
Vaccinium,Erebia_tyndarus,0,3.303507043363173e-17,0
Vaccinium,Erebia_christi,0,1.0887838356895971e-17,0
Vaccinium,Erebia_pharte,0,9.441402987707629e-18,0
Vaccinium,Erebia_epiphron,0,1.0887838356895971e-17,0
Vaccinium,Erebia_meolans,0,1.0887838356895971e-17,0
Vaccinium,Erebia_triarius,0,-1.98906642224429e-18,0
Vaccinium,Erebia_medusa,0,-1.2524188221678903e-17,0
Vaccinium,Erebia_aethiops,0,-2.4968562758154884e-17,0
Vaccinium,Erebia_pandrose,0,-9.147051116439286e-19,0
Vaccinium,Erebia_flavofasciata,0,1.0887838356895971e-17,0
Vaccinium,Erebia_gorge,0,1.4339598266826075e-18,0
Vaccinium,Erebia_pluto,0,1.4339598266826075e-18,0
Vaccinium,Erebia_sudetica,0,9.994625759173583e-18,0
Vaccinium,Erebia_melampus,0,3.53837353719582e-17,0
Vaccinium,Erebia_manto,0,9.016971415774924e-21,0
Vaccinium,Erebia_eriphyle,0,-3.159874887649114e-17,0
Vaccinium,Erebia_euryale,0,-8.0400386057108e-18,0
Vaccinium,Erebia_ligea,0,-9.530377052952439e-17,0
Vaccinium,Erebia_oeme,0,2.552307393558755e-17,0
Vaccinium,Erebia_mnestra,0,-2.395514978610206e-17,0
Vaccinium,Erebia_styx,0,-3.484298814299806e-17,0
Biscutella,Parnassius_mnemosyne,0,0,0
Biscutella,Parnassius_apollo,0,0,0
Biscutella,Parnassius_phoebus,0,0,0
Biscutella,Iphiclides_podalirius,0,1.5234935219509335e-47,0
Biscutella,Papilio_machaon,0,1.052144298732941e-19,0
Biscutella,Carcharodus_alceae,0,2.5575195722678593e-18,0
Biscutella,Spialia_sertorius,0,-1.019719583181422e-18,0
Biscutella,Erynnis_tages,0,-2.5922134019478495e-17,0
Biscutella,Pyrgus_carthami,0,-1.2470881410683645e-16,0
Biscutella,Pyrgus_malvae,0,-9.164210246992886e-18,0
Biscutella,Pyrgus_andromedae,0,-7.553985572348435e-17,0
Biscutella,Pyrgus_cacaliae,0,-9.454548319436655e-17,0
Biscutella,Pyrgus_serratulae,0,2.1394387848817899e-16,0
Biscutella,Pyrgus_armoricanus,0,-1.0312234145069594e-16,0
Biscutella,Pyrgus_cirsii,0,1.5169335069145546e-16,0
Biscutella,Pyrgus_carlinae,0,-3.7845322947749055e-17,0
Biscutella,Pyrgus_alveus,0,1.8983550340078812e-17,0
Biscutella,Heteropterus_morpheus,0,-1.6531641482150737e-16,0
Biscutella,Carterocephalus_palaemon,0,-5.142509734132771e-17,0
Biscutella,Thymelicus_acteon,0,-7.746385938968107e-17,0
Biscutella,Thymelicus_sylvestris,0,2.930770041628719e-16,0
Biscutella,Thymelicus_lineola,0,1.4879394347106882e-16,0
Biscutella,Ochlodes_sylvanus,0,-1.8040361546759128e-16,0
Biscutella,Hesperia_comma,0,9.082949621450462e-17,0
Biscutella,Gonepteryx_rhamni,0,-1.2066172175570188e-16,0
Biscutella,Colias_alfacariensis,0,-2.380802183046726e-17,0
Biscutella,Colias_phicomone,0,-3.450374242462158e-17,0
Biscutella,Colias_palaeno,0,7.061140456627817e-17,0
Biscutella,Anthocharis_cardamines,0,0.22966074550153728,1
Biscutella,Aporia_crataegi,0,1.5972716232752488e-17,0
Biscutella,Pontia_callidice,0,0.4186429820061511,1
Biscutella,Pieris_brassicae,0,9.774947753731595e-18,0
Biscutella,Pieris_mannii,0,-1.707745488124724e-17,0
Biscutella,Pieris_bryoniae,1,0.6483037275076888,1
Biscutella,Hamearis_lucina,0,-2.5290142375368676e-16,0
Biscutella,Lycaena_phlaeas,0,9.268770464927577e-17,0
Biscutella,Lycaena_virgaureae,0,2.1099321194833795e-16,0
Biscutella,Lycaena_helle,0,8.283214181735327e-17,0
Biscutella,Lycaena_alciphron,0,3.735216316987093e-16,0
Biscutella,Lycaena_dispar,0,6.429320285059333e-16,0
Biscutella,Lycaena_hippothoe,0,1.9818688148817172e-16,0
Biscutella,Thecla_betulae,0,-1.1007039480455627e-16,0
Biscutella,Favonius_quercus,0,8.992386018416576e-17,0
Biscutella,Satyrium_acaciae,0,1.1061652955888122e-16,0
Biscutella,Satyrium_spini,0,-1.0304377389656576e-16,0
Biscutella,Satyrium_ilicis,0,-2.1440794442399047e-16,0
Biscutella,Lampides_boeticus,0,-7.832700302780148e-17,0
Biscutella,Celastrina_argiolus,0,-1.303661982159337e-16,0
Biscutella,Phengaris_arion,0,1.3046372554179825e-16,0
Biscutella,Phengaris_teleius,0,-1.8341697633571314e-17,0
Biscutella,Phengaris_nausithous,0,1.5180366826697683e-17,0
Biscutella,Scolitantides_orion,0,8.671869995630134e-17,0
Biscutella,Iolana_iolas,0,-6.715298154104521e-17,0
Biscutella,Glaucopsyche_alexis,0,-6.666928928059276e-17,0
Biscutella,Pseudophilotes_baton,0,1.0056619338080698e-16,0
Biscutella,Leptotes_pirithous,0,3.7551157154605495e-17,0
Biscutella,Cupido_argiades,0,1.9248673357311726e-16,0
Biscutella,Cupido_alcetas,0,6.410120137836441e-18,0
Biscutella,Cupido_osiris,0,2.630445385424413e-16,0
Biscutella,Cupido_minimus,0,1.230197332855768e-16,0
Biscutella,Plebejus_argus,0,9.929049788741763e-17,0
Biscutella,Plebejus_idas,0,-1.072298218632782e-16,0
Biscutella,Plebejus_argyrognomon,0,1.2739184075943053e-16,0
Biscutella,Cyaniris_semiargus,0,-2.758748100780214e-16,0
Biscutella,Aricia_nicias,0,3.578040509420033e-17,0
Biscutella,Aricia_artaxerxes,0,9.472554205560829e-17,0
Biscutella,Aricia_agestis,0,7.381148225337619e-17,0
Biscutella,Polyommatus_escheri,0,-7.942544897078802e-18,0
Biscutella,Polyommatus_thersites,0,-2.5475431996841313e-18,0
Biscutella,Polyommatus_amandus,0,-6.676682479211294e-17,0
Biscutella,Polyommatus_icarus,0,6.351847108827251e-17,0
Biscutella,Polyommatus_eros,0,-4.110723332127575e-17,0
Biscutella,Polyommatus_dorylas,0,1.775727361058907e-16,0
Biscutella,Polyommatus_damon,0,-2.5475431996841313e-18,0
Biscutella,Neptis_rivularis,0,1.5133089005154386e-17,0
Biscutella,Limenitis_populi,0,1.299924122670486e-29,0
Biscutella,Limenitis_reducta,0,1.0974680852700159e-29,0
Biscutella,Limenitis_camilla,0,-8.697755571369179e-30,0
Biscutella,Issoria_lathonia,0,-3.595915097047907e-17,0
Biscutella,Brenthis_ino,0,1.0218618415098318e-17,0
Biscutella,Argynnis_paphia,0,-3.595915097047907e-17,0
Biscutella,Fabriciana_adippe,0,-3.595915097047907e-17,0
Biscutella,Boloria_pales,0,1.390067069608677e-17,0
Biscutella,Boloria_napaea,0,-3.595915097047907e-17,0
Biscutella,Boloria_aquilonaris,0,1.0687614150158167e-16,0
Biscutella,Boloria_selene,0,-3.595915097047907e-17,0
Biscutella,Boloria_dia,0,-3.595915097047907e-17,0
Biscutella,Boloria_euphrosyne,0,-3.595915097047907e-17,0
Biscutella,Boloria_titania,0,-3.595915097047907e-17,0
Biscutella,Apatura_iris,0,-1.6256367056018856e-30,0
Biscutella,Apatura_ilia,0,-5.808818978059462e-30,0
Biscutella,Araschnia_levana,0,2.545754913277854e-17,0
Biscutella,Vanessa_cardui,0,-3.6285038483699856e-16,0
Biscutella,Vanessa_atalanta,0,2.545754913277854e-17,0
Biscutella,Aglais_io,0,1.0726381229984961e-16,0
Biscutella,Aglais_urticae,0,2.545754913277854e-17,0
Biscutella,Nymphalis_polychloros,0,4.32953890407953e-30,0
Biscutella,Nymphalis_antiopa,0,-1.6256367056018856e-30,0
Biscutella,Euphydryas_cynthia,0,1.390067069608677e-17,0
Biscutella,Euphydryas_intermedia,0,-2.268547994727142e-30,0
Biscutella,Melitaea_didyma,0,-7.231582046237436e-17,0
Biscutella,Melitaea_phoebe,0,2.7607090057911124e-17,0
Biscutella,Melitaea_cinxia,0,2.0895600218430674e-16,0
Biscutella,Melitaea_diamina,0,0,0
Biscutella,Melitaea_aurelia,0,6.286740746129801e-17,0
Biscutella,Melitaea_varia,0,6.286740746129801e-17,0
Biscutella,Melitaea_parthenoides,0,1.612062255690744e-16,0
Biscutella,Melitaea_deione,0,-6.424823093362957e-17,0
Biscutella,Melitaea_athalia,0,-7.964807859863339e-17,0
Biscutella,Melitaea_britomartis,0,2.0895600218430674e-16,0
Biscutella,Libythea_celtis,0,2.366798131003358e-30,0
Biscutella,Lasiommata_maera,0,9.711753538910636e-17,0
Biscutella,Lasiommata_petropolitana,0,-2.2870013346964563e-18,0
Biscutella,Lasiommata_megera,0,5.810060405235077e-17,0
Biscutella,Lopinga_achine,0,8.381727492277339e-17,0
Biscutella,Coenonympha_glycerion,0,6.053853901361126e-17,0
Biscutella,Coenonympha_pamphilus,0,7.35293636696596e-17,0
Biscutella,Coenonympha_tullia,0,8.615871093196804e-17,0
Biscutella,Melanargia_galathea,0,-6.707210527749564e-17,0
Biscutella,Hipparchia_statilinus,0,-9.599546759766867e-17,0
Biscutella,Hipparchia_fagi,0,5.810060405235077e-17,0
Biscutella,Hipparchia_semele,0,-2.2870013346964563e-18,0
Biscutella,Oeneis_glacialis,0,-2.2870013346964563e-18,0
Biscutella,Brintesia_circe,0,5.810060405235077e-17,0
Biscutella,Satyrus_ferula,0,-2.2870013346964563e-18,0
Biscutella,Hyponephele_lycaon,0,-1.314792989469085e-16,0
Biscutella,Aphantopus_hyperantus,0,5.810060405235077e-17,0
Biscutella,Maniola_jurtina,0,5.810060405235077e-17,0
Biscutella,Erebia_nivalis,0,-2.2870013346964563e-18,0
Biscutella,Erebia_tyndarus,0,-9.372721094558754e-17,0
Biscutella,Erebia_christi,0,-2.2870013346964563e-18,0
Biscutella,Erebia_pharte,0,-1.3508195074817312e-16,0
Biscutella,Erebia_epiphron,0,-2.2870013346964563e-18,0
Biscutella,Erebia_meolans,0,-2.2870013346964563e-18,0
Biscutella,Erebia_triarius,0,-1.314792989469085e-16,0
Biscutella,Erebia_medusa,0,2.887295619874341e-17,0
Biscutella,Erebia_aethiops,0,-1.4939996925232906e-17,0
Biscutella,Erebia_pandrose,0,-1.997626844033508e-16,0
Biscutella,Erebia_flavofasciata,0,-2.2870013346964563e-18,0
Biscutella,Erebia_gorge,0,-5.059936838269142e-17,0
Biscutella,Erebia_pluto,0,-5.059936838269142e-17,0
Biscutella,Erebia_sudetica,0,4.004805765436947e-17,0
Biscutella,Erebia_melampus,0,4.898971627018215e-17,0
Biscutella,Erebia_manto,0,7.096647417919875e-17,0
Biscutella,Erebia_eriphyle,0,2.3484989118016193e-16,0
Biscutella,Erebia_euryale,0,-7.260404463437404e-17,0
Biscutella,Erebia_ligea,0,-4.608980894085699e-17,0
Biscutella,Erebia_oeme,0,6.787363647754089e-17,0
Biscutella,Erebia_mnestra,0,-9.206986291565283e-17,0
Biscutella,Erebia_styx,0,-9.882434370148002e-17,0
Cardamine,Parnassius_mnemosyne,0,0,0
Cardamine,Parnassius_apollo,0,0,0
Cardamine,Parnassius_phoebus,0,0,0
Cardamine,Iphiclides_podalirius,0,3.371975525370307e-47,0
Cardamine,Papilio_machaon,0,2.10428859746591e-19,0
Cardamine,Carcharodus_alceae,0,5.115039144535713e-18,0
Cardamine,Spialia_sertorius,0,-2.039439166362841e-18,0
Cardamine,Erynnis_tages,0,-5.184426840457632e-17,0
Cardamine,Pyrgus_carthami,0,-2.4941762816032164e-16,0
Cardamine,Pyrgus_malvae,0,-1.8328420440634675e-17,0
Cardamine,Pyrgus_andromedae,0,-1.5107971139361746e-16,0
Cardamine,Pyrgus_cacaliae,0,-1.8909096633538185e-16,0
Cardamine,Pyrgus_serratulae,0,4.278877570395146e-16,0
Cardamine,Pyrgus_armoricanus,0,-2.0624468289629672e-16,0
Cardamine,Pyrgus_cirsii,0,3.0338670143626173e-16,0
Cardamine,Pyrgus_carlinae,0,-7.569064589119447e-17,0
Cardamine,Pyrgus_alveus,0,3.796710068446118e-17,0
Cardamine,Heteropterus_morpheus,0,-3.355006589781823e-16,0
Cardamine,Carterocephalus_palaemon,0,-8.666463089998217e-17,0
Cardamine,Thymelicus_acteon,0,1.555431947493922e-17,0
Cardamine,Thymelicus_sylvestris,0,5.146407296276014e-16,0
Cardamine,Thymelicus_lineola,0,3.011264465346526e-16,0
Cardamine,Ochlodes_sylvanus,0,-3.731311158517579e-16,0
Cardamine,Hesperia_comma,0,1.6922894294907086e-16,0
Cardamine,Gonepteryx_rhamni,0,-2.4132344351140356e-16,0
Cardamine,Colias_alfacariensis,0,-4.7616043968173524e-17,0
Cardamine,Colias_phicomone,0,-6.900748500132517e-17,0
Cardamine,Colias_palaeno,0,1.412228091325562e-16,0
Cardamine,Anthocharis_cardamines,1,0.4593214910030742,1
Cardamine,Aporia_crataegi,0,3.194543246550495e-17,0
Cardamine,Pontia_callidice,1,0.8372859640123015,1
Cardamine,Pieris_brassicae,0,1.9549895507463197e-17,0
Cardamine,Pieris_mannii,0,-3.4154909829675083e-17,0
Cardamine,Pieris_bryoniae,1,1.2966074550153766,1
Cardamine,Hamearis_lucina,0,-5.05802847507373e-16,0
Cardamine,Lycaena_phlaeas,0,1.8537540929855145e-16,0
Cardamine,Lycaena_virgaureae,0,4.2198642389667555e-16,0
Cardamine,Lycaena_helle,0,1.6566428363470636e-16,0
Cardamine,Lycaena_alciphron,0,7.47043263397418e-16,0
Cardamine,Lycaena_dispar,0,1.2858640570118657e-15,0
Cardamine,Lycaena_hippothoe,0,3.9637376297634314e-16,0
Cardamine,Thecla_betulae,0,-2.2014078960911234e-16,0
Cardamine,Favonius_quercus,0,1.7984772036833138e-16,0
Cardamine,Satyrium_acaciae,0,2.2123305911776223e-16,0
Cardamine,Satyrium_spini,0,-2.0608754779313135e-16,0
Cardamine,Satyrium_ilicis,0,-4.2881588884798055e-16,0
Cardamine,Lampides_boeticus,0,-1.5665400605554104e-16,0
Cardamine,Celastrina_argiolus,0,-2.607323964318672e-16,0
Cardamine,Phengaris_arion,0,2.6092745108359625e-16,0
Cardamine,Phengaris_teleius,0,-3.668339526714259e-17,0
Cardamine,Phengaris_nausithous,0,3.036073365339534e-17,0
Cardamine,Scolitantides_orion,0,1.7343739991260253e-16,0
Cardamine,Iolana_iolas,0,-1.343059630820285e-16,0
Cardamine,Glaucopsyche_alexis,0,-1.3333857845347579e-16,0
Cardamine,Pseudophilotes_baton,0,2.0113238676161378e-16,0
Cardamine,Leptotes_pirithous,0,7.510231437009657e-17,0
Cardamine,Cupido_argiades,0,3.849734673891667e-16,0
Cardamine,Cupido_alcetas,0,1.2820240152026549e-17,0
Cardamine,Cupido_osiris,0,5.260890770867772e-16,0
Cardamine,Cupido_minimus,0,2.4603946644639175e-16,0
Cardamine,Plebejus_argus,0,1.9858099556490525e-16,0
Cardamine,Plebejus_idas,0,-2.1445964372808372e-16,0
Cardamine,Plebejus_argyrognomon,0,2.547836813725042e-16,0
Cardamine,Cyaniris_semiargus,0,-5.517496200504968e-16,0
Cardamine,Aricia_nicias,0,7.156081017735618e-17,0
Cardamine,Aricia_artaxerxes,0,1.8945108405112458e-16,0
Cardamine,Aricia_agestis,0,1.4762296444869021e-16,0
Cardamine,Polyommatus_escheri,0,-1.5885089895687903e-17,0
Cardamine,Polyommatus_thersites,0,-5.095086397534905e-18,0
Cardamine,Polyommatus_amandus,0,-1.3353364955733875e-16,0
Cardamine,Polyommatus_icarus,0,1.2703694250932663e-16,0
Cardamine,Polyommatus_eros,0,-8.221446674224838e-17,0
Cardamine,Polyommatus_dorylas,0,3.5514547218854977e-16,0
Cardamine,Polyommatus_damon,0,-5.095086397534905e-18,0
Cardamine,Neptis_rivularis,0,3.026617801030875e-17,0
Cardamine,Limenitis_populi,0,2.59984824534097e-29,0
Cardamine,Limenitis_reducta,0,2.1949361705400298e-29,0
Cardamine,Limenitis_camilla,0,-1.739551114273834e-29,0
Cardamine,Issoria_lathonia,0,-9.474118350726052e-17,0
Cardamine,Brenthis_ino,0,2.043723683019662e-17,0
Cardamine,Argynnis_paphia,0,-9.474118350726052e-17,0
Cardamine,Fabriciana_adippe,0,-9.474118350726052e-17,0
Cardamine,Boloria_pales,0,-1.7832231769848046e-17,0
Cardamine,Boloria_napaea,0,-9.474118350726052e-17,0
Cardamine,Boloria_aquilonaris,0,2.1375228300316315e-16,0
Cardamine,Boloria_selene,0,-9.474118350726052e-17,0
Cardamine,Boloria_dia,0,-9.474118350726052e-17,0
Cardamine,Boloria_euphrosyne,0,-9.474118350726052e-17,0
Cardamine,Boloria_titania,0,-9.474118350726052e-17,0
Cardamine,Apatura_iris,0,-3.2512734112037684e-30,0
Cardamine,Apatura_ilia,0,-1.1617637956118914e-29,0
Cardamine,Araschnia_levana,0,5.338306571085359e-17,0
Cardamine,Vanessa_cardui,0,-7.208117977571617e-16,0
Cardamine,Vanessa_atalanta,0,5.338306571085359e-17,0
Cardamine,Aglais_io,0,2.1746607467223675e-16,0
Cardamine,Aglais_urticae,0,5.338306571085359e-17,0
Cardamine,Nymphalis_polychloros,0,8.659077808159051e-30,0
Cardamine,Nymphalis_antiopa,0,-3.2512734112037684e-30,0
Cardamine,Euphydryas_cynthia,0,-1.7832231769848046e-17,0
Cardamine,Euphydryas_intermedia,0,-4.53709598945428e-30,0
Cardamine,Melitaea_didyma,0,-2.0495822916559772e-16,0
Cardamine,Melitaea_phoebe,0,5.245011411842829e-17,0
Cardamine,Melitaea_cinxia,0,3.8404077444174097e-16,0
Cardamine,Melitaea_diamina,0,0,0
Cardamine,Melitaea_aurelia,0,1.0292412332687678e-16,0
Cardamine,Melitaea_varia,0,1.0292412332687678e-16,0
Cardamine,Melitaea_parthenoides,0,2.9425291811358826e-16,0
Cardamine,Melitaea_deione,0,-1.3568815267434068e-16,0
Cardamine,Melitaea_athalia,0,-2.136685074322905e-16,0
Cardamine,Melitaea_britomartis,0,3.8404077444174097e-16,0
Cardamine,Libythea_celtis,0,4.733596262006712e-30,0
Cardamine,Lasiommata_maera,0,2.512580526998826e-16,0
Cardamine,Lasiommata_petropolitana,0,1.9913371299528043e-17,0
Cardamine,Lasiommata_megera,0,1.6243634321047858e-16,0
Cardamine,Lopinga_achine,0,1.481933015097648e-16,0
Cardamine,Coenonympha_glycerion,0,8.99058933365464e-17,0
Cardamine,Coenonympha_pamphilus,0,1.454476434161089e-16,0
Cardamine,Coenonympha_tullia,0,2.0176942175932817e-16,0
Cardamine,Melanargia_galathea,0,-9.457725801746714e-17,0
Cardamine,Hipparchia_statilinus,0,-8.900751109025196e-17,0
Cardamine,Hipparchia_fagi,0,1.6243634321047858e-16,0
Cardamine,Hipparchia_semele,0,1.9913371299528043e-17,0
Cardamine,Oeneis_glacialis,0,1.9913371299528043e-17,0
Cardamine,Brintesia_circe,0,1.6243634321047858e-16,0
Cardamine,Satyrus_ferula,0,1.9913371299528043e-17,0
Cardamine,Hyponephele_lycaon,0,-1.8172293492558765e-16,0
Cardamine,Aphantopus_hyperantus,0,1.6243634321047858e-16,0
Cardamine,Maniola_jurtina,0,1.6243634321047858e-16,0
Cardamine,Erebia_nivalis,0,1.9913371299528043e-17,0
Cardamine,Erebia_tyndarus,0,-2.1553867926567748e-16,0
Cardamine,Erebia_christi,0,1.9913371299528043e-17,0
Cardamine,Erebia_pharte,0,-2.2776401954277533e-16,0
Cardamine,Erebia_epiphron,0,1.9913371299528043e-17,0
Cardamine,Erebia_meolans,0,1.9913371299528043e-17,0
Cardamine,Erebia_triarius,0,-1.8172293492558765e-16,0
Cardamine,Erebia_medusa,0,1.2846842147218485e-16,0
Cardamine,Erebia_aethiops,0,-7.042248347191983e-17,0
Cardamine,Erebia_pandrose,0,-3.7217617155205367e-16,0
Cardamine,Erebia_flavofasciata,0,1.9913371299528043e-17,0
Cardamine,Erebia_gorge,0,-8.71863787652215e-17,0
Cardamine,Erebia_pluto,0,-8.71863787652215e-17,0
Cardamine,Erebia_sudetica,0,5.735953616315627e-17,0
Cardamine,Erebia_melampus,0,5.655833591137538e-17,0
Cardamine,Erebia_manto,0,9.928466397405731e-17,0
Cardamine,Erebia_eriphyle,0,4.329629496918609e-16,0
Cardamine,Erebia_euryale,0,-2.352287739095284e-16,0
Cardamine,Erebia_ligea,0,-9.090358893606234e-17,0
Cardamine,Erebia_oeme,0,1.1845505421872016e-16,0
Cardamine,Erebia_mnestra,0,-1.5144285034773798e-16,0
Cardamine,Erebia_styx,0,-1.8943918588831322e-16,0
Hornungia,Parnassius_mnemosyne,0,0,0
Hornungia,Parnassius_apollo,0,0,0
Hornungia,Parnassius_phoebus,0,0,0
Hornungia,Iphiclides_podalirius,0,2.3914929897584076e-47,0
Hornungia,Papilio_machaon,0,1.731567859068876e-19,0
Hornungia,Carcharodus_alceae,0,4.2090411891331766e-18,0
Hornungia,Spialia_sertorius,0,-1.6782048409390594e-18,0
Hornungia,Erynnis_tages,0,-4.2661385119015626e-17,0
Hornungia,Pyrgus_carthami,0,-2.0523969445320985e-16,0
Hornungia,Pyrgus_malvae,0,-1.5082011164433738e-17,0
Hornungia,Pyrgus_andromedae,0,-1.243198167301279e-16,0
Hornungia,Pyrgus_cacaliae,0,-1.5559835305793748e-16,0
Hornungia,Pyrgus_serratulae,0,3.520984183556717e-16,0
Hornungia,Pyrgus_armoricanus,0,-1.6971372865547947e-16,0
Hornungia,Pyrgus_cirsii,0,2.496495306446696e-16,0
Hornungia,Pyrgus_carlinae,0,-6.228398986985643e-17,0
Hornungia,Pyrgus_alveus,0,3.124220284990968e-17,0
Hornungia,Heteropterus_morpheus,0,-2.68048069200568e-16,0
Hornungia,Carterocephalus_palaemon,0,-7.2279790060569925e-17,0
Hornungia,Thymelicus_acteon,0,-6.923827512272401e-17,0
Hornungia,Thymelicus_sylvestris,0,4.746808766506546e-16,0
Hornungia,Thymelicus_lineola,0,2.8092448511808185e-16,0
Hornungia,Ochlodes_sylvanus,0,-2.638128591741846e-16,0
Hornungia,Hesperia_comma,0,1.6457774031642536e-16,0
Hornungia,Gonepteryx_rhamni,0,-1.9857918677475702e-16,0
Hornungia,Colias_alfacariensis,0,-3.918208236058097e-17,0
Hornungia,Colias_phicomone,0,-5.678457894547195e-17,0
Hornungia,Colias_palaeno,0,1.1620881164106442e-16,0
Hornungia,Anthocharis_cardamines,0,0.37796447300922587,1
Hornungia,Aporia_crataegi,0,2.6287118681315048e-17,0
Hornungia,Pontia_callidice,1,0.6889822365046122,1
Hornungia,Pieris_brassicae,0,1.6087133081291625e-17,0
Hornungia,Pieris_mannii,0,-2.8105243589736666e-17,0
Hornungia,Pieris_bryoniae,1,1.0669467095138387,1
Hornungia,Hamearis_lucina,0,-4.1621284971273107e-16,0
Hornungia,Lycaena_phlaeas,0,1.5254091144611296e-16,0
Hornungia,Lycaena_virgaureae,0,3.4724235518970583e-16,0
Hornungia,Lycaena_helle,0,1.363211059941971e-16,0
Hornungia,Lycaena_alciphron,0,6.1472371507913535e-16,0
Hornungia,Lycaena_dispar,0,1.0581062288390555e-15,0
Hornungia,Lycaena_hippothoe,0,3.2616632004496084e-16,0
Hornungia,Thecla_betulae,0,-1.8114849655899538e-16,0
Hornungia,Favonius_quercus,0,1.4799231079407958e-16,0
Hornungia,Satyrium_acaciae,0,1.820472985469436e-16,0
Hornungia,Satyrium_spini,0,-1.6958442598731618e-16,0
Hornungia,Satyrium_ilicis,0,-3.528621556384458e-16,0
Hornungia,Lampides_boeticus,0,-1.2890676792492567e-16,0
Hornungia,Celastrina_argiolus,0,-2.1455034163237897e-16,0
Hornungia,Phengaris_arion,0,2.1471084735678513e-16,0
Hornungia,Phengaris_teleius,0,-3.0185872927600255e-17,0
Hornungia,Phengaris_nausithous,0,2.4983108607479103e-17,0
Hornungia,Scolitantides_orion,0,1.4271741414689964e-16,0
Hornungia,Iolana_iolas,0,-1.1051710741323263e-16,0
Hornungia,Glaucopsyche_alexis,0,-1.0972107051499796e-16,0
Hornungia,Pseudophilotes_baton,0,1.6550694460523806e-16,0
Hornungia,Leptotes_pirithous,0,6.179986596446439e-17,0
Hornungia,Cupido_argiades,0,3.167852935231837e-16,0
Hornungia,Cupido_alcetas,0,1.054946393514629e-17,0
Hornungia,Cupido_osiris,0,4.32905894169771e-16,0
Hornungia,Cupido_minimus,0,2.0245988765856936e-16,0
Hornungia,Plebejus_argus,0,1.6340746760794944e-16,0
Hornungia,Plebejus_idas,0,-1.7647361991284147e-16,0
Hornungia,Plebejus_argyrognomon,0,2.0965528932069097e-16,0
Hornungia,Cyaniris_semiargus,0,-4.54021330643804e-16,0
Hornungia,Aricia_nicias,0,5.888564862226803e-17,0
Hornungia,Aricia_artaxerxes,0,1.5589468518202497e-16,0
Hornungia,Aricia_agestis,0,1.2147534383765998e-16,0
Hornungia,Polyommatus_escheri,0,-1.3071453419571257e-17,0
Hornungia,Polyommatus_thersites,0,-4.19262256554396e-18,0
Hornungia,Polyommatus_amandus,0,-1.0988158950555888e-16,0
Hornungia,Polyommatus_icarus,0,1.0453560622470425e-16,0
Hornungia,Polyommatus_eros,0,-6.765228287941211e-17,0
Hornungia,Polyommatus_dorylas,0,2.9224056331462563e-16,0
Hornungia,Polyommatus_damon,0,-4.19262256554396e-18,0
Hornungia,Neptis_rivularis,0,2.490530107068995e-17,0
Hornungia,Limenitis_populi,0,2.1393518291694377e-29,0
Hornungia,Limenitis_reducta,0,1.8061595401846725e-29,0
Hornungia,Limenitis_camilla,0,-1.4314342634900157e-29,0
Hornungia,Issoria_lathonia,0,-7.824787275779427e-17,0
Hornungia,Brenthis_ino,0,1.681730465391681e-17,0
Hornungia,Argynnis_paphia,0,-7.824787275779427e-17,0
Hornungia,Fabriciana_adippe,0,-7.824787275779427e-17,0
Hornungia,Boloria_pales,0,-3.941266350125948e-17,0
Hornungia,Boloria_napaea,0,-7.824787275779427e-17,0
Hornungia,Boloria_aquilonaris,0,1.7589154999775256e-16,0
Hornungia,Boloria_selene,0,-7.824787275779427e-17,0
Hornungia,Boloria_dia,0,-7.824787275779427e-17,0
Hornungia,Boloria_euphrosyne,0,-7.824787275779427e-17,0
Hornungia,Boloria_titania,0,-7.824787275779427e-17,0
Hornungia,Apatura_iris,0,-2.6753937395590224e-30,0
Hornungia,Apatura_ilia,0,-9.559871448878225e-30,0
Hornungia,Araschnia_levana,0,2.793631271405562e-17,0
Hornungia,Vanessa_cardui,0,-6.268663206182664e-16,0
Hornungia,Vanessa_atalanta,0,2.793631271405562e-17,0
Hornungia,Aglais_io,0,1.5992651253435285e-16,0
Hornungia,Aglais_urticae,0,2.793631271405562e-17,0
Hornungia,Nymphalis_polychloros,0,7.125344327694029e-30,0
Hornungia,Nymphalis_antiopa,0,-2.6753937395590224e-30,0
Hornungia,Euphydryas_cynthia,0,-3.941266350125948e-17,0
Hornungia,Euphydryas_intermedia,0,-3.733465836535138e-30,0
Hornungia,Melitaea_didyma,0,-2.548917304445733e-16,0
Hornungia,Melitaea_phoebe,0,2.8223014122862255e-17,0
Hornungia,Melitaea_cinxia,0,2.750151716181046e-16,0
Hornungia,Melitaea_diamina,0,0,0
Hornungia,Melitaea_aurelia,0,6.024246063200036e-17,0
Hornungia,Melitaea_varia,0,6.024246063200036e-17,0
Hornungia,Melitaea_parthenoides,0,2.0944435820129245e-16,0
Hornungia,Melitaea_deione,0,-1.23618381279714e-16,0
Hornungia,Melitaea_athalia,0,-2.499838071552788e-16,0
Hornungia,Melitaea_britomartis,0,2.750151716181046e-16,0
Hornungia,Libythea_celtis,0,3.895161127123995e-30,0
Hornungia,Lasiommata_maera,0,2.1050546980095402e-16,0
Hornungia,Lasiommata_petropolitana,0,3.1965936195116854e-17,0
Hornungia,Lasiommata_megera,0,1.107111813710614e-16,0
Hornungia,Lopinga_achine,0,1.3181072314774935e-16,0
Hornungia,Coenonympha_glycerion,0,1.192749680090434e-16,0
Hornungia,Coenonympha_pamphilus,0,1.0354409324827262e-16,0
Hornungia,Coenonympha_tullia,0,1.238835713476269e-16,0
Hornungia,Melanargia_galathea,0,-8.7219249890192e-17,0
Hornungia,Hipparchia_statilinus,0,-1.1778290127253764e-16,0
Hornungia,Hipparchia_fagi,0,1.107111813710614e-16,0
Hornungia,Hipparchia_semele,0,3.1965936195116854e-17,0
Hornungia,Oeneis_glacialis,0,3.1965936195116854e-17,0
Hornungia,Brintesia_circe,0,1.107111813710614e-16,0
Hornungia,Satyrus_ferula,0,3.1965936195116854e-17,0
Hornungia,Hyponephele_lycaon,0,-1.5554272767530433e-16,0
Hornungia,Aphantopus_hyperantus,0,1.107111813710614e-16,0
Hornungia,Maniola_jurtina,0,1.107111813710614e-16,0
Hornungia,Erebia_nivalis,0,3.1965936195116854e-17,0
Hornungia,Erebia_tyndarus,0,-1.5931492791747327e-16,0
Hornungia,Erebia_christi,0,3.1965936195116854e-17,0
Hornungia,Erebia_pharte,0,-2.118121600013882e-16,0
Hornungia,Erebia_epiphron,0,3.1965936195116854e-17,0
Hornungia,Erebia_meolans,0,3.1965936195116854e-17,0
Hornungia,Erebia_triarius,0,-1.5554272767530433e-16,0
Hornungia,Erebia_medusa,0,9.833951323675297e-17,0
Hornungia,Erebia_aethiops,0,-8.145419746174312e-17,0
Hornungia,Erebia_pandrose,0,-3.1252361686018114e-16,0
Hornungia,Erebia_flavofasciata,0,3.1965936195116854e-17,0
Hornungia,Erebia_gorge,0,-8.448334872181083e-17,0
Hornungia,Erebia_pluto,0,-8.448334872181083e-17,0
Hornungia,Erebia_sudetica,0,6.79585560818403e-17,0
Hornungia,Erebia_melampus,0,5.811618739361771e-17,0
Hornungia,Erebia_manto,0,4.0436720111627555e-17,0
Hornungia,Erebia_eriphyle,0,3.205017974068816e-16,0
Hornungia,Erebia_euryale,0,-2.332177098022608e-16,0
Hornungia,Erebia_ligea,0,-1.262347278293249e-16,0
Hornungia,Erebia_oeme,0,5.909748675527437e-17,0
Hornungia,Erebia_mnestra,0,-1.2817535439164062e-16,0
Hornungia,Erebia_styx,0,-1.7502132164057624e-16,0
Alliaria,Parnassius_mnemosyne,0,0,0
Alliaria,Parnassius_apollo,0,0,0
Alliaria,Parnassius_phoebus,0,0,0
Alliaria,Iphiclides_podalirius,0,9.685513430560034e-50,0
Alliaria,Papilio_machaon,0,1.6630368571286084e-33,0
Alliaria,Carcharodus_alceae,0,-9.931020646668107e-34,0
Alliaria,Spialia_sertorius,0,-6.284019012735904e-34,0
Alliaria,Erynnis_tages,0,3.651518055976117e-26,0
Alliaria,Pyrgus_carthami,0,-5.3282912675061504e-27,0
Alliaria,Pyrgus_malvae,0,-5.328290937703018e-27,0
Alliaria,Pyrgus_andromedae,0,-5.328293040772469e-27,0
Alliaria,Pyrgus_cacaliae,0,-5.328277604783985e-27,0
Alliaria,Pyrgus_serratulae,0,-6.3076015588595296e-27,0
Alliaria,Pyrgus_armoricanus,0,-5.089076459795134e-28,0
Alliaria,Pyrgus_cirsii,0,-5.328240878999375e-27,0
Alliaria,Pyrgus_carlinae,0,-4.298186518590332e-28,0
Alliaria,Pyrgus_alveus,0,-4.298101296256909e-28,0
Alliaria,Heteropterus_morpheus,0,5.982809810619384e-18,0
Alliaria,Carterocephalus_palaemon,0,2.207985080754064e-17,0
Alliaria,Thymelicus_acteon,0,1.038581095479605e-16,0
Alliaria,Thymelicus_sylvestris,0,-2.7559458704839322e-17,0
Alliaria,Thymelicus_lineola,0,-1.6508854282276173e-17,0
Alliaria,Ochlodes_sylvanus,0,4.838334405035657e-18,0
Alliaria,Hesperia_comma,0,-2.7719716132008927e-17,0
Alliaria,Gonepteryx_rhamni,0,-7.282691875788673e-33,0
Alliaria,Colias_alfacariensis,0,3.0684626216032086e-26,0
Alliaria,Colias_phicomone,0,1.5188709357180086e-26,0
Alliaria,Colias_palaeno,0,-1.2029237746560643e-34,0
Alliaria,Anthocharis_cardamines,0,5.643257613333164e-17,0
Alliaria,Aporia_crataegi,0,1.255513499506604e-33,0
Alliaria,Pontia_callidice,0,1.0286956921242321e-16,0
Alliaria,Pieris_brassicae,1,4.4172869622058554e-32,0
Alliaria,Pieris_mannii,0,6.709506357765648e-27,0
Alliaria,Pieris_bryoniae,0,1.5930214534575495e-16,0
Alliaria,Hamearis_lucina,0,-6.471430592205621e-32,0
Alliaria,Lycaena_phlaeas,0,3.987045279867332e-33,0
Alliaria,Lycaena_virgaureae,0,4.681139335286755e-33,0
Alliaria,Lycaena_helle,0,1.0386119697772919e-32,0
Alliaria,Lycaena_alciphron,0,4.664084421409475e-32,0
Alliaria,Lycaena_dispar,0,1.1743265459863306e-31,0
Alliaria,Lycaena_hippothoe,0,2.733884269815584e-32,0
Alliaria,Thecla_betulae,0,-3.262901728815616e-32,0
Alliaria,Favonius_quercus,0,2.0135113737107145e-32,0
Alliaria,Satyrium_acaciae,0,2.3617057456240508e-32,0
Alliaria,Satyrium_spini,0,-2.5934476512196376e-32,0
Alliaria,Satyrium_ilicis,0,-5.132512383805684e-32,0
Alliaria,Lampides_boeticus,0,-6.1834130479676064e-30,0
Alliaria,Celastrina_argiolus,0,-2.7904957256305103e-32,0
Alliaria,Phengaris_arion,0,3.2056389441624197e-32,0
Alliaria,Phengaris_teleius,0,-4.096163911642255e-33,0
Alliaria,Phengaris_nausithous,0,4.163259689747717e-33,0
Alliaria,Scolitantides_orion,0,2.1308621674117692e-32,0
Alliaria,Iolana_iolas,0,-6.177747238738774e-30,0
Alliaria,Glaucopsyche_alexis,0,-1.0757193079038189e-26,0
Alliaria,Pseudophilotes_baton,0,2.4711267974346657e-32,0
Alliaria,Leptotes_pirithous,0,-6.080762447864834e-27,0
Alliaria,Cupido_argiades,0,-2.4262223849589e-26,0
Alliaria,Cupido_alcetas,0,1.2348795484171732e-26,0
Alliaria,Cupido_osiris,0,-1.8919115514985098e-28,0
Alliaria,Cupido_minimus,0,1.2460363497278663e-26,0
Alliaria,Plebejus_argus,0,2.096617290141947e-26,0
Alliaria,Plebejus_idas,0,1.525608326898027e-28,0
Alliaria,Plebejus_argyrognomon,0,1.461697403801772e-26,0
Alliaria,Cyaniris_semiargus,0,-1.0541174158503186e-26,0
Alliaria,Aricia_nicias,0,1.1030254892629873e-27,0
Alliaria,Aricia_artaxerxes,0,6.001497406320693e-27,0
Alliaria,Aricia_agestis,0,5.798782918605017e-27,0
Alliaria,Polyommatus_escheri,0,1.0140124608202264e-26,0
Alliaria,Polyommatus_thersites,0,-1.8312034151140917e-28,0
Alliaria,Polyommatus_amandus,0,-2.68533245963177e-27,0
Alliaria,Polyommatus_icarus,0,-3.323568184874703e-26,0
Alliaria,Polyommatus_eros,0,9.956998494222893e-27,0
Alliaria,Polyommatus_dorylas,0,2.3202155568555755e-27,0
Alliaria,Polyommatus_damon,0,-1.8312034151140917e-28,0
Alliaria,Neptis_rivularis,0,7.587778217995441e-33,0
Alliaria,Limenitis_populi,0,3.194192668902082e-45,0
Alliaria,Limenitis_reducta,0,2.6967147168280052e-45,0
Alliaria,Limenitis_camilla,0,-2.1372252884401186e-45,0
Alliaria,Issoria_lathonia,0,1.5498337771159824e-17,0
Alliaria,Brenthis_ino,0,8.448443372322012e-34,0
Alliaria,Argynnis_paphia,0,1.5498337771159824e-17,0
Alliaria,Fabriciana_adippe,0,1.5498337771159824e-17,0
Alliaria,Boloria_pales,0,2.0567980082214807e-17,0
Alliaria,Boloria_napaea,0,1.5498337771159824e-17,0
Alliaria,Boloria_aquilonaris,0,2.51084416323051e-32,0
Alliaria,Boloria_selene,0,1.5498337771159824e-17,0
Alliaria,Boloria_dia,0,1.5498337771159824e-17,0
Alliaria,Boloria_euphrosyne,0,1.5498337771159824e-17,0
Alliaria,Boloria_titania,0,1.5498337771159824e-17,0
Alliaria,Apatura_iris,0,-3.994538419009551e-46,0
Alliaria,Apatura_ilia,0,-1.4273515405117068e-45,0
Alliaria,Araschnia_levana,0,5.9421692559543235e-18,0
Alliaria,Vanessa_cardui,0,1.2241486603852836e-17,0
Alliaria,Vanessa_atalanta,0,5.9421692559543235e-18,0
Alliaria,Aglais_io,0,7.073564688333472e-18,0
Alliaria,Aglais_urticae,0,5.9421692559543235e-18,0
Alliaria,Nymphalis_polychloros,0,1.0638606657821586e-45,0
Alliaria,Nymphalis_antiopa,0,-3.994538419009551e-46,0
Alliaria,Euphydryas_cynthia,0,2.0567980082214807e-17,0
Alliaria,Euphydryas_intermedia,0,-5.574309490060542e-46,0
Alliaria,Melitaea_didyma,0,6.81244614286206e-18,0
Alliaria,Melitaea_phoebe,0,2.89633368912631e-18,0
Alliaria,Melitaea_cinxia,0,5.666213153098638e-18,0
Alliaria,Melitaea_diamina,0,0,0
Alliaria,Melitaea_aurelia,0,5.0696423110549815e-18,0
Alliaria,Melitaea_varia,0,5.0696423110549815e-18,0
Alliaria,Melitaea_parthenoides,0,5.448988426819803e-18,0
Alliaria,Melitaea_deione,0,4.001095842597331e-20,0
Alliaria,Melitaea_athalia,0,5.870965450896757e-18,0
Alliaria,Melitaea_britomartis,0,5.666213153098638e-18,0
Alliaria,Libythea_celtis,0,5.815731171633929e-46,0
Alliaria,Lasiommata_maera,0,1.8923707725223146e-17,0
Alliaria,Lasiommata_petropolitana,0,-2.802987317522454e-18,0
Alliaria,Lasiommata_megera,0,-1.1014192482862522e-17,0
Alliaria,Lopinga_achine,0,1.7441928630935052e-17,0
Alliaria,Coenonympha_glycerion,0,1.6523892314294858e-17,0
Alliaria,Coenonympha_pamphilus,0,-4.2680088399522844e-17,0
Alliaria,Coenonympha_tullia,0,4.9940058945849517e-17,0
Alliaria,Melanargia_galathea,0,1.7048350583338593e-19,0
Alliaria,Hipparchia_statilinus,0,1.512871461668477e-17,0
Alliaria,Hipparchia_fagi,0,-1.1014192482862522e-17,0
Alliaria,Hipparchia_semele,0,-2.802987317522454e-18,0
Alliaria,Oeneis_glacialis,0,-2.802987317522454e-18,0
Alliaria,Brintesia_circe,0,-1.1014192482862522e-17,0
Alliaria,Satyrus_ferula,0,-2.802987317522454e-18,0
Alliaria,Hyponephele_lycaon,0,2.3339919782024888e-17,0
Alliaria,Aphantopus_hyperantus,0,-1.1014192482862522e-17,0
Alliaria,Maniola_jurtina,0,-1.1014192482862522e-17,0
Alliaria,Erebia_nivalis,0,-2.802987317522454e-18,0
Alliaria,Erebia_tyndarus,0,-1.8505750135161932e-17,0
Alliaria,Erebia_christi,0,-2.802987317522454e-18,0
Alliaria,Erebia_pharte,0,3.080229029151155e-17,0
Alliaria,Erebia_epiphron,0,-2.802987317522454e-18,0
Alliaria,Erebia_meolans,0,-2.802987317522454e-18,0
Alliaria,Erebia_triarius,0,2.3339919782024888e-17,0
Alliaria,Erebia_medusa,0,-1.3817179800385e-17,0
Alliaria,Erebia_aethiops,0,3.242700860971327e-17,0
Alliaria,Erebia_pandrose,0,-3.3447099622792394e-17,0
Alliaria,Erebia_flavofasciata,0,-2.802987317522454e-18,0
Alliaria,Erebia_gorge,0,-3.1068571481675965e-17,0
Alliaria,Erebia_pluto,0,-3.1068571481675965e-17,0
Alliaria,Erebia_sudetica,0,-8.932523636676987e-18,0
Alliaria,Erebia_melampus,0,-1.6127221994045422e-17,0
Alliaria,Erebia_manto,0,2.985426943099595e-17,0
Alliaria,Erebia_eriphyle,0,4.3306220430603526e-17,0
Alliaria,Erebia_euryale,0,7.869665440849012e-18,0
Alliaria,Erebia_ligea,0,1.9552132216125855e-17,0
Alliaria,Erebia_oeme,0,5.248274323527485e-17,0
Alliaria,Erebia_mnestra,0,-2.3873873124307466e-17,0
Alliaria,Erebia_styx,0,-2.107088580678504e-17,0
Arabis,Parnassius_mnemosyne,0,0,0
Arabis,Parnassius_apollo,0,0,0
Arabis,Parnassius_phoebus,0,0,0
Arabis,Iphiclides_podalirius,0,1.523493521950852e-47,0
Arabis,Papilio_machaon,0,1.052144298732941e-19,0
Arabis,Carcharodus_alceae,0,2.5575195722678593e-18,0
Arabis,Spialia_sertorius,0,-1.019719583181422e-18,0
Arabis,Erynnis_tages,0,-2.5922134019478495e-17,0
Arabis,Pyrgus_carthami,0,-1.2470881410683645e-16,0
Arabis,Pyrgus_malvae,0,-9.164210246992886e-18,0
Arabis,Pyrgus_andromedae,0,-7.553985572348435e-17,0
Arabis,Pyrgus_cacaliae,0,-9.454548319436655e-17,0
Arabis,Pyrgus_serratulae,0,2.1394387848817899e-16,0
Arabis,Pyrgus_armoricanus,0,-1.0312234145069594e-16,0
Arabis,Pyrgus_cirsii,0,1.5169335069145546e-16,0
Arabis,Pyrgus_carlinae,0,-3.7845322947749055e-17,0
Arabis,Pyrgus_alveus,0,1.8983550340078812e-17,0
Arabis,Heteropterus_morpheus,0,-1.653164185719803e-16,0
Arabis,Carterocephalus_palaemon,0,-5.1425098080038435e-17,0
Arabis,Thymelicus_acteon,0,-7.74638650934251e-17,0
Arabis,Thymelicus_sylvestris,0,2.930770130000285e-16,0
Arabis,Thymelicus_lineola,0,1.4879394031455368e-16,0
Arabis,Ochlodes_sylvanus,0,-1.804036252512078e-16,0
Arabis,Hesperia_comma,0,9.082948915947379e-17,0
Arabis,Gonepteryx_rhamni,0,-1.2066172175570188e-16,0
Arabis,Colias_alfacariensis,0,-2.380802183046726e-17,0
Arabis,Colias_phicomone,0,-3.450374242462158e-17,0
Arabis,Colias_palaeno,0,7.061140456627817e-17,0
Arabis,Anthocharis_cardamines,0,0.22966074550153728,1
Arabis,Aporia_crataegi,0,1.5972716232752488e-17,0
Arabis,Pontia_callidice,0,0.4186429820061511,1
Arabis,Pieris_brassicae,0,9.774947753731595e-18,0
Arabis,Pieris_mannii,0,-1.707745488124724e-17,0
Arabis,Pieris_bryoniae,1,0.6483037275076888,1
Arabis,Hamearis_lucina,0,-2.5290142375368676e-16,0
Arabis,Lycaena_phlaeas,0,9.268770464927577e-17,0
Arabis,Lycaena_virgaureae,0,2.1099321194833795e-16,0
Arabis,Lycaena_helle,0,8.283214181735327e-17,0
Arabis,Lycaena_alciphron,0,3.735216316987093e-16,0
Arabis,Lycaena_dispar,0,6.429320285059333e-16,0
Arabis,Lycaena_hippothoe,0,1.9818688148817172e-16,0
Arabis,Thecla_betulae,0,-1.1007039480455627e-16,0
Arabis,Favonius_quercus,0,8.992386018416576e-17,0
Arabis,Satyrium_acaciae,0,1.1061652955888122e-16,0
Arabis,Satyrium_spini,0,-1.0304377389656576e-16,0
Arabis,Satyrium_ilicis,0,-2.1440794442399047e-16,0
Arabis,Lampides_boeticus,0,-7.832700302780148e-17,0
Arabis,Celastrina_argiolus,0,-1.303661982159337e-16,0
Arabis,Phengaris_arion,0,1.3046372554179825e-16,0
Arabis,Phengaris_teleius,0,-1.8341697633571314e-17,0
Arabis,Phengaris_nausithous,0,1.5180366826697683e-17,0
Arabis,Scolitantides_orion,0,8.671869995630134e-17,0
Arabis,Iolana_iolas,0,-6.715298154104521e-17,0
Arabis,Glaucopsyche_alexis,0,-6.666928928059276e-17,0
Arabis,Pseudophilotes_baton,0,1.0056619338080698e-16,0
Arabis,Leptotes_pirithous,0,3.7551157154605495e-17,0
Arabis,Cupido_argiades,0,1.9248673357311726e-16,0
Arabis,Cupido_alcetas,0,6.410120137836441e-18,0
Arabis,Cupido_osiris,0,2.630445385424413e-16,0
Arabis,Cupido_minimus,0,1.230197332855768e-16,0
Arabis,Plebejus_argus,0,9.929049788741763e-17,0
Arabis,Plebejus_idas,0,-1.072298218632782e-16,0
Arabis,Plebejus_argyrognomon,0,1.2739184075943053e-16,0
Arabis,Cyaniris_semiargus,0,-2.758748100780214e-16,0
Arabis,Aricia_nicias,0,3.578040509420033e-17,0
Arabis,Aricia_artaxerxes,0,9.472554205560829e-17,0
Arabis,Aricia_agestis,0,7.381148225337619e-17,0
Arabis,Polyommatus_escheri,0,-7.942544897078802e-18,0
Arabis,Polyommatus_thersites,0,-2.5475431996841313e-18,0
Arabis,Polyommatus_amandus,0,-6.676682479211294e-17,0
Arabis,Polyommatus_icarus,0,6.351847108827251e-17,0
Arabis,Polyommatus_eros,0,-4.110723332127575e-17,0
Arabis,Polyommatus_dorylas,0,1.775727361058907e-16,0
Arabis,Polyommatus_damon,0,-2.5475431996841313e-18,0
Arabis,Neptis_rivularis,0,1.5133089005154386e-17,0
Arabis,Limenitis_populi,0,1.299924122670486e-29,0
Arabis,Limenitis_reducta,0,1.0974680852700159e-29,0
Arabis,Limenitis_camilla,0,-8.697755571369179e-30,0
Arabis,Issoria_lathonia,0,-3.5959150521998205e-17,0
Arabis,Brenthis_ino,0,1.0218618415098318e-17,0
Arabis,Argynnis_paphia,0,-3.5959150521998205e-17,0
Arabis,Fabriciana_adippe,0,-3.5959150521998205e-17,0
Arabis,Boloria_pales,0,1.39006703065572e-17,0
Arabis,Boloria_napaea,0,-3.5959150521998205e-17,0
Arabis,Boloria_aquilonaris,0,1.0687614150158167e-16,0
Arabis,Boloria_selene,0,-3.5959150521998205e-17,0
Arabis,Boloria_dia,0,-3.5959150521998205e-17,0
Arabis,Boloria_euphrosyne,0,-3.5959150521998205e-17,0
Arabis,Boloria_titania,0,-3.5959150521998205e-17,0
Arabis,Apatura_iris,0,-1.6256367056018856e-30,0
Arabis,Apatura_ilia,0,-5.808818978059462e-30,0
Arabis,Araschnia_levana,0,2.5457576155039917e-17,0
Arabis,Vanessa_cardui,0,-3.628503288131379e-16,0
Arabis,Vanessa_atalanta,0,2.5457576155039917e-17,0
Arabis,Aglais_io,0,1.0726384445625544e-16,0
Arabis,Aglais_urticae,0,2.5457576155039917e-17,0
Arabis,Nymphalis_polychloros,0,4.32953890407953e-30,0
Arabis,Nymphalis_antiopa,0,-1.6256367056018856e-30,0
Arabis,Euphydryas_cynthia,0,1.39006703065572e-17,0
Arabis,Euphydryas_intermedia,0,-2.268547994727142e-30,0
Arabis,Melitaea_didyma,0,-7.231581862311011e-17,0
Arabis,Melitaea_phoebe,0,2.7607103630460565e-17,0
Arabis,Melitaea_cinxia,0,2.0895600100368906e-16,0
Arabis,Melitaea_diamina,0,0,0
Arabis,Melitaea_aurelia,0,6.286740662328759e-17,0
Arabis,Melitaea_varia,0,6.286740662328759e-17,0
Arabis,Melitaea_parthenoides,0,1.6120622492129594e-16,0
Arabis,Melitaea_deione,0,-6.424823089270288e-17,0
Arabis,Melitaea_athalia,0,-7.964808022246162e-17,0
Arabis,Melitaea_britomartis,0,2.0895600100368906e-16,0
Arabis,Libythea_celtis,0,2.366798131003358e-30,0
Arabis,Lasiommata_maera,0,9.711753101215698e-17,0
Arabis,Lasiommata_petropolitana,0,-2.2870037513966635e-18,0
Arabis,Lasiommata_megera,0,5.810060962312104e-17,0
Arabis,Lopinga_achine,0,8.381727250629712e-17,0
Arabis,Coenonympha_glycerion,0,6.053853764232515e-17,0
Arabis,Coenonympha_pamphilus,0,7.352936793448212e-17,0
Arabis,Coenonympha_tullia,0,8.615870804418329e-17,0
Arabis,Melanargia_galathea,0,-6.707210187648249e-17,0
Arabis,Hipparchia_statilinus,0,-9.599546399640293e-17,0
Arabis,Hipparchia_fagi,0,5.810060962312104e-17,0
Arabis,Hipparchia_semele,0,-2.2870037513966635e-18,0
Arabis,Oeneis_glacialis,0,-2.2870037513966635e-18,0
Arabis,Brintesia_circe,0,5.810060962312104e-17,0
Arabis,Satyrus_ferula,0,-2.2870037513966635e-18,0
Arabis,Hyponephele_lycaon,0,-1.3147930333311316e-16,0
Arabis,Aphantopus_hyperantus,0,5.810060962312104e-17,0
Arabis,Maniola_jurtina,0,5.810060962312104e-17,0
Arabis,Erebia_nivalis,0,-2.2870037513966635e-18,0
Arabis,Erebia_tyndarus,0,-9.372721322331325e-17,0
Arabis,Erebia_christi,0,-2.2870037513966635e-18,0
Arabis,Erebia_pharte,0,-1.3508195545394243e-16,0
Arabis,Erebia_epiphron,0,-2.2870037513966635e-18,0
Arabis,Erebia_meolans,0,-2.2870037513966635e-18,0
Arabis,Erebia_triarius,0,-1.3147930333311316e-16,0
Arabis,Erebia_medusa,0,2.887295935281343e-17,0
Arabis,Erebia_aethiops,0,-1.4939998690642253e-17,0
Arabis,Erebia_pandrose,0,-1.9976267780585202e-16,0
Arabis,Erebia_flavofasciata,0,-2.2870037513966635e-18,0
Arabis,Erebia_gorge,0,-5.059936166256517e-17,0
Arabis,Erebia_pluto,0,-5.059936166256517e-17,0
Arabis,Erebia_sudetica,0,4.004805530101559e-17,0
Arabis,Erebia_melampus,0,4.8989714115083925e-17,0
Arabis,Erebia_manto,0,7.096647207610344e-17,0
Arabis,Erebia_eriphyle,0,2.3484988863209175e-16,0
Arabis,Erebia_euryale,0,-7.260404103331684e-17,0
Arabis,Erebia_ligea,0,-4.60897987626078e-17,0
Arabis,Erebia_oeme,0,6.787362935238262e-17,0
Arabis,Erebia_mnestra,0,-9.206985639378225e-17,0
Arabis,Erebia_styx,0,-9.882433476290918e-17,0
Hesperis,Parnassius_mnemosyne,0,0,0
Hesperis,Parnassius_apollo,0,0,0
Hesperis,Parnassius_phoebus,0,0,0
Hesperis,Iphiclides_podalirius,0,-1.4053991776228295e-63,0
Hesperis,Papilio_machaon,0,3.4471260840362997e-35,0
Hesperis,Carcharodus_alceae,0,8.379166268026347e-34,0
Hesperis,Spialia_sertorius,0,-3.3408932675060155e-34,0
Hesperis,Erynnis_tages,0,-8.492833160255777e-33,0
Hesperis,Pyrgus_carthami,0,-4.085817763328859e-32,0
Hesperis,Pyrgus_malvae,0,-3.0024576104814455e-33,0
Hesperis,Pyrgus_andromedae,0,-2.474901925246779e-32,0
Hesperis,Pyrgus_cacaliae,0,-3.0975806905199775e-32,0
Hesperis,Pyrgus_serratulae,0,7.009413926161415e-32,0
Hesperis,Pyrgus_armoricanus,0,-3.378583121841674e-32,0
Hesperis,Pyrgus_cirsii,0,4.969908429147342e-32,0
Hesperis,Pyrgus_carlinae,0,-1.239921122179785e-32,0
Hesperis,Pyrgus_alveus,0,6.219554548436882e-33,0
Hesperis,Heteropterus_morpheus,0,-2.765494997397463e-26,0
Hesperis,Carterocephalus_palaemon,0,-5.306422914084099e-27,0
Hesperis,Thymelicus_acteon,0,-4.1510011865282435e-26,0
Hesperis,Thymelicus_sylvestris,0,6.497549719638441e-26,0
Hesperis,Thymelicus_lineola,0,-2.3300465880786925e-26,0
Hesperis,Ochlodes_sylvanus,0,-7.24303209436948e-26,0
Hesperis,Hesperia_comma,0,-5.212072636085514e-26,0
Hesperis,Gonepteryx_rhamni,0,-3.953223426925853e-32,0
Hesperis,Colias_alfacariensis,0,-7.80018949361483e-33,0
Hesperis,Colias_phicomone,0,-1.1304413749376601e-32,0
Hesperis,Colias_palaeno,0,2.3134317544424527e-32,0
Hesperis,Anthocharis_cardamines,0,7.524343484444225e-17,0
Hesperis,Aporia_crataegi,0,5.233119098479746e-33,0
Hesperis,Pontia_callidice,0,1.3715942561656444e-16,0
Hesperis,Pieris_brassicae,0,3.202552698114353e-33,0
Hesperis,Pieris_mannii,0,-5.595063101648007e-33,0
Hesperis,Pieris_bryoniae,0,2.1240286046100683e-16,0
Hesperis,Hamearis_lucina,0,-8.285774635485496e-32,0
Hesperis,Lycaena_phlaeas,0,3.0367145593256686e-32,0
Hesperis,Lycaena_virgaureae,0,6.912741659209628e-32,0
Hesperis,Lycaena_helle,0,2.713818091456499e-32,0
Hesperis,Lycaena_alciphron,0,1.2237637966128915e-31,0
Hesperis,Lycaena_dispar,0,2.106429383052146e-31,0
Hesperis,Lycaena_hippothoe,0,6.493169610967802e-32,0
Hesperis,Thecla_betulae,0,-3.6062212379940436e-32,0
Hesperis,Favonius_quercus,0,2.9461630898708614e-32,0
Hesperis,Satyrium_acaciae,0,3.6241141751288034e-32,0
Hesperis,Satyrium_spini,0,-3.376009021052526e-32,0
Hesperis,Satyrium_ilicis,0,-7.024618056121742e-32,0
Hesperis,Lampides_boeticus,0,-2.566216846231093e-32,0
Hesperis,Celastrina_argiolus,0,-4.2711698590032765e-32,0
Hesperis,Phengaris_arion,0,4.274365134072474e-32,0
Hesperis,Phengaris_teleius,0,-6.0092652170903115e-33,0
Hesperis,Phengaris_nausithous,0,4.973522753745392e-33,0
Hesperis,Scolitantides_orion,0,2.8411528647210747e-32,0
Hesperis,Iolana_iolas,0,-2.2001239145436744e-32,0
Hesperis,Glaucopsyche_alexis,0,-2.184276768723401e-32,0
Hesperis,Pseudophilotes_baton,0,3.2948363912506864e-32,0
Hesperis,Leptotes_pirithous,0,1.2302834081188837e-32,0
Hesperis,Cupido_argiades,0,6.30641643074319e-32,0
Hesperis,Cupido_alcetas,0,2.1001388735785938e-33,0
Hesperis,Cupido_osiris,0,8.618092123466648e-32,0
Hesperis,Cupido_minimus,0,4.0304786288401945e-32,0
Hesperis,Plebejus_argus,0,3.2530409563436673e-32,0
Hesperis,Plebejus_idas,0,-3.5131559370053594e-32,0
Hesperis,Plebejus_argyrognomon,0,4.1737213988152095e-32,0
Hesperis,Cyaniris_semiargus,0,-9.038448540816789e-32,0
Hesperis,Aricia_nicias,0,1.1722685021665354e-32,0
Hesperis,Aricia_artaxerxes,0,3.103479935486665e-32,0
Hesperis,Aricia_agestis,0,2.418275461903567e-32,0
Hesperis,Polyommatus_escheri,0,-2.6022051579909436e-33,0
Hesperis,Polyommatus_thersites,0,-8.346480212167082e-34,0
Hesperis,Polyommatus_amandus,0,-2.1874723185710393e-32,0
Hesperis,Polyommatus_icarus,0,2.0810469438212566e-32,0
Hesperis,Polyommatus_eros,0,-1.3467906420610835e-32,0
Hesperis,Polyommatus_dorylas,0,5.817791179453028e-32,0
Hesperis,Polyommatus_damon,0,-8.346480212167082e-34,0
Hesperis,Neptis_rivularis,0,4.9580331737724406e-33,0
Hesperis,Limenitis_populi,0,4.2589235619380483e-45,0
Hesperis,Limenitis_reducta,0,3.5956196252666294e-45,0
Hesperis,Limenitis_camilla,0,-2.849633720373083e-45,0
Hesperis,Issoria_lathonia,0,-2.2669546481838266e-32,0
Hesperis,Brenthis_ino,0,3.347911930266109e-33,0
Hesperis,Argynnis_paphia,0,-2.2669546481838266e-32,0
Hesperis,Fabriciana_adippe,0,-2.2669546481838266e-32,0
Hesperis,Boloria_pales,0,-1.1998864741178106e-32,0
Hesperis,Boloria_napaea,0,-2.2669546481838266e-32,0
Hesperis,Boloria_aquilonaris,0,3.501568354827207e-32,0
Hesperis,Boloria_selene,0,-2.2669546481838266e-32,0
Hesperis,Boloria_dia,0,-2.2669546481838266e-32,0
Hesperis,Boloria_euphrosyne,0,-2.2669546481838266e-32,0
Hesperis,Boloria_titania,0,-2.2669546481838266e-32,0
Hesperis,Apatura_iris,0,-5.3260512270639855e-46,0
Hesperis,Apatura_ilia,0,-1.9031353893077523e-45,0
Hesperis,Araschnia_levana,0,6.783497646378292e-33,0
Hesperis,Vanessa_cardui,0,-1.2209958058789315e-31,0
Hesperis,Vanessa_atalanta,0,6.783497646378292e-33,0
Hesperis,Aglais_io,0,3.3288719601401654e-32,0
Hesperis,Aglais_urticae,0,6.783497646378292e-33,0
Hesperis,Nymphalis_polychloros,0,1.4184808889484573e-45,0
Hesperis,Nymphalis_antiopa,0,-5.3260512270639855e-46,0
Hesperis,Euphydryas_cynthia,0,-1.1998864741178106e-32,0
Hesperis,Euphydryas_intermedia,0,-7.432412659811698e-46,0
Hesperis,Melitaea_didyma,0,-3.5170782679705004e-32,0
Hesperis,Melitaea_phoebe,0,7.769300260672766e-33,0
Hesperis,Melitaea_cinxia,0,6.099263412229491e-32,0
Hesperis,Melitaea_diamina,0,0,0
Hesperis,Melitaea_aurelia,0,1.4932339219778087e-32,0
Hesperis,Melitaea_varia,0,1.4932339219778087e-32,0
Hesperis,Melitaea_parthenoides,0,4.624802087449218e-32,0
Hesperis,Melitaea_deione,0,-2.2034708252968433e-32,0
Hesperis,Melitaea_athalia,0,-3.6439670019418045e-32,0
Hesperis,Melitaea_britomartis,0,6.099263412229491e-32,0
Hesperis,Libythea_celtis,0,7.754308232832363e-46,0
Hesperis,Lasiommata_maera,0,-3.206214437287729e-26,0
Hesperis,Lasiommata_petropolitana,0,-1.7750863512124837e-26,0
Hesperis,Lasiommata_megera,0,4.0993473653339347e-26,0
Hesperis,Lopinga_achine,0,-1.7762294167033544e-26,0
Hesperis,Coenonympha_glycerion,0,-1.0034271183000384e-26,0
Hesperis,Coenonympha_pamphilus,0,3.13045789152131e-26,0
Hesperis,Coenonympha_tullia,0,-2.1027703060307805e-26,0
Hesperis,Melanargia_galathea,0,2.5026850507502723e-26,0
Hesperis,Hipparchia_statilinus,0,2.665200868707806e-26,0
Hesperis,Hipparchia_fagi,0,4.0993473653339347e-26,0
Hesperis,Hipparchia_semele,0,-1.7750863512124837e-26,0
Hesperis,Oeneis_glacialis,0,-1.7750863512124837e-26,0
Hesperis,Brintesia_circe,0,4.0993473653339347e-26,0
Hesperis,Satyrus_ferula,0,-1.7750863512124837e-26,0
Hesperis,Hyponephele_lycaon,0,-3.2092320319196835e-26,0
Hesperis,Aphantopus_hyperantus,0,4.0993473653339347e-26,0
Hesperis,Maniola_jurtina,0,4.0993473653339347e-26,0
Hesperis,Erebia_nivalis,0,-1.7750863512124837e-26,0
Hesperis,Erebia_tyndarus,0,-1.6768113076775865e-26,0
Hesperis,Erebia_christi,0,-1.7750863512124837e-26,0
Hesperis,Erebia_pharte,0,-3.445431967084628e-26,0
Hesperis,Erebia_epiphron,0,-1.7750863512124837e-26,0
Hesperis,Erebia_meolans,0,-1.7750863512124837e-26,0
Hesperis,Erebia_triarius,0,-3.2092320319196835e-26,0
Hesperis,Erebia_medusa,0,2.324260131468748e-26,0
Hesperis,Erebia_aethiops,0,-1.2972593080333394e-26,0
Hesperis,Erebia_pandrose,0,4.844370403735823e-26,0
Hesperis,Erebia_flavofasciata,0,-1.7750863512124837e-26,0
Hesperis,Erebia_gorge,0,4.93343266801308e-26,0
Hesperis,Erebia_pluto,0,4.93343266801308e-26,0
Hesperis,Erebia_sudetica,0,-1.7277204932717145e-26,0
Hesperis,Erebia_melampus,0,-1.587749254602486e-26,0
Hesperis,Erebia_manto,0,-1.5339170918815438e-26,0
Hesperis,Erebia_eriphyle,0,-1.853456617536405e-26,0
Hesperis,Erebia_euryale,0,2.639940830090073e-26,0
Hesperis,Erebia_ligea,0,7.492160789565693e-26,0
Hesperis,Erebia_oeme,0,-5.234970763167399e-26,0
Hesperis,Erebia_mnestra,0,4.793460363606061e-26,0
Hesperis,Erebia_styx,0,6.568546418593711e-26,0
Primula,Parnassius_mnemosyne,0,0,0
Primula,Parnassius_apollo,0,0,0
Primula,Parnassius_phoebus,0,0,0
Primula,Iphiclides_podalirius,0,2.6782889964335284e-51,0
Primula,Papilio_machaon,0,5.94938334969404e-34,0
Primula,Carcharodus_alceae,0,-5.3802509858753655e-34,0
Primula,Spialia_sertorius,0,-7.081163560764648e-34,0
Primula,Erynnis_tages,0,5.055346862083683e-27,0
Primula,Pyrgus_carthami,0,-7.376684892557913e-28,0
Primula,Pyrgus_malvae,0,-7.376610481023976e-28,0
Primula,Pyrgus_andromedae,0,-7.376626049989457e-28,0
Primula,Pyrgus_cacaliae,0,-7.376668939254592e-28,0
Primula,Pyrgus_serratulae,0,-8.732735664772766e-28,0
Primula,Pyrgus_armoricanus,0,-7.044869467775197e-29,0
Primula,Pyrgus_cirsii,0,-7.376955302760703e-28,0
Primula,Pyrgus_carlinae,0,-5.949644278142434e-29,0
Primula,Pyrgus_alveus,0,-5.94918472994652e-29,0
Primula,Heteropterus_morpheus,0,-1.1280791498030299e-17,0
Primula,Carterocephalus_palaemon,0,6.4022662566230074e-18,0
Primula,Thymelicus_acteon,0,9.013955571537359e-18,0
Primula,Thymelicus_sylvestris,0,2.892785019270957e-17,0
Primula,Thymelicus_lineola,0,1.357715551264569e-17,0
Primula,Ochlodes_sylvanus,0,-4.678463819651148e-17,0
Primula,Hesperia_comma,0,-1.819160390504254e-17,0
Primula,Gonepteryx_rhamni,0,2.993370441702537e-32,0
Primula,Colias_alfacariensis,0,4.248147962067047e-27,0
Primula,Colias_phicomone,0,2.102817251752323e-27,0
Primula,Colias_palaeno,0,-1.1993881871457946e-32,0
Primula,Anthocharis_cardamines,0,-1.881085871111055e-17,0
Primula,Aporia_crataegi,0,-2.6833904205215685e-33,0
Primula,Pontia_callidice,0,-3.42898564041411e-17,0
Primula,Pieris_brassicae,0,4.83409807169944e-33,0
Primula,Pieris_mannii,0,9.289144971620334e-28,0
Primula,Pieris_bryoniae,0,-5.3100715115251706e-17,0
Primula,Hamearis_lucina,1,5.818525237694157e-32,0
Primula,Lycaena_phlaeas,0,3.137687378865372e-32,0
Primula,Lycaena_virgaureae,0,1.7911688418807948e-32,0
Primula,Lycaena_helle,0,-2.4159287906420101e-32,0
Primula,Lycaena_alciphron,0,-1.0049794902403161e-32,0
Primula,Lycaena_dispar,0,-7.230494612010372e-33,0
Primula,Lycaena_hippothoe,0,2.3475017470858967e-32,0
Primula,Thecla_betulae,0,2.4498968512634833e-32,0
Primula,Favonius_quercus,0,-6.788559789386427e-33,0
Primula,Satyrium_acaciae,0,-2.9710855792060313e-32,0
Primula,Satyrium_spini,0,-1.1102670170091732e-32,0
Primula,Satyrium_ilicis,0,3.428041688551543e-32,0
Primula,Lampides_boeticus,0,-8.322748226242745e-31,0
Primula,Celastrina_argiolus,0,1.7538318717761173e-32,0
Primula,Phengaris_arion,0,-1.0679909747273102e-32,0
Primula,Phengaris_teleius,0,2.520201718614574e-33,0
Primula,Phengaris_nausithous,0,-4.53383128677019e-34,0
Primula,Scolitantides_orion,0,-7.103048934278036e-33,0
Primula,Iolana_iolas,0,-8.320083934942425e-31,0
Primula,Glaucopsyche_alexis,0,-1.4892548890078997e-27,0
Primula,Pseudophilotes_baton,0,-8.238207519813772e-33,0
Primula,Leptotes_pirithous,0,-8.41840076493654e-28,0
Primula,Cupido_argiades,0,-3.359013679169463e-27,0
Primula,Cupido_alcetas,0,1.7096374935132197e-27,0
Primula,Cupido_osiris,0,-2.618500903699996e-29,0
Primula,Cupido_minimus,0,1.725027912213707e-27,0
Primula,Plebejus_argus,0,2.902652315212414e-27,0
Primula,Plebejus_idas,0,2.1129857795940662e-29,0
Primula,Plebejus_argyrognomon,0,2.0236443925077133e-27,0
Primula,Cyaniris_semiargus,0,-1.4593290030266029e-27,0
Primula,Aricia_nicias,0,1.5269178602592974e-28,0
Primula,Aricia_artaxerxes,0,8.308415759474773e-28,0
Primula,Aricia_agestis,0,8.02779690839827e-28,0
Primula,Polyommatus_escheri,0,1.4038102566276055e-27,0
Primula,Polyommatus_thersites,0,-2.532317469581712e-29,0
Primula,Polyommatus_amandus,0,-3.7176442596445786e-28,0
Primula,Polyommatus_icarus,0,-4.6013444426624504e-27,0
Primula,Polyommatus_eros,0,1.3785004981575841e-27,0
Primula,Polyommatus_dorylas,0,3.2119602505087113e-28,0
Primula,Polyommatus_damon,0,-2.532317469581712e-29,0
Primula,Neptis_rivularis,0,-3.126877207557412e-33,0
Primula,Limenitis_populi,0,-1.0647308861725677e-45,0
Primula,Limenitis_reducta,0,-8.989049056550242e-46,0
Primula,Limenitis_camilla,0,7.124084296668435e-46,0
Primula,Issoria_lathonia,0,2.579169101032307e-17,0
Primula,Brenthis_ino,0,-1.9838666370725634e-33,0
Primula,Argynnis_paphia,0,2.579169101032307e-17,0
Primula,Fabriciana_adippe,0,2.579169101032307e-17,0
Primula,Boloria_pales,0,1.191981224187018e-17,0
Primula,Boloria_napaea,0,2.579169101032307e-17,0
Primula,Boloria_aquilonaris,0,-1.0114401995931276e-32,0
Primula,Boloria_selene,0,2.579169101032307e-17,0
Primula,Boloria_dia,0,2.579169101032307e-17,0
Primula,Boloria_euphrosyne,0,2.579169101032307e-17,0
Primula,Boloria_titania,0,2.579169101032307e-17,0
Primula,Apatura_iris,0,1.3315127655821995e-46,0
Primula,Apatura_ilia,0,4.757838515592436e-46,0
Primula,Araschnia_levana,0,6.672523721969914e-17,0
Primula,Vanessa_cardui,0,1.3774733345580434e-16,0
Primula,Vanessa_atalanta,0,6.672523721969914e-17,0
Primula,Aglais_io,0,7.941363681987968e-17,0
Primula,Aglais_urticae,0,6.672523721969914e-17,0
Primula,Nymphalis_polychloros,0,-3.546202222771547e-46,0
Primula,Nymphalis_antiopa,0,1.3315127655821995e-46,0
Primula,Euphydryas_cynthia,0,1.191981224187018e-17,0
Primula,Euphydryas_intermedia,0,1.858103163839687e-46,0
Primula,Melitaea_didyma,0,-5.422812063051803e-17,0
Primula,Melitaea_phoebe,0,2.777335468767126e-17,0
Primula,Melitaea_cinxia,0,-2.7226363246110045e-17,0
Primula,Melitaea_diamina,0,0,0
Primula,Melitaea_aurelia,0,-1.3871878768452896e-17,0
Primula,Melitaea_varia,0,-1.3871878768452896e-17,0
Primula,Melitaea_parthenoides,0,-1.9449773702499577e-17,0
Primula,Melitaea_deione,0,-9.531371814789055e-18,0
Primula,Melitaea_athalia,0,-5.493775831652409e-17,0
Primula,Melitaea_britomartis,0,-2.7226363246110045e-17,0
Primula,Libythea_celtis,0,-1.938577019183405e-46,0
Primula,Lasiommata_maera,0,5.6240354477404016e-18,0
Primula,Lasiommata_petropolitana,0,3.3519885666350627e-18,0
Primula,Lasiommata_megera,0,1.2927656949822265e-17,0
Primula,Lopinga_achine,0,-3.301736668712079e-18,0
Primula,Coenonympha_glycerion,0,2.7651576131088245e-18,0
Primula,Coenonympha_pamphilus,0,1.6621889806465427e-17,0
Primula,Coenonympha_tullia,0,-2.773262366671106e-18,0
Primula,Melanargia_galathea,0,1.1160374293591847e-17,0
Primula,Hipparchia_statilinus,0,1.7331154330891962e-17,0
Primula,Hipparchia_fagi,0,1.2927656949822265e-17,0
Primula,Hipparchia_semele,0,3.3519885666350627e-18,0
Primula,Oeneis_glacialis,0,3.3519885666350627e-18,0
Primula,Brintesia_circe,0,1.2927656949822265e-17,0
Primula,Satyrus_ferula,0,3.3519885666350627e-18,0
Primula,Hyponephele_lycaon,0,7.755485947704744e-18,0
Primula,Aphantopus_hyperantus,0,1.2927656949822265e-17,0
Primula,Maniola_jurtina,0,1.2927656949822265e-17,0
Primula,Erebia_nivalis,0,3.3519885666350627e-18,0
Primula,Erebia_tyndarus,0,8.016283376897281e-18,0
Primula,Erebia_christi,0,3.3519885666350627e-18,0
Primula,Erebia_pharte,0,-2.5523002069403562e-18,0
Primula,Erebia_epiphron,0,3.3519885666350627e-18,0
Primula,Erebia_meolans,0,3.3519885666350627e-18,0
Primula,Erebia_triarius,0,7.755485947704744e-18,0
Primula,Erebia_medusa,0,1.6279645516457336e-17,0
Primula,Erebia_aethiops,0,-1.058552772068451e-17,0
Primula,Erebia_pandrose,0,-4.2078332971569675e-18,0
Primula,Erebia_flavofasciata,0,3.3519885666350627e-18,0
Primula,Erebia_gorge,0,-7.78033055065718e-18,0
Primula,Erebia_pluto,0,-7.78033055065718e-18,0
Primula,Erebia_sudetica,0,1.0915505473140324e-17,0
Primula,Erebia_melampus,0,4.4437861233970834e-18,0
Primula,Erebia_manto,0,-1.9132691205703506e-18,0
Primula,Erebia_eriphyle,0,3.0239962166912548e-18,0
Primula,Erebia_euryale,0,-3.084017789055004e-17,0
Primula,Erebia_ligea,0,-1.5637600928169714e-17,0
Primula,Erebia_oeme,0,-2.6457113852044182e-17,0
Primula,Erebia_mnestra,0,-1.3086112009139167e-18,0
Primula,Erebia_styx,0,-4.660599767548976e-18,0
Rumex,Parnassius_mnemosyne,0,0,0
Rumex,Parnassius_apollo,0,0,0
Rumex,Parnassius_phoebus,0,0,0
Rumex,Iphiclides_podalirius,0,1.5952288013485175e-52,0
Rumex,Papilio_machaon,0,2.5129954948958873e-33,0
Rumex,Carcharodus_alceae,0,-1.3065501800442192e-32,0
Rumex,Spialia_sertorius,0,-2.1763223481426806e-33,0
Rumex,Erynnis_tages,0,2.8303935313016176e-32,0
Rumex,Pyrgus_carthami,0,-3.961813263878549e-31,0
Rumex,Pyrgus_malvae,0,2.8152694554850887e-31,0
Rumex,Pyrgus_andromedae,0,7.247977769324921e-32,0
Rumex,Pyrgus_cacaliae,0,-3.46561049332086e-32,0
Rumex,Pyrgus_serratulae,0,5.500135512948486e-31,0
Rumex,Pyrgus_armoricanus,0,-4.196949861094155e-31,0
Rumex,Pyrgus_cirsii,0,3.3692252943706308e-31,0
Rumex,Pyrgus_carlinae,0,-3.138518063239285e-31,0
Rumex,Pyrgus_alveus,0,-7.470999462301825e-32,0
Rumex,Heteropterus_morpheus,0,-4.032564292995584e-16,0
Rumex,Carterocephalus_palaemon,0,7.01632314804369e-18,0
Rumex,Thymelicus_acteon,0,3.3990820308739965e-16,0
Rumex,Thymelicus_sylvestris,0,2.737036130664317e-16,0
Rumex,Thymelicus_lineola,0,-4.722367279599107e-16,0
Rumex,Ochlodes_sylvanus,0,-1.3494208222796883e-15,0
Rumex,Hesperia_comma,0,-7.903496717376626e-16,0
Rumex,Gonepteryx_rhamni,0,2.332133534843865e-31,0
Rumex,Colias_alfacariensis,0,5.543381280551309e-32,0
Rumex,Colias_phicomone,0,-9.031418304212403e-32,0
Rumex,Colias_palaeno,0,-3.2509968258302886e-31,0
Rumex,Anthocharis_cardamines,0,3.6210903018888057e-16,0
Rumex,Aporia_crataegi,0,5.554004783787549e-32,0
Rumex,Pontia_callidice,0,6.600797357797199e-16,0
Rumex,Pieris_brassicae,0,-3.8944040336880827e-32,0
Rumex,Pieris_mannii,0,2.7203176650954442e-31,0
Rumex,Pieris_bryoniae,0,1.0221887659686005e-15,0
Rumex,Hamearis_lucina,0,-2.8955173535457797e-31,0
Rumex,Lycaena_phlaeas,1,2.151528053190544e-30,0
Rumex,Lycaena_virgaureae,1,2.4383168881236128e-30,0
Rumex,Lycaena_helle,0,-3.4110070191811862e-31,0
Rumex,Lycaena_alciphron,1,2.192086170879296e-30,0
Rumex,Lycaena_dispar,1,4.200382497102279e-30,0
Rumex,Lycaena_hippothoe,1,2.4536185158155917e-30,0
Rumex,Thecla_betulae,0,-1.6125372006584748e-31,0
Rumex,Favonius_quercus,0,2.034323456067727e-31,0
Rumex,Satyrium_acaciae,0,-1.2172286463086841e-32,0
Rumex,Satyrium_spini,0,-1.1777016254607855e-31,0
Rumex,Satyrium_ilicis,0,-3.003244028995098e-31,0
Rumex,Lampides_boeticus,0,5.4607731048608884e-31,0
Rumex,Celastrina_argiolus,0,-7.816636115949557e-32,0
Rumex,Phengaris_arion,0,2.057762344688121e-31,0
Rumex,Phengaris_teleius,0,4.6191921802391083e-32,0
Rumex,Phengaris_nausithous,0,9.829607666603823e-32,0
Rumex,Scolitantides_orion,0,1.367304542375999e-31,0
Rumex,Iolana_iolas,0,4.818647886440938e-31,0
Rumex,Glaucopsyche_alexis,0,8.772514087076632e-31,0
Rumex,Pseudophilotes_baton,0,1.5855872432336706e-31,0
Rumex,Leptotes_pirithous,0,1.080520836644062e-31,0
Rumex,Cupido_argiades,0,-8.041910721836549e-32,0
Rumex,Cupido_alcetas,0,-2.048845563607286e-31,0
Rumex,Cupido_osiris,0,1.6380380454735143e-30,0
Rumex,Cupido_minimus,0,-6.876406689746439e-31,0
Rumex,Plebejus_argus,0,1.6261031936854823e-31,0
Rumex,Plebejus_idas,0,-1.2989286246762622e-31,0
Rumex,Plebejus_argyrognomon,0,4.75662159437217e-31,0
Rumex,Cyaniris_semiargus,0,-4.792499343667732e-31,0
Rumex,Aricia_nicias,0,-4.837900384025927e-32,0
Rumex,Aricia_artaxerxes,0,3.085065288808161e-32,0
Rumex,Aricia_agestis,0,-4.011535955111239e-31,0
Rumex,Polyommatus_escheri,0,-1.1214799728736514e-30,0
Rumex,Polyommatus_thersites,0,5.535617566165537e-31,0
Rumex,Polyommatus_amandus,0,-4.307815663913885e-31,0
Rumex,Polyommatus_icarus,0,-3.8292845417587944e-31,0
Rumex,Polyommatus_eros,0,-2.117325021744431e-31,0
Rumex,Polyommatus_dorylas,0,4.15847352636065e-32,0
Rumex,Polyommatus_damon,0,5.535617566165537e-31,0
Rumex,Neptis_rivularis,0,-7.649430713619047e-32,0
Rumex,Limenitis_populi,0,2.0496069744188794e-44,0
Rumex,Limenitis_reducta,0,1.7303919517529332e-44,0
Rumex,Limenitis_camilla,0,-1.371386234007423e-44,0
Rumex,Issoria_lathonia,0,-3.4767142649985057e-17,0
Rumex,Brenthis_ino,0,5.625708260050896e-32,0
Rumex,Argynnis_paphia,0,-3.4767142649985057e-17,0
Rumex,Fabriciana_adippe,0,-3.4767142649985057e-17,0
Rumex,Boloria_pales,0,-3.776140461385354e-17,0
Rumex,Boloria_napaea,0,-3.4767142649985057e-17,0
Rumex,Boloria_aquilonaris,0,6.736461989329927e-32,0
Rumex,Boloria_selene,0,-3.4767142649985057e-17,0
Rumex,Boloria_dia,0,-3.4767142649985057e-17,0
Rumex,Boloria_euphrosyne,0,-3.4767142649985057e-17,0
Rumex,Boloria_titania,0,-3.4767142649985057e-17,0
Rumex,Apatura_iris,0,-2.5631621771362704e-45,0
Rumex,Apatura_ilia,0,-9.158839087372063e-45,0
Rumex,Araschnia_levana,0,1.3642176891263014e-16,0
Rumex,Vanessa_cardui,0,2.8334326631374976e-16,0
Rumex,Vanessa_atalanta,0,1.3642176891263014e-16,0
Rumex,Aglais_io,0,1.6233092205749962e-16,0
Rumex,Aglais_urticae,0,1.3642176891263014e-16,0
Rumex,Nymphalis_polychloros,0,6.826439307521936e-45,0
Rumex,Nymphalis_antiopa,0,-2.5631621771362704e-45,0
Rumex,Euphydryas_cynthia,0,-3.776140461385354e-17,0
Rumex,Euphydryas_intermedia,0,-3.57684860838702e-45,0
Rumex,Melitaea_didyma,0,4.122713629224198e-17,0
Rumex,Melitaea_phoebe,0,7.25734813672666e-17,0
Rumex,Melitaea_cinxia,0,2.977757733766524e-18,0
Rumex,Melitaea_diamina,0,0,0
Rumex,Melitaea_aurelia,0,-2.9942619638684776e-18,0
Rumex,Melitaea_varia,0,-2.9942619638684776e-18,0
Rumex,Melitaea_parthenoides,0,1.6732172443083795e-18,0
Rumex,Melitaea_deione,0,6.772383403665313e-18,0
Rumex,Melitaea_athalia,0,1.8600544987904347e-17,0
Rumex,Melitaea_britomartis,0,2.977757733766524e-18,0
Rumex,Libythea_celtis,0,3.731760865544861e-45,0
Rumex,Lasiommata_maera,0,-1.960191236624008e-16,0
Rumex,Lasiommata_petropolitana,0,-1.8835367520422016e-16,0
Rumex,Lasiommata_megera,0,6.772468664057948e-16,0
Rumex,Lopinga_achine,0,-3.2974367559105905e-16,0
Rumex,Coenonympha_glycerion,0,-4.198450378520378e-16,0
Rumex,Coenonympha_pamphilus,0,4.3201402621199106e-16,0
Rumex,Coenonympha_tullia,0,6.010207114656938e-17,0
Rumex,Melanargia_galathea,0,3.8203357029924917e-16,0
Rumex,Hipparchia_statilinus,0,7.852346212890584e-16,0
Rumex,Hipparchia_fagi,0,6.772468664057948e-16,0
Rumex,Hipparchia_semele,0,-1.8835367520422016e-16,0
Rumex,Oeneis_glacialis,0,-1.8835367520422016e-16,0
Rumex,Brintesia_circe,0,6.772468664057948e-16,0
Rumex,Satyrus_ferula,0,-1.8835367520422016e-16,0
Rumex,Hyponephele_lycaon,0,-8.036592032095666e-17,0
Rumex,Aphantopus_hyperantus,0,6.772468664057948e-16,0
Rumex,Maniola_jurtina,0,6.772468664057948e-16,0
Rumex,Erebia_nivalis,0,-1.8835367520422016e-16,0
Rumex,Erebia_tyndarus,0,-3.1622935531766416e-16,0
Rumex,Erebia_christi,0,-1.8835367520422016e-16,0
Rumex,Erebia_pharte,0,-1.285970164165555e-16,0
Rumex,Erebia_epiphron,0,-1.8835367520422016e-16,0
Rumex,Erebia_meolans,0,-1.8835367520422016e-16,0
Rumex,Erebia_triarius,0,-8.036592032095666e-17,0
Rumex,Erebia_medusa,0,4.888931912015747e-16,0
Rumex,Erebia_aethiops,0,-2.3489130290731316e-16,0
Rumex,Erebia_pandrose,0,6.631073991486776e-16,0
Rumex,Erebia_flavofasciata,0,-1.8835367520422016e-16,0
Rumex,Erebia_gorge,0,6.598036935448396e-16,0
Rumex,Erebia_pluto,0,6.598036935448396e-16,0
Rumex,Erebia_sudetica,0,-3.1692681693843515e-16,0
Rumex,Erebia_melampus,0,-3.195330609215024e-16,0
Rumex,Erebia_manto,0,-7.212018855038851e-17,0
Rumex,Erebia_eriphyle,0,-1.0404432405183466e-16,0
Rumex,Erebia_euryale,0,2.0000582166182171e-16,0
Rumex,Erebia_ligea,0,1.0730694608277847e-15,0
Rumex,Erebia_oeme,0,-5.026473233213781e-16,0
Rumex,Erebia_mnestra,0,6.624099375279067e-16,0
Rumex,Erebia_styx,0,8.507636127321275e-16,0
Quercus,Parnassius_mnemosyne,0,0,0
Quercus,Parnassius_apollo,0,0,0
Quercus,Parnassius_phoebus,0,0,0
Quercus,Iphiclides_podalirius,0,-3.468816704799016e-56,0
Quercus,Papilio_machaon,0,3.2875484323305213e-35,0
Quercus,Carcharodus_alceae,0,-5.015143486719004e-34,0
Quercus,Spialia_sertorius,0,3.360692358979616e-34,0
Quercus,Erynnis_tages,0,4.133782892596271e-33,0
Quercus,Pyrgus_carthami,0,2.711876377091071e-32,0
Quercus,Pyrgus_malvae,0,2.2503788718194706e-32,0
Quercus,Pyrgus_andromedae,0,2.2562060878596783e-32,0
Quercus,Pyrgus_cacaliae,0,2.531972849772208e-32,0
Quercus,Pyrgus_serratulae,0,-3.3613236414228904e-32,0
Quercus,Pyrgus_armoricanus,0,9.46710584259929e-33,0
Quercus,Pyrgus_cirsii,0,-3.042132046153302e-32,0
Quercus,Pyrgus_carlinae,0,3.588587498966125e-33,0
Quercus,Pyrgus_alveus,0,1.0772774517248448e-32,0
Quercus,Heteropterus_morpheus,0,-8.0677373394813275e-19,0
Quercus,Carterocephalus_palaemon,0,-2.3454441007808055e-19,0
Quercus,Thymelicus_acteon,0,-1.765245402850244e-18,0
Quercus,Thymelicus_sylvestris,0,2.220779593574329e-18,0
Quercus,Thymelicus_lineola,0,-5.694584612204308e-19,0
Quercus,Ochlodes_sylvanus,0,-1.9565411589664298e-18,0
Quercus,Hesperia_comma,0,-1.4526931536508517e-18,0
Quercus,Gonepteryx_rhamni,0,2.742448757345152e-32,0
Quercus,Colias_alfacariensis,0,2.526733375491796e-32,0
Quercus,Colias_phicomone,0,2.0827692558958473e-32,0
Quercus,Colias_palaeno,0,-1.4832131203576244e-32,0
Quercus,Anthocharis_cardamines,0,-4.438186977152648e-17,0
Quercus,Aporia_crataegi,0,-3.053265630812239e-33,0
Quercus,Pontia_callidice,0,-8.090262995352043e-17,0
Quercus,Pieris_brassicae,0,9.05603418232843e-33,0
Quercus,Pieris_mannii,0,2.2939010317051923e-32,0
Quercus,Pieris_bryoniae,0,-1.2528449972504696e-16,0
Quercus,Hamearis_lucina,0,7.544047662121878e-32,0
Quercus,Lycaena_phlaeas,0,7.992005377319203e-33,0
Quercus,Lycaena_virgaureae,0,-1.9816654970823513e-32,0
Quercus,Lycaena_helle,0,-1.9200400463364829e-32,0
Quercus,Lycaena_alciphron,0,-4.7402474490433414e-32,0
Quercus,Lycaena_dispar,0,-9.304084149424406e-32,0
Quercus,Lycaena_hippothoe,0,6.674114330846066e-34,0
Quercus,Thecla_betulae,0,5.21219712114587e-32,0
Quercus,Favonius_quercus,1,-1.7223905821165393e-32,0
Quercus,Satyrium_acaciae,0,-5.244334444526258e-32,0
Quercus,Satyrium_spini,0,-1.9348463424591446e-32,0
Quercus,Satyrium_ilicis,1,7.101728572320506e-32,0
Quercus,Lampides_boeticus,0,3.263370557880355e-32,0
Quercus,Celastrina_argiolus,0,2.949369619482807e-32,0
Quercus,Phengaris_arion,0,-2.520229927611394e-32,0
Quercus,Phengaris_teleius,0,4.009593630354117e-33,0
Quercus,Phengaris_nausithous,0,-3.016055822497738e-33,0
Quercus,Scolitantides_orion,0,-1.6758662656302663e-32,0
Quercus,Iolana_iolas,0,3.385655748069836e-32,0
Quercus,Glaucopsyche_alexis,0,4.6678127512544825e-32,0
Quercus,Pseudophilotes_baton,0,-1.9436322704117957e-32,0
Quercus,Leptotes_pirithous,0,-9.694754208460903e-33,0
Quercus,Cupido_argiades,0,-4.461531224210951e-32,0
Quercus,Cupido_alcetas,0,7.717954115120207e-33,0
Quercus,Cupido_osiris,0,1.695773217585359e-33,0
Quercus,Cupido_minimus,0,-6.954548780318198e-32,0
Quercus,Plebejus_argus,0,-3.9937564811175064e-32,0
Quercus,Plebejus_idas,0,2.0581522752311924e-32,0
Quercus,Plebejus_argyrognomon,0,-6.902513458032758e-33,0
Quercus,Cyaniris_semiargus,0,4.915903958912289e-32,0
Quercus,Aricia_nicias,0,-4.305266588947888e-33,0
Quercus,Aricia_artaxerxes,0,-4.295843581541298e-32,0
Quercus,Aricia_agestis,0,-3.783366660526346e-32,0
Quercus,Polyommatus_escheri,0,-3.1948734534687807e-32,0
Quercus,Polyommatus_thersites,0,3.69494326767025e-32,0
Quercus,Polyommatus_amandus,0,1.1471699305962471e-32,0
Quercus,Polyommatus_icarus,0,-3.3077206983652417e-32,0
Quercus,Polyommatus_eros,0,1.116378425944736e-32,0
Quercus,Polyommatus_dorylas,0,-4.780486015499985e-32,0
Quercus,Polyommatus_damon,0,3.69494326767025e-32,0
Quercus,Neptis_rivularis,0,-3.470906855648793e-33,0
Quercus,Limenitis_populi,0,-2.5120994384374608e-45,0
Quercus,Limenitis_reducta,0,-2.120853763167866e-45,0
Quercus,Limenitis_camilla,0,1.6808386398562126e-45,0
Quercus,Issoria_lathonia,0,1.966739625370144e-18,0
Quercus,Brenthis_ino,0,-1.8686764440791786e-33,0
Quercus,Argynnis_paphia,0,1.966739625370144e-18,0
Quercus,Fabriciana_adippe,0,1.966739625370144e-18,0
Quercus,Boloria_pales,0,-1.7079803877785828e-18,0
Quercus,Boloria_napaea,0,1.966739625370144e-18,0
Quercus,Boloria_aquilonaris,0,-1.980227990938135e-32,0
Quercus,Boloria_selene,0,1.966739625370144e-18,0
Quercus,Boloria_dia,0,1.966739625370144e-18,0
Quercus,Boloria_euphrosyne,0,1.966739625370144e-18,0
Quercus,Boloria_titania,0,1.966739625370144e-18,0
Quercus,Apatura_iris,0,3.1415379577133457e-46,0
Quercus,Apatura_ilia,0,1.1225525227920956e-45,0
Quercus,Araschnia_levana,0,1.1849387743590815e-16,0
Quercus,Vanessa_cardui,0,2.456672420171014e-16,0
Quercus,Vanessa_atalanta,0,1.1849387743590815e-16,0
Quercus,Aglais_io,0,1.4100734049972818e-16,0
Quercus,Aglais_urticae,0,1.1849387743590815e-16,0
Quercus,Nymphalis_polychloros,0,-8.366820873361257e-46,0
Quercus,Nymphalis_antiopa,0,3.1415379577133457e-46,0
Quercus,Euphydryas_cynthia,0,-1.7079803877785828e-18,0
Quercus,Euphydryas_intermedia,0,4.3839621550826014e-46,0
Quercus,Melitaea_didyma,0,8.065144611512383e-18,0
Quercus,Melitaea_phoebe,0,5.951624835367589e-17,0
Quercus,Melitaea_cinxia,0,-5.1770965032533126e-18,0
Quercus,Melitaea_diamina,0,0,0
Quercus,Melitaea_aurelia,0,-3.674720013148731e-18,0
Quercus,Melitaea_varia,0,-3.674720013148731e-18,0
Quercus,Melitaea_parthenoides,0,-2.8405572881546307e-18,0
Quercus,Melitaea_deione,0,1.7944198863328693e-19,0
Quercus,Melitaea_athalia,0,-7.120659142921543e-18,0
Quercus,Melitaea_britomartis,0,-5.1770965032533126e-18,0
Quercus,Libythea_celtis,0,-4.573830180480077e-46,0
Quercus,Lasiommata_maera,0,-1.107178363652949e-18,0
Quercus,Lasiommata_petropolitana,0,-5.669995849927106e-19,0
Quercus,Lasiommata_megera,0,1.1760978832263676e-18,0
Quercus,Lopinga_achine,0,-5.014968364756788e-19,0
Quercus,Coenonympha_glycerion,0,-2.322359336622661e-19,0
Quercus,Coenonympha_pamphilus,0,1.020631305939842e-18,0
Quercus,Coenonympha_tullia,0,-8.318240591904221e-19,0
Quercus,Melanargia_galathea,0,7.257247762205092e-19,0
Quercus,Hipparchia_statilinus,0,5.74970852231009e-19,0
Quercus,Hipparchia_fagi,0,1.1760978832263676e-18,0
Quercus,Hipparchia_semele,0,-5.669995849927106e-19,0
Quercus,Oeneis_glacialis,0,-5.669995849927106e-19,0
Quercus,Brintesia_circe,0,1.1760978832263676e-18,0
Quercus,Satyrus_ferula,0,-5.669995849927106e-19,0
Quercus,Hyponephele_lycaon,0,-1.1681266159880718e-18,0
Quercus,Aphantopus_hyperantus,0,1.1760978832263676e-18,0
Quercus,Maniola_jurtina,0,1.1760978832263676e-18,0
Quercus,Erebia_nivalis,0,-5.669995849927106e-19,0
Quercus,Erebia_tyndarus,0,-4.1523169802577525e-19,0
Quercus,Erebia_christi,0,-5.669995849927106e-19,0
Quercus,Erebia_pharte,0,-1.2165229167816762e-18,0
Quercus,Erebia_epiphron,0,-5.669995849927106e-19,0
Quercus,Erebia_meolans,0,-5.669995849927106e-19,0
Quercus,Erebia_triarius,0,-1.1681266159880718e-18,0
Quercus,Erebia_medusa,0,6.090982982336643e-19,0
Quercus,Erebia_aethiops,0,-3.539879224408609e-19,0
Quercus,Erebia_pandrose,0,1.4238418340042029e-18,0
Quercus,Erebia_flavofasciata,0,-5.669995849927106e-19,0
Quercus,Erebia_gorge,0,1.4636500532226616e-18,0
Quercus,Erebia_pluto,0,1.4636500532226616e-18,0
Quercus,Erebia_sudetica,0,-4.5271733934363875e-19,0
Quercus,Erebia_melampus,0,-3.754234788072938e-19,0
Quercus,Erebia_manto,0,-4.954328669214262e-19,0
Quercus,Erebia_eriphyle,0,-6.23850456927565e-19,0
Quercus,Erebia_euryale,0,8.600049908657469e-19,0
Quercus,Erebia_ligea,0,2.123202963446248e-18,0
Quercus,Erebia_oeme,0,-1.6742158653822566e-18,0
Quercus,Erebia_mnestra,0,1.3863561926863428e-18,0
Quercus,Erebia_styx,0,1.9533557776790507e-18,0
Cytisus,Parnassius_mnemosyne,0,0,0
Cytisus,Parnassius_apollo,0,0,0
Cytisus,Parnassius_phoebus,0,0,0
Cytisus,Iphiclides_podalirius,0,1.1252612269796618e-16,0
Cytisus,Papilio_machaon,0,-3.211959688036828e-17,0
Cytisus,Carcharodus_alceae,0,-1.6547420024887148e-17,0
Cytisus,Spialia_sertorius,0,-2.908107052859831e-17,0
Cytisus,Erynnis_tages,0,0.09530729462922875,1
Cytisus,Pyrgus_carthami,0,-0.002458972844700735,0
Cytisus,Pyrgus_malvae,0,-0.00245897284470077,0
Cytisus,Pyrgus_andromedae,0,-0.0024589728447009063,0
Cytisus,Pyrgus_cacaliae,0,-0.002458972844700731,0
Cytisus,Pyrgus_serratulae,0,-0.003557507381261461,0
Cytisus,Pyrgus_armoricanus,0,0.04391790168907347,0
Cytisus,Pyrgus_cirsii,0,-0.0024589728447006573,0
Cytisus,Pyrgus_carlinae,0,0.04282616123866769,0
Cytisus,Pyrgus_alveus,0,0.04282616123866772,0
Cytisus,Heteropterus_morpheus,0,1.1427390485224106e-17,0
Cytisus,Carterocephalus_palaemon,0,5.550465335122953e-17,0
Cytisus,Thymelicus_acteon,0,1.5981938922491094e-16,0
Cytisus,Thymelicus_sylvestris,0,2.5121258591092206e-16,0
Cytisus,Thymelicus_lineola,0,1.5793044179362787e-16,0
Cytisus,Ochlodes_sylvanus,0,2.0237338479781397e-16,0
Cytisus,Hesperia_comma,0,-2.543181086781754e-18,0
Cytisus,Gonepteryx_rhamni,0,5.591824563744668e-24,0
Cytisus,Colias_alfacariensis,0,0.041147288614460854,0
Cytisus,Colias_phicomone,0,0.0953703136945389,1
Cytisus,Colias_palaeno,0,-8.44285028594477e-27,0
Cytisus,Anthocharis_cardamines,0,-9.765110204964588e-18,0
Cytisus,Aporia_crataegi,0,4.729479611709266e-17,0
Cytisus,Pontia_callidice,0,-1.780058166551873e-17,0
Cytisus,Pieris_brassicae,0,2.4141765249953984e-29,0
Cytisus,Pieris_mannii,0,9.262045753141011e-4,0
Cytisus,Pieris_bryoniae,0,-2.7565691870284614e-17,0
Cytisus,Hamearis_lucina,0,3.324394333940775e-30,0
Cytisus,Lycaena_phlaeas,0,-4.2370913114185035e-32,0
Cytisus,Lycaena_virgaureae,0,-9.568288678380756e-32,0
Cytisus,Lycaena_helle,0,-1.8828719800788622e-32,0
Cytisus,Lycaena_alciphron,0,-7.062993145282247e-32,0
Cytisus,Lycaena_dispar,0,-8.683254106592216e-32,0
Cytisus,Lycaena_hippothoe,0,-6.08962810745189e-32,0
Cytisus,Thecla_betulae,0,-1.9089760640635038e-16,0
Cytisus,Favonius_quercus,0,-5.3272057072606475e-33,0
Cytisus,Satyrium_acaciae,0,-1.9089760640635038e-16,0
Cytisus,Satyrium_spini,0,2.0689504874070082e-26,0
Cytisus,Satyrium_ilicis,0,6.96362960700633e-33,0
Cytisus,Lampides_boeticus,0,0.04970008603360131,0
Cytisus,Celastrina_argiolus,0,2.873274168162853e-26,0
Cytisus,Phengaris_arion,0,-5.549415184508513e-33,0
Cytisus,Phengaris_teleius,0,-2.1632280239476106e-17,0
Cytisus,Phengaris_nausithous,0,-2.1632280239476106e-17,0
Cytisus,Scolitantides_orion,0,-3.687241400014203e-33,0
Cytisus,Iolana_iolas,0,0.04970008603360131,0
Cytisus,Glaucopsyche_alexis,0,0.13498309575365702,1
Cytisus,Pseudophilotes_baton,0,-4.275838699153763e-33,0
Cytisus,Leptotes_pirithous,0,0.04512327879234373,0
Cytisus,Cupido_argiades,0,0.1654193402889434,1
Cytisus,Cupido_alcetas,0,0.002838818615874523,0
Cytisus,Cupido_osiris,0,0.12733503048793848,1
Cytisus,Cupido_minimus,0,0.15447188468950332,1
Cytisus,Plebejus_argus,0,0.08742164633845335,1
Cytisus,Plebejus_idas,1,0.6086717058011613,1
Cytisus,Plebejus_argyrognomon,0,-9.89223640624158e-4,0
Cytisus,Cyaniris_semiargus,0,0.05100934529367101,0
Cytisus,Aricia_nicias,0,0.0022859595365716415,0
Cytisus,Aricia_artaxerxes,0,0.047571093619940094,0
Cytisus,Aricia_agestis,0,0.047475409070334894,0
Cytisus,Polyommatus_escheri,0,0.1048222899252788,1
Cytisus,Polyommatus_thersites,0,0.07763494445433718,1
Cytisus,Polyommatus_amandus,0,0.0032288085351036924,0
Cytisus,Polyommatus_icarus,0,0.21554049451351912,1
Cytisus,Polyommatus_eros,0,0.18245723437961595,1
Cytisus,Polyommatus_dorylas,0,0.049649594764224605,0
Cytisus,Polyommatus_damon,0,0.07763494445433718,1
Cytisus,Neptis_rivularis,0,-2.2681741069828083e-17,0
Cytisus,Limenitis_populi,0,-5.527240778508914e-46,0
Cytisus,Limenitis_reducta,0,-4.66640340047674e-46,0
Cytisus,Limenitis_camilla,0,3.698261182286957e-46,0
Cytisus,Issoria_lathonia,0,9.062915572172148e-17,0
Cytisus,Brenthis_ino,0,-1.033575038093356e-16,0
Cytisus,Argynnis_paphia,0,9.062915572172148e-17,0
Cytisus,Fabriciana_adippe,0,9.062915572172148e-17,0
Cytisus,Boloria_pales,0,1.7180779613936167e-16,0
Cytisus,Boloria_napaea,0,9.062915572172148e-17,0
Cytisus,Boloria_aquilonaris,0,-2.5749675660301453e-27,0
Cytisus,Boloria_selene,0,9.062915572172148e-17,0
Cytisus,Boloria_dia,0,9.062915572172148e-17,0
Cytisus,Boloria_euphrosyne,0,9.062915572172148e-17,0
Cytisus,Boloria_titania,0,9.062915572172148e-17,0
Cytisus,Apatura_iris,0,6.91216156634818e-47,0
Cytisus,Apatura_ilia,0,2.4698934692318494e-46,0
Cytisus,Araschnia_levana,0,-8.29447584004585e-18,0
Cytisus,Vanessa_cardui,0,-1.6507265322338034e-17,0
Cytisus,Vanessa_atalanta,0,-8.29447584004585e-18,0
Cytisus,Aglais_io,0,-9.873443307464594e-18,0
Cytisus,Aglais_urticae,0,-8.29447584004585e-18,0
Cytisus,Nymphalis_polychloros,0,-1.8409077527519052e-46,0
Cytisus,Nymphalis_antiopa,0,6.91216156634818e-47,0
Cytisus,Euphydryas_cynthia,0,1.7180779613936167e-16,0
Cytisus,Euphydryas_intermedia,0,9.645802207494049e-47,0
Cytisus,Melitaea_didyma,0,2.0773190943152706e-16,0
Cytisus,Melitaea_phoebe,0,9.143807641371041e-18,0
Cytisus,Melitaea_cinxia,0,1.188005265001873e-16,0
Cytisus,Melitaea_diamina,0,0,0
Cytisus,Melitaea_aurelia,0,8.117864041764016e-17,0
Cytisus,Melitaea_varia,0,8.117864041764016e-17,0
Cytisus,Melitaea_parthenoides,0,9.938317823264185e-17,0
Cytisus,Melitaea_deione,0,2.4084954188724123e-17,0
Cytisus,Melitaea_athalia,0,1.876585964436905e-16,0
Cytisus,Melitaea_britomartis,0,1.188005265001873e-16,0
Cytisus,Libythea_celtis,0,-1.0063559077575392e-46,0
Cytisus,Lasiommata_maera,0,7.087845484628322e-17,0
Cytisus,Lasiommata_petropolitana,0,4.953587905727841e-17,0
Cytisus,Lasiommata_megera,0,2.7367627270544408e-17,0
Cytisus,Lopinga_achine,0,6.672784286373785e-17,0
Cytisus,Coenonympha_glycerion,0,1.955723871943912e-16,0
Cytisus,Coenonympha_pamphilus,0,-4.065801490490799e-18,0
Cytisus,Coenonympha_tullia,0,-2.479847719400327e-19,0
Cytisus,Melanargia_galathea,0,9.69619189040163e-17,0
Cytisus,Hipparchia_statilinus,0,4.763925783174026e-17,0
Cytisus,Hipparchia_fagi,0,2.7367627270544408e-17,0
Cytisus,Hipparchia_semele,0,4.953587905727841e-17,0
Cytisus,Oeneis_glacialis,0,4.953587905727841e-17,0
Cytisus,Brintesia_circe,0,2.7367627270544408e-17,0
Cytisus,Satyrus_ferula,0,4.953587905727841e-17,0
Cytisus,Hyponephele_lycaon,0,6.980750961847234e-17,0
Cytisus,Aphantopus_hyperantus,0,2.7367627270544408e-17,0
Cytisus,Maniola_jurtina,0,2.7367627270544408e-17,0
Cytisus,Erebia_nivalis,0,4.953587905727841e-17,0
Cytisus,Erebia_tyndarus,0,1.6261844804234724e-17,0
Cytisus,Erebia_christi,0,4.953587905727841e-17,0
Cytisus,Erebia_pharte,0,2.3475725526904244e-17,0
Cytisus,Erebia_epiphron,0,4.953587905727841e-17,0
Cytisus,Erebia_meolans,0,4.953587905727841e-17,0
Cytisus,Erebia_triarius,0,6.980750961847234e-17,0
Cytisus,Erebia_medusa,0,7.690350632782081e-17,0
Cytisus,Erebia_aethiops,0,1.4504612284478272e-16,0
Cytisus,Erebia_pandrose,0,3.592725484563038e-18,0
Cytisus,Erebia_flavofasciata,0,4.953587905727841e-17,0
Cytisus,Erebia_gorge,0,-8.356371220662655e-18,0
Cytisus,Erebia_pluto,0,-8.356371220662655e-18,0
Cytisus,Erebia_sudetica,0,4.14312666299827e-17,0
Cytisus,Erebia_melampus,0,4.312748099011245e-18,0
Cytisus,Erebia_manto,0,-4.611386266288635e-17,0
Cytisus,Erebia_eriphyle,0,-1.1861792901649038e-17,0
Cytisus,Erebia_euryale,0,-7.253984016911203e-19,0
Cytisus,Erebia_ligea,0,1.752646284793513e-17,0
Cytisus,Erebia_oeme,0,-1.3177820962916283e-17,0
Cytisus,Erebia_mnestra,0,2.8762147310310093e-17,0
Cytisus,Erebia_styx,0,-2.077373174696312e-17,0
Genista,Parnassius_mnemosyne,0,0,0
Genista,Parnassius_apollo,0,0,0
Genista,Parnassius_phoebus,0,0,0
Genista,Iphiclides_podalirius,0,2.5528439756737928e-67,0
Genista,Papilio_machaon,0,-9.764296350827237e-47,0
Genista,Carcharodus_alceae,0,2.881992937490577e-47,0
Genista,Spialia_sertorius,0,-1.048615319063628e-46,0
Genista,Erynnis_tages,0,3.8558311693575426e-46,0
Genista,Pyrgus_carthami,0,-4.950584110423687e-46,0
Genista,Pyrgus_malvae,0,-1.1415253829410912e-44,0
Genista,Pyrgus_andromedae,0,-4.330162956742851e-45,0
Genista,Pyrgus_cacaliae,0,-3.443808274346286e-45,0
Genista,Pyrgus_serratulae,0,-3.517308056067151e-45,0
Genista,Pyrgus_armoricanus,0,6.313181795496312e-45,0
Genista,Pyrgus_cirsii,0,3.3782612597426738e-46,0
Genista,Pyrgus_carlinae,0,2.1765711200789996e-45,0
Genista,Pyrgus_alveus,0,-7.553716316890566e-45,0
Genista,Heteropterus_morpheus,0,1.6724420511759048e-30,0
Genista,Carterocephalus_palaemon,0,3.525803121221819e-31,0
Genista,Thymelicus_acteon,0,2.6820600142172913e-30,0
Genista,Thymelicus_sylvestris,0,-4.015127226207092e-30,0
Genista,Thymelicus_lineola,0,1.3855334544573882e-30,0
Genista,Ochlodes_sylvanus,0,4.3153849471891354e-30,0
Genista,Hesperia_comma,0,3.1279510256841957e-30,0
Genista,Gonepteryx_rhamni,0,-3.18003540475669e-45,0
Genista,Colias_alfacariensis,0,-1.0380365839802597e-44,0
Genista,Colias_phicomone,0,-7.739150476280261e-45,0
Genista,Colias_palaeno,0,1.585464619692407e-45,0
Genista,Anthocharis_cardamines,0,-9.500392610307994e-45,0
Genista,Aporia_crataegi,0,-8.084042371971355e-47,0
Genista,Pontia_callidice,0,-1.5251521163235618e-44,0
Genista,Pieris_brassicae,0,-4.728664102758453e-45,0
Genista,Pieris_mannii,0,-9.8702050252975e-45,0
Genista,Pieris_bryoniae,0,-2.7707461724627564e-44,0
Genista,Hamearis_lucina,0,-1.383957970802659e-44,0
Genista,Lycaena_phlaeas,0,-1.9150907261723293e-44,0
Genista,Lycaena_virgaureae,0,-1.7272383472717337e-44,0
Genista,Lycaena_helle,0,2.7298463862115526e-45,0
Genista,Lycaena_alciphron,0,-1.7971390909622124e-44,0
Genista,Lycaena_dispar,0,-2.573309897228804e-44,0
Genista,Lycaena_hippothoe,0,-2.597104587686948e-44,0
Genista,Thecla_betulae,0,-1.567872354687824e-44,0
Genista,Favonius_quercus,0,-3.086152061419558e-46,0
Genista,Satyrium_acaciae,0,1.618910439696725e-44,0
Genista,Satyrium_spini,0,1.9643556102847207e-44,0
Genista,Satyrium_ilicis,0,-1.5019768423329534e-44,0
Genista,Lampides_boeticus,0,-1.061616653093043e-44,0
Genista,Celastrina_argiolus,0,-2.4918566220306356e-45,0
Genista,Phengaris_arion,0,-5.1841605589222554e-48,0
Genista,Phengaris_teleius,0,-4.67212789842418e-46,0
Genista,Phengaris_nausithous,0,-1.894943501359385e-46,0
Genista,Scolitantides_orion,0,1.51023642059896e-49,0
Genista,Iolana_iolas,0,-1.202416681055783e-44,0
Genista,Glaucopsyche_alexis,0,-2.019170253301602e-44,0
Genista,Pseudophilotes_baton,0,9.9334872107231675e-49,0
Genista,Leptotes_pirithous,0,9.758709599472797e-46,0
Genista,Cupido_argiades,0,4.2111568342310006e-45,0
Genista,Cupido_alcetas,0,-4.536985035937974e-45,0
Genista,Cupido_osiris,0,-3.097295066881708e-44,0
Genista,Cupido_minimus,0,2.7586894929159595e-44,0
Genista,Plebejus_argus,0,1.0648923518055996e-44,0
Genista,Plebejus_idas,0,2.233431608766271e-46,0
Genista,Plebejus_argyrognomon,0,-1.0368138820880759e-44,0
Genista,Cyaniris_semiargus,0,2.3655665941535268e-45,0
Genista,Aricia_nicias,0,-1.6461674676067288e-45,0
Genista,Aricia_artaxerxes,0,1.184093590692326e-44,0
Genista,Aricia_agestis,0,1.253292749349007e-44,0
Genista,Polyommatus_escheri,0,2.0753960820816197e-44,0
Genista,Polyommatus_thersites,0,-2.125352515630385e-44,0
Genista,Polyommatus_amandus,0,1.3467158664081121e-45,0
Genista,Polyommatus_icarus,0,1.2347331228735226e-44,0
Genista,Polyommatus_eros,0,-1.8633209821481263e-45,0
Genista,Polyommatus_dorylas,0,7.904014656177286e-45,0
Genista,Polyommatus_damon,0,-2.125352515630385e-44,0
Genista,Neptis_rivularis,0,6.0456428927136035e-46,0
Genista,Limenitis_populi,0,-3.5457934514618466e-66,0
Genista,Limenitis_reducta,0,-3.4833180994546966e-67,0
Genista,Limenitis_camilla,0,1.71139343442836e-67,0
Genista,Issoria_lathonia,0,-9.976160548398106e-31,0
Genista,Brenthis_ino,0,-2.2603537139179616e-46,0
Genista,Argynnis_paphia,0,-9.976160548398106e-31,0
Genista,Fabriciana_adippe,0,-9.976160548398106e-31,0
Genista,Boloria_pales,0,8.663107444284407e-31,0
Genista,Boloria_napaea,0,-9.976160548398106e-31,0
Genista,Boloria_aquilonaris,0,-1.2035707371812284e-46,0
Genista,Boloria_selene,0,-9.976160548398106e-31,0
Genista,Boloria_dia,0,-9.976160548398106e-31,0
Genista,Boloria_euphrosyne,0,-9.976160548398106e-31,0
Genista,Boloria_titania,0,-9.976160548398106e-31,0
Genista,Apatura_iris,0,3.647651337803529e-66,0
Genista,Apatura_ilia,0,-3.9296754400296485e-66,0
Genista,Araschnia_levana,0,-6.010357394238836e-29,0
Genista,Vanessa_cardui,0,-1.246096382361627e-28,0
Genista,Vanessa_atalanta,0,-6.010357394238836e-29,0
Genista,Aglais_io,0,-7.152306347365803e-29,0
Genista,Aglais_urticae,0,-6.010357394238836e-29,0
Genista,Nymphalis_polychloros,0,1.4068949068541309e-67,0
Genista,Nymphalis_antiopa,0,3.647651337803529e-66,0
Genista,Euphydryas_cynthia,0,8.663107444284407e-31,0
Genista,Euphydryas_intermedia,0,4.472885405312902e-68,0
Genista,Melitaea_didyma,0,-4.090854123648923e-30,0
Genista,Melitaea_phoebe,0,-3.018838567238571e-29,0
Genista,Melitaea_cinxia,0,2.6259820687871965e-30,0
Genista,Melitaea_diamina,0,0,0
Genista,Melitaea_aurelia,0,1.8639267992682527e-30,0
Genista,Melitaea_varia,0,1.8639267992682527e-30,0
Genista,Melitaea_parthenoides,0,1.4408177634379003e-30,0
Genista,Melitaea_deione,0,-9.101329876913208e-32,0
Genista,Melitaea_athalia,0,3.6118275633628614e-30,0
Genista,Melitaea_britomartis,0,2.6259820687871965e-30,0
Genista,Libythea_celtis,0,-3.4364074983811106e-66,0
Genista,Lasiommata_maera,0,1.9971126778065636e-30,0
Genista,Lasiommata_petropolitana,0,1.0910778966448663e-30,0
Genista,Lasiommata_megera,0,-2.48498517827289e-30,0
Genista,Lopinga_achine,0,1.0773618395805649e-30,0
Genista,Coenonympha_glycerion,0,6.030015942580314e-31,0
Genista,Coenonympha_pamphilus,0,-1.929400067640132e-30,0
Genista,Coenonympha_tullia,0,1.3453056554270591e-30,0
Genista,Melanargia_galathea,0,-1.5187526207706728e-30,0
Genista,Hipparchia_statilinus,0,-1.5609480588643145e-30,0
Genista,Hipparchia_fagi,0,-2.48498517827289e-30,0
Genista,Hipparchia_semele,0,1.0910778966448663e-30,0
Genista,Oeneis_glacialis,0,1.0910778966448663e-30,0
Genista,Brintesia_circe,0,-2.48498517827289e-30,0
Genista,Satyrus_ferula,0,1.0910778966448663e-30,0
Genista,Hyponephele_lycaon,0,2.0151150160534414e-30,0
Genista,Aphantopus_hyperantus,0,-2.48498517827289e-30,0
Genista,Maniola_jurtina,0,-2.48498517827289e-30,0
Genista,Erebia_nivalis,0,1.0910778966448663e-30,0
Genista,Erebia_tyndarus,0,1.0037268711192152e-30,0
Genista,Erebia_christi,0,1.0910778966448663e-30,0
Genista,Erebia_pharte,0,2.1535637214129402e-30,0
Genista,Erebia_epiphron,0,1.0910778966448663e-30,0
Genista,Erebia_meolans,0,1.0910778966448663e-30,0
Genista,Erebia_triarius,0,2.0151150160534414e-30,0
Genista,Erebia_medusa,0,-1.3939072816280253e-30,0
Genista,Erebia_aethiops,0,7.852408799793276e-31,0
Genista,Erebia_pandrose,0,-2.956511173291291e-30,0
Genista,Erebia_flavofasciata,0,1.0910778966448663e-30,0
Genista,Erebia_gorge,0,-3.014583150388867e-30,0
Genista,Erebia_pluto,0,-3.014583150388867e-30,0
Genista,Erebia_sudetica,0,1.0443840592358338e-30,0
Genista,Erebia_melampus,0,9.456548940216307e-31,0
Genista,Erebia_manto,0,9.577200102614617e-31,0
Genista,Erebia_eriphyle,0,1.1675784575540037e-30,0
Genista,Erebia_euryale,0,-1.632466287107808e-30,0
Genista,Erebia_ligea,0,-4.53579483186249e-30,0
Genista,Erebia_oeme,0,3.2167927966831046e-30,0
Genista,Erebia_mnestra,0,-2.915853985174672e-30,0
Genista,Erebia_styx,0,-4.006931881819538e-30,0
Ulmus,Parnassius_mnemosyne,0,0,0
Ulmus,Parnassius_apollo,0,0,0
Ulmus,Parnassius_phoebus,0,0,0
Ulmus,Iphiclides_podalirius,0,-1.9072188895784716e-67,0
Ulmus,Papilio_machaon,0,7.634396596897038e-47,0
Ulmus,Carcharodus_alceae,0,-2.231115104869597e-47,0
Ulmus,Spialia_sertorius,0,8.596619747980715e-47,0
Ulmus,Erynnis_tages,0,-3.311943608422444e-46,0
Ulmus,Pyrgus_carthami,0,5.165223237338751e-46,0
Ulmus,Pyrgus_malvae,0,9.614296129405124e-45,0
Ulmus,Pyrgus_andromedae,0,3.653353298535697e-45,0
Ulmus,Pyrgus_cacaliae,0,2.9389629783454515e-45,0
Ulmus,Pyrgus_serratulae,0,3.025056408067215e-45,0
Ulmus,Pyrgus_armoricanus,0,-5.272101353946236e-45,0
Ulmus,Pyrgus_cirsii,0,-3.0582633879670967e-46,0
Ulmus,Pyrgus_carlinae,0,-1.823950985393426e-45,0
Ulmus,Pyrgus_alveus,0,6.39319065154257e-45,0
Ulmus,Heteropterus_morpheus,0,-1.3055392830725596e-30,0
Ulmus,Carterocephalus_palaemon,0,-2.7741359515890266e-31,0
Ulmus,Thymelicus_acteon,0,-2.1055238180862248e-30,0
Ulmus,Thymelicus_sylvestris,0,3.1402105417088496e-30,0
Ulmus,Thymelicus_lineola,0,-1.079939180359512e-30,0
Ulmus,Ochlodes_sylvanus,0,-3.364199656521349e-30,0
Ulmus,Hesperia_comma,0,-2.4400762388889987e-30,0
Ulmus,Gonepteryx_rhamni,0,2.6009221541551218e-45,0
Ulmus,Colias_alfacariensis,0,8.826885682385938e-45,0
Ulmus,Colias_phicomone,0,6.518715236937524e-45,0
Ulmus,Colias_palaeno,0,-1.2590770732941551e-45,0
Ulmus,Anthocharis_cardamines,0,7.34321097083084e-45,0
Ulmus,Aporia_crataegi,0,6.309883602518375e-47,0
Ulmus,Pontia_callidice,0,1.1760976768406945e-44,0
Ulmus,Pieris_brassicae,0,4.093151829715528e-45,0
Ulmus,Pieris_mannii,0,8.394777384955488e-45,0
Ulmus,Pieris_bryoniae,0,2.1729743684703505e-44,0
Ulmus,Hamearis_lucina,0,1.1720809468380248e-44,0
Ulmus,Lycaena_phlaeas,0,1.5721690617870496e-44,0
Ulmus,Lycaena_virgaureae,0,1.4067641483214862e-44,0
Ulmus,Lycaena_helle,0,-2.2196292481182536e-45,0
Ulmus,Lycaena_alciphron,0,1.4773524632333823e-44,0
Ulmus,Lycaena_dispar,0,2.095972596714887e-44,0
Ulmus,Lycaena_hippothoe,0,2.1497722825029005e-44,0
Ulmus,Thecla_betulae,0,1.3313161484121333e-44,0
Ulmus,Favonius_quercus,0,2.4111852468870734e-46,0
Ulmus,Satyrium_acaciae,0,-1.3710678633651526e-44,0
Ulmus,Satyrium_spini,0,-1.6708229919722682e-44,0
Ulmus,Satyrium_ilicis,0,1.2755203603220343e-44,0
Ulmus,Lampides_boeticus,0,8.860101808936879e-45,0
Ulmus,Celastrina_argiolus,0,2.0882522666764127e-45,0
Ulmus,Phengaris_arion,0,4.382484520269718e-48,0
Ulmus,Phengaris_teleius,0,3.759229222997464e-46,0
Ulmus,Phengaris_nausithous,0,1.4005246665183527e-46,0
Ulmus,Scolitantides_orion,0,-1.2837343163684696e-49,0
Ulmus,Iolana_iolas,0,1.008392855970811e-44,0
Ulmus,Glaucopsyche_alexis,0,1.6872716869819055e-44,0
Ulmus,Pseudophilotes_baton,0,-8.426412305324374e-49,0
Ulmus,Leptotes_pirithous,0,-8.527511079955823e-46,0
Ulmus,Cupido_argiades,0,-3.5375394633808736e-45,0
Ulmus,Cupido_alcetas,0,3.8517487862878294e-45,0
Ulmus,Cupido_osiris,0,2.5911554666300536e-44,0
Ulmus,Cupido_minimus,0,-2.3029521149219263e-44,0
Ulmus,Plebejus_argus,0,-9.032991757201652e-45,0
Ulmus,Plebejus_idas,0,-1.745718245228593e-46,0
Ulmus,Plebejus_argyrognomon,0,8.678969791095929e-45,0
Ulmus,Cyaniris_semiargus,0,-1.9858045854764712e-45,0
Ulmus,Aricia_nicias,0,1.3667725348565604e-45,0
Ulmus,Aricia_artaxerxes,0,-1.0118668612935998e-44,0
Ulmus,Aricia_agestis,0,-1.0595306242528908e-44,0
Ulmus,Polyommatus_escheri,0,-1.7283149373532042e-44,0
Ulmus,Polyommatus_thersites,0,1.7797529526781749e-44,0
Ulmus,Polyommatus_amandus,0,-1.09047842861686e-45,0
Ulmus,Polyommatus_icarus,0,-1.0323255512524411e-44,0
Ulmus,Polyommatus_eros,0,1.5598114822070483e-45,0
Ulmus,Polyommatus_dorylas,0,-6.616805849204444e-45,0
Ulmus,Polyommatus_damon,0,1.7797529526781749e-44,0
Ulmus,Neptis_rivularis,0,-4.837166581118424e-46,0
Ulmus,Limenitis_populi,0,2.9796018077371967e-66,0
Ulmus,Limenitis_reducta,0,2.7213422651989818e-67,0
Ulmus,Limenitis_camilla,0,-1.2493873298429843e-67,0
Ulmus,Issoria_lathonia,0,8.47290345863899e-31,0
Ulmus,Brenthis_ino,0,1.763870793805752e-46,0
Ulmus,Argynnis_paphia,0,8.47290345863899e-31,0
Ulmus,Fabriciana_adippe,0,8.47290345863899e-31,0
Ulmus,Boloria_pales,0,-7.357707712554351e-31,0
Ulmus,Boloria_napaea,0,8.47290345863899e-31,0
Ulmus,Boloria_aquilonaris,0,1.3039762441590411e-46,0
Ulmus,Boloria_selene,0,8.47290345863899e-31,0
Ulmus,Boloria_dia,0,8.47290345863899e-31,0
Ulmus,Boloria_euphrosyne,0,8.47290345863899e-31,0
Ulmus,Boloria_titania,0,8.47290345863899e-31,0
Ulmus,Apatura_iris,0,-3.092637162241242e-66,0
Ulmus,Apatura_ilia,0,3.349428154207323e-66,0
Ulmus,Araschnia_levana,0,5.10468710195703e-29,0
Ulmus,Vanessa_cardui,0,1.0583284343349747e-28,0
Ulmus,Vanessa_atalanta,0,5.10468710195703e-29,0
Ulmus,Aglais_io,0,6.074561555297827e-29,0
Ulmus,Aglais_urticae,0,5.10468710195703e-29,0
Ulmus,Nymphalis_polychloros,0,-1.2955350950809786e-67,0
Ulmus,Nymphalis_antiopa,0,-3.092637162241242e-66,0
Ulmus,Euphydryas_cynthia,0,-7.357707712554351e-31,0
Ulmus,Euphydryas_intermedia,0,-3.266486576425735e-68,0
Ulmus,Melitaea_didyma,0,3.474424052012591e-30,0
Ulmus,Melitaea_phoebe,0,2.5639450845271093e-29,0
Ulmus,Melitaea_cinxia,0,-2.2302861401146662e-30,0
Ulmus,Melitaea_diamina,0,0,0
Ulmus,Melitaea_aurelia,0,-1.5830611171193356e-30,0
Ulmus,Melitaea_varia,0,-1.5830611171193356e-30,0
Ulmus,Melitaea_parthenoides,0,-1.223708237165112e-30,0
Ulmus,Melitaea_deione,0,7.729896644620878e-32,0
Ulmus,Melitaea_athalia,0,-3.0675795728621875e-30,0
Ulmus,Melitaea_britomartis,0,-2.2302861401146662e-30,0
Ulmus,Libythea_celtis,0,2.9115822097815366e-66,0
Ulmus,Lasiommata_maera,0,-1.5629948314070413e-30,0
Ulmus,Lasiommata_petropolitana,0,-8.52928589430154e-31,0
Ulmus,Lasiommata_megera,0,1.940224975438129e-30,0
Ulmus,Lopinga_achine,0,-8.41223067045394e-31,0
Ulmus,Coenonympha_glycerion,0,-4.704406899252456e-31,0
Ulmus,Coenonympha_pamphilus,0,1.508625848925101e-30,0
Ulmus,Coenonympha_tullia,0,-1.0552524164119243e-30,0
Ulmus,Melanargia_galathea,0,1.1859245684556012e-30,0
Ulmus,Hipparchia_statilinus,0,1.214986918885644e-30,0
Ulmus,Hipparchia_fagi,0,1.940224975438129e-30,0
Ulmus,Hipparchia_semele,0,-8.52928589430154e-31,0
Ulmus,Oeneis_glacialis,0,-8.52928589430154e-31,0
Ulmus,Brintesia_circe,0,1.940224975438129e-30,0
Ulmus,Satyrus_ferula,0,-8.52928589430154e-31,0
Ulmus,Hyponephele_lycaon,0,-1.5781666459826387e-30,0
Ulmus,Aphantopus_hyperantus,0,1.940224975438129e-30,0
Ulmus,Maniola_jurtina,0,1.940224975438129e-30,0
Ulmus,Erebia_nivalis,0,-8.52928589430154e-31,0
Ulmus,Erebia_tyndarus,0,-7.828073865380904e-31,0
Ulmus,Erebia_christi,0,-8.52928589430154e-31,0
Ulmus,Erebia_pharte,0,-1.6859378450969984e-30,0
Ulmus,Erebia_epiphron,0,-8.52928589430154e-31,0
Ulmus,Erebia_meolans,0,-8.52928589430154e-31,0
Ulmus,Erebia_triarius,0,-1.5781666459826387e-30,0
Ulmus,Erebia_medusa,0,1.0872963860079765e-30,0
Ulmus,Erebia_aethiops,0,-6.130184078305704e-31,0
Ulmus,Erebia_pandrose,0,2.309748159341579e-30,0
Ulmus,Erebia_flavofasciata,0,-8.52928589430154e-31,0
Ulmus,Erebia_gorge,0,2.3553712120099045e-30,0
Ulmus,Erebia_pluto,0,2.3553712120099045e-30,0
Ulmus,Erebia_sudetica,0,-8.152247013990765e-31,0
Ulmus,Erebia_melampus,0,-7.371843338697574e-31,0
Ulmus,Erebia_manto,0,-7.496823149674378e-31,0
Ulmus,Erebia_eriphyle,0,-9.146453425596151e-31,0
Ulmus,Erebia_euryale,0,1.2768111124226947e-30,0
Ulmus,Erebia_ligea,0,3.541048665099438e-30,0
Ulmus,Erebia_oeme,0,-2.5146012572008877e-30,0
Ulmus,Erebia_mnestra,0,2.2773308444805923e-30,0
Ulmus,Erebia_styx,0,3.130259433910746e-30,0
Lythrum,Parnassius_mnemosyne,0,0,0
Lythrum,Parnassius_apollo,0,0,0
Lythrum,Parnassius_phoebus,0,0,0
Lythrum,Iphiclides_podalirius,0,4.6237390349355934e-43,0
Lythrum,Papilio_machaon,0,8.168279416754001e-34,0
Lythrum,Carcharodus_alceae,0,-1.3946041236078394e-33,0
Lythrum,Spialia_sertorius,0,-5.548269775928191e-34,0
Lythrum,Erynnis_tages,0,3.8989263110821044e-25,0
Lythrum,Pyrgus_carthami,0,-6.374095163631417e-26,0
Lythrum,Pyrgus_malvae,0,-6.374097767873868e-26,0
Lythrum,Pyrgus_andromedae,0,-6.374096190791427e-26,0
Lythrum,Pyrgus_cacaliae,0,-6.374095249149468e-26,0
Lythrum,Pyrgus_serratulae,0,-7.538934232312485e-26,0
Lythrum,Pyrgus_armoricanus,0,-7.074718627753856e-27,0
Lythrum,Pyrgus_cirsii,0,-6.374101854032827e-26,0
Lythrum,Pyrgus_carlinae,0,-6.014994468464434e-27,0
Lythrum,Pyrgus_alveus,0,-6.0150093034328175e-27,0
Lythrum,Heteropterus_morpheus,0,-9.79248933682448e-18,0
Lythrum,Carterocephalus_palaemon,0,8.222280909242138e-18,0
Lythrum,Thymelicus_acteon,0,1.2724750842377406e-17,0
Lythrum,Thymelicus_sylvestris,0,2.0830863363739462e-17,0
Lythrum,Thymelicus_lineola,0,-4.8929598298103575e-18,0
Lythrum,Ochlodes_sylvanus,0,-4.7997845988568935e-17,0
Lythrum,Hesperia_comma,0,-2.5216346583314783e-17,0
Lythrum,Gonepteryx_rhamni,0,4.999382916021826e-32,0
Lythrum,Colias_alfacariensis,0,3.392214193011417e-25,0
Lythrum,Colias_phicomone,0,1.5635203918313638e-25,0
Lythrum,Colias_palaeno,0,-2.4458554892531483e-32,0
Lythrum,Anthocharis_cardamines,0,-5.438634170696124e-17,0
Lythrum,Aporia_crataegi,0,-4.6487495051620885e-33,0
Lythrum,Pontia_callidice,0,-9.913953829108055e-17,0
Lythrum,Pieris_brassicae,0,4.853765212547165e-34,0
Lythrum,Pieris_mannii,0,7.315661880492072e-26,0
Lythrum,Pieris_bryoniae,0,-1.535258799980419e-16,0
Lythrum,Hamearis_lucina,0,6.27891141364639e-32,0
Lythrum,Lycaena_phlaeas,0,4.607051574110395e-33,0
Lythrum,Lycaena_virgaureae,0,-2.8498194247124977e-32,0
Lythrum,Lycaena_helle,0,-2.6267794856285385e-32,0
Lythrum,Lycaena_alciphron,0,-7.956530516093366e-32,0
Lythrum,Lycaena_dispar,0,-1.162529724121933e-31,0
Lythrum,Lycaena_hippothoe,0,-2.4170213714868206e-32,0
Lythrum,Thecla_betulae,0,2.4294700565823665e-32,0
Lythrum,Favonius_quercus,0,-2.0724638300763688e-32,0
Lythrum,Satyrium_acaciae,0,-3.128036748974506e-32,0
Lythrum,Satyrium_spini,0,2.6043543897536905e-32,0
Lythrum,Satyrium_ilicis,0,5.184574620326543e-32,0
Lythrum,Lampides_boeticus,0,5.675701320800927e-27,0
Lythrum,Celastrina_argiolus,1,3.5909910140016224e-32,0
Lythrum,Phengaris_arion,0,-3.089442262636668e-32,0
Lythrum,Phengaris_teleius,0,5.5373550580663845e-33,0
Lythrum,Phengaris_nausithous,0,-2.414072711741098e-33,0
Lythrum,Scolitantides_orion,0,-2.0536006657321317e-32,0
Lythrum,Iolana_iolas,0,5.6756979902545855e-27,0
Lythrum,Glaucopsyche_alexis,0,-1.1463904652504523e-25,0
Lythrum,Pseudophilotes_baton,0,-2.3815342911389747e-32,0
Lythrum,Leptotes_pirithous,0,-7.277859670187033e-26,0
Lythrum,Cupido_argiades,0,-3.115459406794036e-25,0
Lythrum,Cupido_alcetas,0,1.2736550461092766e-25,0
Lythrum,Cupido_osiris,0,1.8208569108659768e-26,0
Lythrum,Cupido_minimus,0,1.8080545592287685e-25,0
Lythrum,Plebejus_argus,0,2.365633789919173e-25,0
Lythrum,Plebejus_idas,0,1.6088907087909228e-26,0
Lythrum,Plebejus_argyrognomon,0,1.6038396258014726e-25,0
Lythrum,Cyaniris_semiargus,0,-1.288699275484007e-25,0
Lythrum,Aricia_nicias,0,1.296836948880232e-26,0
Lythrum,Aricia_artaxerxes,0,7.069431756591289e-26,0
Lythrum,Aricia_agestis,0,6.8314526028595e-26,0
Lythrum,Polyommatus_escheri,0,1.4666847895550068e-25,0
Lythrum,Polyommatus_thersites,0,1.2532941147924346e-26,0
Lythrum,Polyommatus_amandus,0,-3.881719776442598e-26,0
Lythrum,Polyommatus_icarus,0,-4.149006805649509e-25,0
Lythrum,Polyommatus_eros,0,1.5920144006891984e-25,0
Lythrum,Polyommatus_dorylas,0,3.41369465829341e-26,0
Lythrum,Polyommatus_damon,0,1.2532941147924346e-26,0
Lythrum,Neptis_rivularis,0,-4.9290996825296416e-33,0
Lythrum,Limenitis_populi,0,-3.078371854494732e-45,0
Lythrum,Limenitis_reducta,0,-2.5989323579211012e-45,0
Lythrum,Limenitis_camilla,0,2.059729909117169e-45,0
Lythrum,Issoria_lathonia,0,1.9794412388504313e-18,0
Lythrum,Brenthis_ino,0,-3.273111723429768e-33,0
Lythrum,Argynnis_paphia,0,1.9794412388504313e-18,0
Lythrum,Fabriciana_adippe,0,1.9794412388504313e-18,0
Lythrum,Boloria_pales,0,2.1904798966750962e-18,0
Lythrum,Boloria_napaea,0,1.9794412388504313e-18,0
Lythrum,Boloria_aquilonaris,0,-2.761908662649696e-32,0
Lythrum,Boloria_selene,0,1.9794412388504313e-18,0
Lythrum,Boloria_dia,0,1.9794412388504313e-18,0
Lythrum,Boloria_euphrosyne,0,1.9794412388504313e-18,0
Lythrum,Boloria_titania,0,1.9794412388504313e-18,0
Lythrum,Apatura_iris,0,3.849697216578032e-46,0
Lythrum,Apatura_ilia,0,1.3755960477861538e-45,0
Lythrum,Araschnia_levana,0,4.154928549430782e-18,0
Lythrum,Vanessa_cardui,0,8.597330557952467e-18,0
Lythrum,Vanessa_atalanta,0,4.154928549430782e-18,0
Lythrum,Aglais_io,0,4.944757278174427e-18,0
Lythrum,Aglais_urticae,0,4.154928549430782e-18,0
Lythrum,Nymphalis_polychloros,0,-1.025285281979153e-45,0
Lythrum,Nymphalis_antiopa,0,3.849697216578032e-46,0
Lythrum,Euphydryas_cynthia,0,2.1904798966750962e-18,0
Lythrum,Euphydryas_intermedia,0,5.372186096362857e-46,0
Lythrum,Melitaea_didyma,0,1.2983844038504263e-20,0
Lythrum,Melitaea_phoebe,0,1.989600743691202e-18,0
Lythrum,Melitaea_cinxia,0,3.219275512541377e-20,0
Lythrum,Melitaea_diamina,0,0,0
Lythrum,Melitaea_aurelia,0,2.1103865782466043e-19,0
Lythrum,Melitaea_varia,0,2.1103865782466043e-19,0
Lythrum,Melitaea_parthenoides,0,1.8054672735172883e-19,0
Lythrum,Melitaea_deione,0,-1.3918358255178284e-19,0
Lythrum,Melitaea_athalia,0,-4.164365255055797e-19,0
Lythrum,Melitaea_britomartis,0,3.219275512541377e-20,0
Lythrum,Libythea_celtis,0,-5.604853869366102e-46,0
Lythrum,Lasiommata_maera,0,4.05110581397373e-19,0
Lythrum,Lasiommata_petropolitana,0,-2.7090825299885625e-18,0
Lythrum,Lasiommata_megera,0,4.524907307148989e-18,0
Lythrum,Lopinga_achine,0,7.904254906694663e-19,0
Lythrum,Coenonympha_glycerion,0,6.618658071632024e-18,0
Lythrum,Coenonympha_pamphilus,0,3.3074240502749013e-18,0
Lythrum,Coenonympha_tullia,0,9.607944107558968e-18,0
Lythrum,Melanargia_galathea,0,3.0005740660181025e-18,0
Lythrum,Hipparchia_statilinus,0,8.229038762912099e-18,0
Lythrum,Hipparchia_fagi,0,4.524907307148989e-18,0
Lythrum,Hipparchia_semele,0,-2.7090825299885625e-18,0
Lythrum,Oeneis_glacialis,0,-2.7090825299885625e-18,0
Lythrum,Brintesia_circe,0,4.524907307148989e-18,0
Lythrum,Satyrus_ferula,0,-2.7090825299885625e-18,0
Lythrum,Hyponephele_lycaon,0,9.950489257745435e-19,0
Lythrum,Aphantopus_hyperantus,0,4.524907307148989e-18,0
Lythrum,Maniola_jurtina,0,4.524907307148989e-18,0
Lythrum,Erebia_nivalis,0,-2.7090825299885625e-18,0
Lythrum,Erebia_tyndarus,0,1.5109343674899592e-18,0
Lythrum,Erebia_christi,0,-2.7090825299885625e-18,0
Lythrum,Erebia_pharte,0,2.1706915003226494e-18,0
Lythrum,Erebia_epiphron,0,-2.7090825299885625e-18,0
Lythrum,Erebia_meolans,0,-2.7090825299885625e-18,0
Lythrum,Erebia_triarius,0,9.950489257745435e-19,0
Lythrum,Erebia_medusa,0,1.815824777160427e-18,0
Lythrum,Erebia_aethiops,0,3.817631554782886e-18,0
Lythrum,Erebia_pandrose,0,-5.1691649779169656e-18,0
Lythrum,Erebia_flavofasciata,0,-2.7090825299885625e-18,0
Lythrum,Erebia_gorge,0,-5.005999990347828e-18,0
Lythrum,Erebia_pluto,0,-5.005999990347828e-18,0
Lythrum,Erebia_sudetica,0,4.9384832793477415e-18,0
Lythrum,Erebia_melampus,0,1.6740993550591096e-18,0
Lythrum,Erebia_manto,0,1.2690504827216663e-17,0
Lythrum,Erebia_eriphyle,0,1.8269647483305655e-17,0
Lythrum,Erebia_euryale,0,6.717337726367503e-19,0
Lythrum,Erebia_ligea,0,9.56866623526921e-18,0
Lythrum,Erebia_oeme,0,-4.6262011167267016e-18,0
Lythrum,Erebia_mnestra,0,-1.741616066059181e-18,0
Lythrum,Erebia_styx,0,9.674664639293844e-19,0
Cornus,Parnassius_mnemosyne,0,0,0
Cornus,Parnassius_apollo,0,0,0
Cornus,Parnassius_phoebus,0,0,0
Cornus,Iphiclides_podalirius,0,4.6237390349355934e-43,0
Cornus,Papilio_machaon,0,8.168279416754001e-34,0
Cornus,Carcharodus_alceae,0,-1.3946041236078394e-33,0
Cornus,Spialia_sertorius,0,-5.548269775928191e-34,0
Cornus,Erynnis_tages,0,3.8989263110821044e-25,0
Cornus,Pyrgus_carthami,0,-6.374095163631417e-26,0
Cornus,Pyrgus_malvae,0,-6.374097767873868e-26,0
Cornus,Pyrgus_andromedae,0,-6.374096190791427e-26,0
Cornus,Pyrgus_cacaliae,0,-6.374095249149468e-26,0
Cornus,Pyrgus_serratulae,0,-7.538934232312485e-26,0
Cornus,Pyrgus_armoricanus,0,-7.074718627753856e-27,0
Cornus,Pyrgus_cirsii,0,-6.374101854032827e-26,0
Cornus,Pyrgus_carlinae,0,-6.014994468464434e-27,0
Cornus,Pyrgus_alveus,0,-6.0150093034328175e-27,0
Cornus,Heteropterus_morpheus,0,-9.79248933682448e-18,0
Cornus,Carterocephalus_palaemon,0,8.222280909242138e-18,0
Cornus,Thymelicus_acteon,0,1.2724750842377406e-17,0
Cornus,Thymelicus_sylvestris,0,2.0830863363739462e-17,0
Cornus,Thymelicus_lineola,0,-4.8929598298103575e-18,0
Cornus,Ochlodes_sylvanus,0,-4.7997845988568935e-17,0
Cornus,Hesperia_comma,0,-2.5216346583314783e-17,0
Cornus,Gonepteryx_rhamni,0,4.999382916021826e-32,0
Cornus,Colias_alfacariensis,0,3.392214193011417e-25,0
Cornus,Colias_phicomone,0,1.5635203918313638e-25,0
Cornus,Colias_palaeno,0,-2.4458554892531483e-32,0
Cornus,Anthocharis_cardamines,0,-5.438634170696124e-17,0
Cornus,Aporia_crataegi,0,-4.6487495051620885e-33,0
Cornus,Pontia_callidice,0,-9.913953829108055e-17,0
Cornus,Pieris_brassicae,0,4.853765212547165e-34,0
Cornus,Pieris_mannii,0,7.315661880492072e-26,0
Cornus,Pieris_bryoniae,0,-1.535258799980419e-16,0
Cornus,Hamearis_lucina,0,6.27891141364639e-32,0
Cornus,Lycaena_phlaeas,0,4.607051574110395e-33,0
Cornus,Lycaena_virgaureae,0,-2.8498194247124977e-32,0
Cornus,Lycaena_helle,0,-2.6267794856285385e-32,0
Cornus,Lycaena_alciphron,0,-7.956530516093366e-32,0
Cornus,Lycaena_dispar,0,-1.162529724121933e-31,0
Cornus,Lycaena_hippothoe,0,-2.4170213714868206e-32,0
Cornus,Thecla_betulae,0,2.4294700565823665e-32,0
Cornus,Favonius_quercus,0,-2.0724638300763688e-32,0
Cornus,Satyrium_acaciae,0,-3.128036748974506e-32,0
Cornus,Satyrium_spini,0,2.6043543897536905e-32,0
Cornus,Satyrium_ilicis,0,5.184574620326543e-32,0
Cornus,Lampides_boeticus,0,5.675701320800927e-27,0
Cornus,Celastrina_argiolus,1,3.5909910140016224e-32,0
Cornus,Phengaris_arion,0,-3.089442262636668e-32,0
Cornus,Phengaris_teleius,0,5.5373550580663845e-33,0
Cornus,Phengaris_nausithous,0,-2.414072711741098e-33,0
Cornus,Scolitantides_orion,0,-2.0536006657321317e-32,0
Cornus,Iolana_iolas,0,5.6756979902545855e-27,0
Cornus,Glaucopsyche_alexis,0,-1.1463904652504523e-25,0
Cornus,Pseudophilotes_baton,0,-2.3815342911389747e-32,0
Cornus,Leptotes_pirithous,0,-7.277859670187033e-26,0
Cornus,Cupido_argiades,0,-3.115459406794036e-25,0
Cornus,Cupido_alcetas,0,1.2736550461092766e-25,0
Cornus,Cupido_osiris,0,1.8208569108659768e-26,0
Cornus,Cupido_minimus,0,1.8080545592287685e-25,0
Cornus,Plebejus_argus,0,2.365633789919173e-25,0
Cornus,Plebejus_idas,0,1.6088907087909228e-26,0
Cornus,Plebejus_argyrognomon,0,1.6038396258014726e-25,0
Cornus,Cyaniris_semiargus,0,-1.288699275484007e-25,0
Cornus,Aricia_nicias,0,1.296836948880232e-26,0
Cornus,Aricia_artaxerxes,0,7.069431756591289e-26,0
Cornus,Aricia_agestis,0,6.8314526028595e-26,0
Cornus,Polyommatus_escheri,0,1.4666847895550068e-25,0
Cornus,Polyommatus_thersites,0,1.2532941147924346e-26,0
Cornus,Polyommatus_amandus,0,-3.881719776442598e-26,0
Cornus,Polyommatus_icarus,0,-4.149006805649509e-25,0
Cornus,Polyommatus_eros,0,1.5920144006891984e-25,0
Cornus,Polyommatus_dorylas,0,3.41369465829341e-26,0
Cornus,Polyommatus_damon,0,1.2532941147924346e-26,0
Cornus,Neptis_rivularis,0,-4.9290996825296416e-33,0
Cornus,Limenitis_populi,0,-3.078371854494732e-45,0
Cornus,Limenitis_reducta,0,-2.5989323579211012e-45,0
Cornus,Limenitis_camilla,0,2.059729909117169e-45,0
Cornus,Issoria_lathonia,0,1.9794412388504313e-18,0
Cornus,Brenthis_ino,0,-3.273111723429768e-33,0
Cornus,Argynnis_paphia,0,1.9794412388504313e-18,0
Cornus,Fabriciana_adippe,0,1.9794412388504313e-18,0
Cornus,Boloria_pales,0,2.1904798966750962e-18,0
Cornus,Boloria_napaea,0,1.9794412388504313e-18,0
Cornus,Boloria_aquilonaris,0,-2.761908662649696e-32,0
Cornus,Boloria_selene,0,1.9794412388504313e-18,0
Cornus,Boloria_dia,0,1.9794412388504313e-18,0
Cornus,Boloria_euphrosyne,0,1.9794412388504313e-18,0
Cornus,Boloria_titania,0,1.9794412388504313e-18,0
Cornus,Apatura_iris,0,3.849697216578032e-46,0
Cornus,Apatura_ilia,0,1.3755960477861538e-45,0
Cornus,Araschnia_levana,0,4.154928549430782e-18,0
Cornus,Vanessa_cardui,0,8.597330557952467e-18,0
Cornus,Vanessa_atalanta,0,4.154928549430782e-18,0
Cornus,Aglais_io,0,4.944757278174427e-18,0
Cornus,Aglais_urticae,0,4.154928549430782e-18,0
Cornus,Nymphalis_polychloros,0,-1.025285281979153e-45,0
Cornus,Nymphalis_antiopa,0,3.849697216578032e-46,0
Cornus,Euphydryas_cynthia,0,2.1904798966750962e-18,0
Cornus,Euphydryas_intermedia,0,5.372186096362857e-46,0
Cornus,Melitaea_didyma,0,1.2983844038504263e-20,0
Cornus,Melitaea_phoebe,0,1.989600743691202e-18,0
Cornus,Melitaea_cinxia,0,3.219275512541377e-20,0
Cornus,Melitaea_diamina,0,0,0
Cornus,Melitaea_aurelia,0,2.1103865782466043e-19,0
Cornus,Melitaea_varia,0,2.1103865782466043e-19,0
Cornus,Melitaea_parthenoides,0,1.8054672735172883e-19,0
Cornus,Melitaea_deione,0,-1.3918358255178284e-19,0
Cornus,Melitaea_athalia,0,-4.164365255055797e-19,0
Cornus,Melitaea_britomartis,0,3.219275512541377e-20,0
Cornus,Libythea_celtis,0,-5.604853869366102e-46,0
Cornus,Lasiommata_maera,0,4.05110581397373e-19,0
Cornus,Lasiommata_petropolitana,0,-2.7090825299885625e-18,0
Cornus,Lasiommata_megera,0,4.524907307148989e-18,0
Cornus,Lopinga_achine,0,7.904254906694663e-19,0
Cornus,Coenonympha_glycerion,0,6.618658071632024e-18,0
Cornus,Coenonympha_pamphilus,0,3.3074240502749013e-18,0
Cornus,Coenonympha_tullia,0,9.607944107558968e-18,0
Cornus,Melanargia_galathea,0,3.0005740660181025e-18,0
Cornus,Hipparchia_statilinus,0,8.229038762912099e-18,0
Cornus,Hipparchia_fagi,0,4.524907307148989e-18,0
Cornus,Hipparchia_semele,0,-2.7090825299885625e-18,0
Cornus,Oeneis_glacialis,0,-2.7090825299885625e-18,0
Cornus,Brintesia_circe,0,4.524907307148989e-18,0
Cornus,Satyrus_ferula,0,-2.7090825299885625e-18,0
Cornus,Hyponephele_lycaon,0,9.950489257745435e-19,0
Cornus,Aphantopus_hyperantus,0,4.524907307148989e-18,0
Cornus,Maniola_jurtina,0,4.524907307148989e-18,0
Cornus,Erebia_nivalis,0,-2.7090825299885625e-18,0
Cornus,Erebia_tyndarus,0,1.5109343674899592e-18,0
Cornus,Erebia_christi,0,-2.7090825299885625e-18,0
Cornus,Erebia_pharte,0,2.1706915003226494e-18,0
Cornus,Erebia_epiphron,0,-2.7090825299885625e-18,0
Cornus,Erebia_meolans,0,-2.7090825299885625e-18,0
Cornus,Erebia_triarius,0,9.950489257745435e-19,0
Cornus,Erebia_medusa,0,1.815824777160427e-18,0
Cornus,Erebia_aethiops,0,3.817631554782886e-18,0
Cornus,Erebia_pandrose,0,-5.1691649779169656e-18,0
Cornus,Erebia_flavofasciata,0,-2.7090825299885625e-18,0
Cornus,Erebia_gorge,0,-5.005999990347828e-18,0
Cornus,Erebia_pluto,0,-5.005999990347828e-18,0
Cornus,Erebia_sudetica,0,4.9384832793477415e-18,0
Cornus,Erebia_melampus,0,1.6740993550591096e-18,0
Cornus,Erebia_manto,0,1.2690504827216663e-17,0
Cornus,Erebia_eriphyle,0,1.8269647483305655e-17,0
Cornus,Erebia_euryale,0,6.717337726367503e-19,0
Cornus,Erebia_ligea,0,9.56866623526921e-18,0
Cornus,Erebia_oeme,0,-4.6262011167267016e-18,0
Cornus,Erebia_mnestra,0,-1.741616066059181e-18,0
Cornus,Erebia_styx,0,9.674664639293844e-19,0
Gentiana,Parnassius_mnemosyne,0,0,0
Gentiana,Parnassius_apollo,0,0,0
Gentiana,Parnassius_phoebus,0,0,0
Gentiana,Iphiclides_podalirius,0,5.895262560421254e-67,0
Gentiana,Papilio_machaon,0,-2.369689524566864e-46,0
Gentiana,Carcharodus_alceae,0,6.919266596931062e-47,0
Gentiana,Spialia_sertorius,0,-2.6792999998231204e-46,0
Gentiana,Erynnis_tages,0,1.0361878113561478e-45,0
Gentiana,Pyrgus_carthami,0,-1.638875348367646e-45,0
Gentiana,Pyrgus_malvae,0,-3.0031963721838733e-44,0
Gentiana,Pyrgus_andromedae,0,-1.1413526027061618e-44,0
Gentiana,Pyrgus_cacaliae,0,-9.190205247452606e-45,0
Gentiana,Pyrgus_serratulae,0,-9.465301669263462e-45,0
Gentiana,Pyrgus_armoricanus,0,1.6456845406764156e-44,0
Gentiana,Pyrgus_cirsii,0,9.607357330998047e-46,0
Gentiana,Pyrgus_carlinae,0,5.695082308782241e-45,0
Gentiana,Pyrgus_alveus,0,-1.9978227420647838e-44,0
Gentiana,Heteropterus_morpheus,0,4.051780250357951e-30,0
Gentiana,Carterocephalus_palaemon,0,8.615554644650523e-31,0
Gentiana,Thymelicus_acteon,0,6.537781069150607e-30,0
Gentiana,Thymelicus_sylvestris,0,-9.747348602710309e-30,0
Gentiana,Thymelicus_lineola,0,3.351179816206802e-30,0
Gentiana,Ochlodes_sylvanus,0,1.043967779938486e-29,0
Gentiana,Hesperia_comma,0,7.572397909739558e-30,0
Gentiana,Gonepteryx_rhamni,0,-8.104688712344799e-45,0
Gentiana,Colias_alfacariensis,0,-2.7593843500993794e-44,0
Gentiana,Colias_phicomone,0,-2.036249540802643e-44,0
Gentiana,Colias_palaeno,0,3.9134920021157534e-45,0
Gentiana,Anthocharis_cardamines,0,-2.2769756718064174e-44,0
Gentiana,Aporia_crataegi,0,-1.9582740121885697e-46,0
Gentiana,Pontia_callidice,0,-3.6460663122905367e-44,0
Gentiana,Pieris_brassicae,0,-1.281390836182857e-44,0
Gentiana,Pieris_mannii,0,-2.6243466543192087e-44,0
Gentiana,Pieris_bryoniae,0,-6.746659867702146e-44,0
Gentiana,Hamearis_lucina,0,-3.662853743933653e-44,0
Gentiana,Lycaena_phlaeas,0,-4.900539174090779e-44,0
Gentiana,Lycaena_virgaureae,0,-4.382031474105353e-44,0
Gentiana,Lycaena_helle,0,6.913108606323288e-45,0
Gentiana,Lycaena_alciphron,0,-4.605516892517655e-44,0
Gentiana,Lycaena_dispar,0,-6.528928721221926e-44,0
Gentiana,Lycaena_hippothoe,0,-6.705599639102442e-44,0
Gentiana,Thecla_betulae,0,-4.161360082673738e-44,0
Gentiana,Favonius_quercus,0,-7.483751237707963e-46,0
Gentiana,Satyrium_acaciae,0,4.284706353504167e-44,0
Gentiana,Satyrium_spini,0,5.223293523919903e-44,0
Gentiana,Satyrium_ilicis,0,-3.986996554437253e-44,0
Gentiana,Lampides_boeticus,0,-2.765538298929326e-44,0
Gentiana,Celastrina_argiolus,0,-6.520355962335429e-45,0
Gentiana,Phengaris_arion,0,-1.3693608238690046e-47,0
Gentiana,Phengaris_teleius,0,-1.1697749413853563e-45,0
Gentiana,Phengaris_nausithous,0,-4.324895493765135e-46,0
Gentiana,Scolitantides_orion,0,4.0129753285435375e-49,0
Gentiana,Iolana_iolas,0,-3.1487914826588214e-44,0
Gentiana,Glaucopsyche_alexis,0,-5.267088124191054e-44,0
Gentiana,Pseudophilotes_baton,0,2.6336739506809807e-48,0
Gentiana,Leptotes_pirithous,0,2.671592885422611e-45,0
Gentiana,Cupido_argiades,0,1.1047783422723076e-44,0
Gentiana,Cupido_alcetas,0,-1.2039410370967018e-44,0
Gentiana,Cupido_osiris,0,-8.089469845602189e-44,0
Gentiana,Cupido_minimus,0,7.188443487622552e-44,0
Gentiana,Plebejus_argus,0,2.8232521194164484e-44,0
Gentiana,Plebejus_idas,0,5.418478933745857e-46,0
Gentiana,Plebejus_argyrognomon,0,-2.709665993243106e-44,0
Gentiana,Cyaniris_semiargus,0,6.201340051227921e-45,0
Gentiana,Aricia_nicias,0,-4.264324374482717e-45,0
Gentiana,Aricia_artaxerxes,0,3.164470600049141e-44,0
Gentiana,Aricia_agestis,0,3.310645991770669e-44,0
Gentiana,Polyommatus_escheri,0,5.393682152080613e-44,0
Gentiana,Polyommatus_thersites,0,-5.556747000451493e-44,0
Gentiana,Polyommatus_amandus,0,3.395137302351506e-45,0
Gentiana,Polyommatus_icarus,0,3.2227101374963257e-44,0
Gentiana,Polyommatus_eros,0,-4.8699047985843884e-45,0
Gentiana,Polyommatus_dorylas,0,2.0658501381229008e-44,0
Gentiana,Polyommatus_damon,0,-5.556747000451493e-44,0
Gentiana,Neptis_rivularis,0,1.50447369993975e-45,0
Gentiana,Limenitis_populi,0,-9.305584149966192e-66,0
Gentiana,Limenitis_reducta,0,-8.446366055611341e-67,0
Gentiana,Limenitis_camilla,0,3.853665966099735e-67,0
Gentiana,Issoria_lathonia,0,-2.6484656295744176e-30,0
Gentiana,Brenthis_ino,0,-5.474051277904873e-46,0
Gentiana,Argynnis_paphia,0,-2.6484656295744176e-30,0
Gentiana,Fabriciana_adippe,0,-2.6484656295744176e-30,0
Gentiana,Boloria_pales,0,2.299877023617437e-30,0
Gentiana,Boloria_napaea,0,-2.6484656295744176e-30,0
Gentiana,Boloria_aquilonaris,0,-4.147298016089619e-46,0
Gentiana,Boloria_selene,0,-2.6484656295744176e-30,0
Gentiana,Boloria_dia,0,-2.6484656295744176e-30,0
Gentiana,Boloria_euphrosyne,0,-2.6484656295744176e-30,0
Gentiana,Boloria_titania,0,-2.6484656295744176e-30,0
Gentiana,Apatura_iris,0,9.665626188710358e-66,0
Gentiana,Apatura_ilia,0,-1.0472675662594763e-65,0
Gentiana,Araschnia_levana,0,-1.595626387676243e-28,0
Gentiana,Vanessa_cardui,0,-3.3081298479696293e-28,0
Gentiana,Vanessa_atalanta,0,-1.595626387676243e-28,0
Gentiana,Aglais_io,0,-1.8987903700269628e-28,0
Gentiana,Aglais_urticae,0,-1.595626387676243e-28,0
Gentiana,Nymphalis_polychloros,0,4.075069856056392e-67,0
Gentiana,Nymphalis_antiopa,0,9.665626188710358e-66,0
Gentiana,Euphydryas_cynthia,0,2.299877023617437e-30,0
Gentiana,Euphydryas_intermedia,0,1.0075619867825423e-67,0
Gentiana,Melitaea_didyma,0,-1.0860377117348029e-29,0
Gentiana,Melitaea_phoebe,0,-8.014396086795099e-29,0
Gentiana,Melitaea_cinxia,0,6.97144280573333e-30,0
Gentiana,Melitaea_diamina,0,0,0
Gentiana,Melitaea_aurelia,0,4.948342653191858e-30,0
Gentiana,Melitaea_varia,0,4.948342653191858e-30,0
Gentiana,Melitaea_parthenoides,0,3.8250751026336285e-30,0
Gentiana,Melitaea_deione,0,-2.4162160800576107e-31,0
Gentiana,Melitaea_athalia,0,9.588660019748917e-30,0
Gentiana,Melitaea_britomartis,0,6.97144280573333e-30,0
Gentiana,Libythea_celtis,0,-9.099267660254594e-66,0
Gentiana,Lasiommata_maera,0,4.851892534043813e-30,0
Gentiana,Lasiommata_petropolitana,0,2.6474194226700344e-30,0
Gentiana,Lasiommata_megera,0,-6.021655647816537e-30,0
Gentiana,Lopinga_achine,0,2.610819789794138e-30,0
Gentiana,Coenonympha_glycerion,0,1.4599533016108777e-30,0
Gentiana,Coenonympha_pamphilus,0,-4.682745707702201e-30,0
Gentiana,Coenonympha_tullia,0,3.276389862955191e-30,0
Gentiana,Melanargia_galathea,0,-3.680650178481625e-30,0
Gentiana,Hipparchia_statilinus,0,-3.769792221993796e-30,0
Gentiana,Hipparchia_fagi,0,-6.021655647816537e-30,0
Gentiana,Hipparchia_semele,0,2.6474194226700344e-30,0
Gentiana,Oeneis_glacialis,0,2.6474194226700344e-30,0
Gentiana,Brintesia_circe,0,-6.021655647816537e-30,0
Gentiana,Satyrus_ferula,0,2.6474194226700344e-30,0
Gentiana,Hyponephele_lycaon,0,4.899282848492775e-30,0
Gentiana,Aphantopus_hyperantus,0,-6.021655647816537e-30,0
Gentiana,Maniola_jurtina,0,-6.021655647816537e-30,0
Gentiana,Erebia_nivalis,0,2.6474194226700344e-30,0
Gentiana,Erebia_tyndarus,0,2.429270948145858e-30,0
Gentiana,Erebia_christi,0,2.6474194226700344e-30,0
Gentiana,Erebia_pharte,0,5.233671306926118e-30,0
Gentiana,Erebia_epiphron,0,2.6474194226700344e-30,0
Gentiana,Erebia_meolans,0,2.6474194226700344e-30,0
Gentiana,Erebia_triarius,0,4.899282848492775e-30,0
Gentiana,Erebia_medusa,0,-3.374236225146507e-30,0
Gentiana,Erebia_aethiops,0,1.902533652383001e-30,0
Gentiana,Erebia_pandrose,0,-7.16887451446852e-30,0
Gentiana,Erebia_flavofasciata,0,2.6474194226700344e-30,0
Gentiana,Erebia_gorge,0,-7.310546159380215e-30,0
Gentiana,Erebia_pluto,0,-7.310546159380215e-30,0
Gentiana,Erebia_sudetica,0,2.5300640429523408e-30,0
Gentiana,Erebia_melampus,0,2.2875993032341388e-30,0
Gentiana,Erebia_manto,0,2.3272248596266836e-30,0
Gentiana,Erebia_eriphyle,0,2.8395039198040873e-30,0
Gentiana,Erebia_euryale,0,-3.9632957858146995e-30,0
Gentiana,Erebia_ligea,0,-1.0989839777104273e-29,0
Gentiana,Erebia_oeme,0,7.805096013048102e-30,0
Gentiana,Erebia_mnestra,0,-7.068081419662036e-30,0
Gentiana,Erebia_styx,0,-9.71550084233207e-30,0
Thymus,Parnassius_mnemosyne,0,0,0
Thymus,Parnassius_apollo,0,0,0
Thymus,Parnassius_phoebus,0,0,0
Thymus,Iphiclides_podalirius,0,1.1568112271584332e-58,0
Thymus,Papilio_machaon,0,3.0524499885955024e-35,0
Thymus,Carcharodus_alceae,0,7.428835329925741e-34,0
Thymus,Spialia_sertorius,0,-2.962220190481988e-34,0
Thymus,Erynnis_tages,0,-7.529431036493907e-33,0
Thymus,Pyrgus_carthami,0,-3.622347079937498e-32,0
Thymus,Pyrgus_malvae,0,-2.664270495770857e-33,0
Thymus,Pyrgus_andromedae,0,-2.19426302353502e-32,0
Thymus,Pyrgus_cacaliae,0,-2.746284078691164e-32,0
Thymus,Pyrgus_serratulae,0,6.214281647265782e-32,0
Thymus,Pyrgus_armoricanus,0,-2.995206840128705e-32,0
Thymus,Pyrgus_cirsii,0,4.406173790426777e-32,0
Thymus,Pyrgus_carlinae,0,-1.0992290882340553e-32,0
Thymus,Pyrgus_alveus,0,5.512584843184889e-33,0
Thymus,Heteropterus_morpheus,0,6.362163159103294e-22,0
Thymus,Carterocephalus_palaemon,0,1.267689004612371e-22,0
Thymus,Thymelicus_acteon,0,9.783801505896978e-22,0
Thymus,Thymelicus_sylvestris,0,-1.505677714457797e-21,0
Thymus,Thymelicus_lineola,0,5.333633782316681e-22,0
Thymus,Ochlodes_sylvanus,0,1.6566080362154437e-21,0
Thymus,Hesperia_comma,0,1.1956064548388868e-21,0
Thymus,Gonepteryx_rhamni,0,-3.504898126886289e-32,0
Thymus,Colias_alfacariensis,0,-6.917346226574519e-33,0
Thymus,Colias_phicomone,0,-1.0023766239592708e-32,0
Thymus,Colias_palaeno,0,2.0510741593311956e-32,0
Thymus,Anthocharis_cardamines,0,6.670858819820349e-17,0
Thymus,Aporia_crataegi,0,4.639496663909974e-33,0
Thymus,Pontia_callidice,0,1.2160146144143433e-16,0
Thymus,Pieris_brassicae,0,2.83860791706223e-33,0
Thymus,Pieris_mannii,0,-4.9622496347676086e-33,0
Thymus,Pieris_bryoniae,0,1.8831004963963795e-16,0
Thymus,Hamearis_lucina,0,-7.346191549338007e-32,0
Thymus,Lycaena_phlaeas,0,2.691747449281382e-32,0
Thymus,Lycaena_virgaureae,0,6.12813690380144e-32,0
Thymus,Lycaena_helle,0,2.4060695339442246e-32,0
Thymus,Lycaena_alciphron,0,1.0849049533625564e-31,0
Thymus,Lycaena_dispar,0,1.8674239756347322e-31,0
Thymus,Lycaena_hippothoe,0,5.756004164398793e-32,0
Thymus,Thecla_betulae,0,-3.1974651336014846e-32,0
Thymus,Favonius_quercus,0,2.6119687714753085e-32,0
Thymus,Satyrium_acaciae,0,3.2133482030432775e-32,0
Thymus,Satyrium_spini,0,-2.9927050843025755e-32,0
Thymus,Satyrium_ilicis,0,-6.228101057816125e-32,0
Thymus,Lampides_boeticus,0,-2.2753755439916631e-32,0
Thymus,Celastrina_argiolus,0,-3.7867468920988513e-32,0
Thymus,Phengaris_arion,1,3.7895247118020634e-32,0
Thymus,Phengaris_teleius,0,-5.327782085019319e-33,0
Thymus,Phengaris_nausithous,0,4.409283035767562e-33,0
Thymus,Scolitantides_orion,0,2.5188815085986783e-32,0
Thymus,Iolana_iolas,0,-1.9508272402137758e-32,0
Thymus,Glaucopsyche_alexis,0,-1.9369730602825433e-32,0
Thymus,Pseudophilotes_baton,1,2.921103826417823e-32,0
Thymus,Leptotes_pirithous,0,1.0907443871721745e-32,0
Thymus,Cupido_argiades,0,5.591171514417517e-32,0
Thymus,Cupido_alcetas,0,1.8610618508527173e-33,0
Thymus,Cupido_osiris,0,7.639849254209056e-32,0
Thymus,Cupido_minimus,0,3.573934372051201e-32,0
Thymus,Plebejus_argus,0,2.884253378811879e-32,0
Thymus,Plebejus_idas,0,-3.1146510643472983e-32,0
Thymus,Plebejus_argyrognomon,0,3.700066147826526e-32,0
Thymus,Cyaniris_semiargus,0,-8.013168116681359e-32,0
Thymus,Aricia_nicias,0,1.0392586954725635e-32,0
Thymus,Aricia_artaxerxes,0,2.7516594112510257e-32,0
Thymus,Aricia_agestis,0,2.1442215690433579e-32,0
Thymus,Polyommatus_escheri,0,-2.3021622971493865e-33,0
Thymus,Polyommatus_thersites,0,-7.446903901014478e-34,0
Thymus,Polyommatus_amandus,0,-1.9393073211198892e-32,0
Thymus,Polyommatus_icarus,0,1.8452728627200963e-32,0
Thymus,Polyommatus_eros,0,-1.1940658016239998e-32,0
Thymus,Polyommatus_dorylas,0,5.158056389727782e-32,0
Thymus,Polyommatus_damon,0,-7.446903901014478e-34,0
Thymus,Neptis_rivularis,0,4.395841596370399e-33,0
Thymus,Limenitis_populi,0,3.77583477745606e-45,0
Thymus,Limenitis_reducta,0,3.187769263792418e-45,0
Thymus,Limenitis_camilla,0,-2.5264003797949542e-45,0
Thymus,Issoria_lathonia,0,-1.8833687862214085e-22,0
Thymus,Brenthis_ino,0,2.968072945119618e-33,0
Thymus,Argynnis_paphia,0,-1.8833687862214085e-22,0
Thymus,Fabriciana_adippe,0,-1.8833687862214085e-22,0
Thymus,Boloria_pales,0,1.635475585643458e-22,0
Thymus,Boloria_napaea,0,-1.8833687862214085e-22,0
Thymus,Boloria_aquilonaris,0,3.104391806961089e-32,0
Thymus,Boloria_selene,0,-1.8833687862214085e-22,0
Thymus,Boloria_dia,0,-1.8833687862214085e-22,0
Thymus,Boloria_euphrosyne,0,-1.8833687862214085e-22,0
Thymus,Boloria_titania,0,-1.8833687862214085e-22,0
Thymus,Apatura_iris,0,-4.721918380822851e-46,0
Thymus,Apatura_ilia,0,-1.6872631510413993e-45,0
Thymus,Araschnia_levana,0,-1.1346750133665046e-20,0
Thymus,Vanessa_cardui,0,-2.352463150376676e-20,0
Thymus,Vanessa_atalanta,0,-1.1346750133665046e-20,0
Thymus,Aglais_io,0,-1.3502596880710451e-20,0
Thymus,Aglais_urticae,0,-1.1346750133665046e-20,0
Thymus,Nymphalis_polychloros,0,1.2575829065155106e-45,0
Thymus,Nymphalis_antiopa,0,-4.721918380822851e-46,0
Thymus,Euphydryas_cynthia,0,1.635475585643458e-22,0
Thymus,Euphydryas_intermedia,0,-6.5893556888717366e-46,0
Thymus,Melitaea_didyma,0,-7.722982154525169e-22,0
Thymus,Melitaea_phoebe,0,-5.699163037669197e-21,0
Thymus,Melitaea_cinxia,0,4.957503371796418e-22,0
Thymus,Melitaea_diamina,0,0,0
Thymus,Melitaea_aurelia,0,3.5188443719026524e-22,0
Thymus,Melitaea_varia,0,3.5188443719026524e-22,0
Thymus,Melitaea_parthenoides,0,2.7200714778127987e-22,0
Thymus,Melitaea_deione,0,-1.71820352965737e-23,0
Thymus,Melitaea_athalia,0,6.81864923953108e-22,0
Thymus,Melitaea_britomartis,0,4.957503371796418e-22,0
Thymus,Libythea_celtis,0,6.874738716206526e-46,0
Thymus,Lasiommata_maera,0,7.457960659104395e-22,0
Thymus,Lasiommata_petropolitana,0,4.1089218158533867e-22,0
Thymus,Lasiommata_megera,0,-9.445135242566454e-22,0
Thymus,Lopinga_achine,0,4.0950738806568317e-22,0
Thymus,Coenonympha_glycerion,0,2.3113313473242606e-22,0
Thymus,Coenonympha_pamphilus,0,-7.253103244791399e-22,0
Thymus,Coenonympha_tullia,0,4.941096577514233e-22,0
Thymus,Melanargia_galathea,0,-5.768161477283593e-22,0
Thymus,Hipparchia_statilinus,0,-6.068391560797232e-22,0
Thymus,Hipparchia_fagi,0,-9.445135242566454e-22,0
Thymus,Hipparchia_semele,0,4.1089218158533867e-22,0
Thymus,Oeneis_glacialis,0,4.1089218158533867e-22,0
Thymus,Brintesia_circe,0,-9.445135242566454e-22,0
Thymus,Satyrus_ferula,0,4.1089218158533867e-22,0
Thymus,Hyponephele_lycaon,0,7.485665497694947e-22,0
Thymus,Aphantopus_hyperantus,0,-9.445135242566454e-22,0
Thymus,Maniola_jurtina,0,-9.445135242566454e-22,0
Thymus,Erebia_nivalis,0,4.1089218158533867e-22,0
Thymus,Erebia_tyndarus,0,3.8499054695178953e-22,0
Thymus,Erebia_christi,0,4.1089218158533867e-22,0
Thymus,Erebia_pharte,0,8.024032163659214e-22,0
Thymus,Erebia_epiphron,0,4.1089218158533867e-22,0
Thymus,Erebia_meolans,0,4.1089218158533867e-22,0
Thymus,Erebia_triarius,0,7.485665497694947e-22,0
Thymus,Erebia_medusa,0,-5.336213426791325e-22,0
Thymus,Erebia_aethiops,0,2.9897035871649655e-22,0
Thymus,Erebia_pandrose,0,-1.119354580787026e-21,0
Thymus,Erebia_flavofasciata,0,4.1089218158533867e-22,0
Thymus,Erebia_gorge,0,-1.1404154644590367e-21,0
Thymus,Erebia_pluto,0,-1.1404154644590367e-21,0
Thymus,Erebia_sudetica,0,3.9820413380632474e-22,0
Thymus,Erebia_melampus,0,3.6392966327790545e-22,0
Thymus,Erebia_manto,0,3.577621033331199e-22,0
Thymus,Erebia_eriphyle,0,4.338465853884302e-22,0
Thymus,Erebia_euryale,0,-6.126502444296876e-22,0
Thymus,Erebia_ligea,0,-1.7255079536832422e-21,0
Thymus,Erebia_oeme,0,1.2115551357792693e-21,0
Thymus,Erebia_mnestra,0,-1.106140993940067e-21,0
Thymus,Erebia_styx,0,-1.5170331755280322e-21,0
Medicago,Parnassius_mnemosyne,0,0,0
Medicago,Parnassius_apollo,0,0,0
Medicago,Parnassius_phoebus,0,0,0
Medicago,Iphiclides_podalirius,0,6.735065280835216e-16,0
Medicago,Papilio_machaon,0,-9.202326313973121e-17,0
Medicago,Carcharodus_alceae,0,-1.2865975812029708e-16,0
Medicago,Spialia_sertorius,0,4.25653196622901e-16,0
Medicago,Erynnis_tages,0,0.007962426891384692,0
Medicago,Pyrgus_carthami,0,-2.1102108759565118e-4,0
Medicago,Pyrgus_malvae,0,-2.1102108759574916e-4,0
Medicago,Pyrgus_andromedae,0,-2.110210875960667e-4,0
Medicago,Pyrgus_cacaliae,0,-2.1102108759573133e-4,0
Medicago,Pyrgus_serratulae,0,0.0036470142805677262,0
Medicago,Pyrgus_armoricanus,0,-0.016974167236891848,0
Medicago,Pyrgus_cirsii,0,-2.1102108759562724e-4,0
Medicago,Pyrgus_carlinae,0,-0.01035171477657156,0
Medicago,Pyrgus_alveus,0,-0.01035171477657171,0
Medicago,Heteropterus_morpheus,0,1.3152663530603287e-17,0
Medicago,Carterocephalus_palaemon,0,7.586839210211792e-17,0
Medicago,Thymelicus_acteon,0,-9.610287400060825e-17,0
Medicago,Thymelicus_sylvestris,0,3.8222686992127106e-16,0
Medicago,Thymelicus_lineola,0,1.2370443025835085e-16,0
Medicago,Ochlodes_sylvanus,0,-7.773448769549078e-17,0
Medicago,Hesperia_comma,0,3.233659842104838e-17,0
Medicago,Gonepteryx_rhamni,0,-1.502300883122696e-21,0
Medicago,Colias_alfacariensis,0,-0.1515694807027465,0
Medicago,Colias_phicomone,0,0.1542296793999949,1
Medicago,Colias_palaeno,0,4.0199833690005154e-24,0
Medicago,Anthocharis_cardamines,0,-6.1375481227934325e-18,0
Medicago,Aporia_crataegi,0,-2.5235685319686976e-16,0
Medicago,Pontia_callidice,0,-1.1187987349697712e-17,0
Medicago,Pieris_brassicae,0,-1.0621357919122077e-26,0
Medicago,Pieris_mannii,0,-0.041918622755643196,0
Medicago,Pieris_bryoniae,0,-1.7325535548334752e-17,0
Medicago,Hamearis_lucina,0,-1.4640898021564946e-27,0
Medicago,Lycaena_phlaeas,0,-9.886570508739777e-32,0
Medicago,Lycaena_virgaureae,0,1.9120976350809495e-33,0
Medicago,Lycaena_helle,0,4.6326106481719374e-33,0
Medicago,Lycaena_alciphron,0,3.131731192641695e-32,0
Medicago,Lycaena_dispar,0,1.3241597661758277e-31,0
Medicago,Lycaena_hippothoe,0,5.432020058718827e-32,0
Medicago,Thecla_betulae,0,-6.950834253336852e-16,0
Medicago,Favonius_quercus,0,1.4593224576455376e-33,0
Medicago,Satyrium_acaciae,0,-6.950834253336852e-16,0
Medicago,Satyrium_spini,0,-4.739486032283019e-24,0
Medicago,Satyrium_ilicis,0,7.495634829767804e-33,0
Medicago,Lampides_boeticus,0,0.06534467070715015,0
Medicago,Celastrina_argiolus,0,-6.488275633723537e-24,0
Medicago,Phengaris_arion,0,-3.482377740199718e-33,0
Medicago,Phengaris_teleius,0,5.174659556418338e-16,0
Medicago,Phengaris_nausithous,0,5.174659556418338e-16,0
Medicago,Scolitantides_orion,0,-2.3175024638920546e-33,0
Medicago,Iolana_iolas,0,0.06534467070715015,0
Medicago,Glaucopsyche_alexis,1,0.3381414120540295,1
Medicago,Pseudophilotes_baton,0,-2.6878563154365187e-33,0
Medicago,Leptotes_pirithous,0,0.17573753514682958,1
Medicago,Cupido_argiades,1,0.8145062058988959,1
Medicago,Cupido_alcetas,0,-0.026036162043794005,0
Medicago,Cupido_osiris,0,0.13581361213808527,1
Medicago,Cupido_minimus,0,-0.04838151446455263,0
Medicago,Plebejus_argus,0,-0.05736154463875562,0
Medicago,Plebejus_idas,1,1.124614636357281,1
Medicago,Plebejus_argyrognomon,0,-0.104348629752967,0
Medicago,Cyaniris_semiargus,0,0.2670707372168543,1
Medicago,Aricia_nicias,0,-0.01314573285582683,0
Medicago,Aricia_artaxerxes,0,-0.023286426544802948,0
Medicago,Aricia_agestis,0,-0.02062118151745977,0
Medicago,Polyommatus_escheri,0,-0.07848486347530277,0
Medicago,Polyommatus_thersites,0,0.07046894143093511,1
Medicago,Polyommatus_amandus,0,0.08810977565236086,1
Medicago,Polyommatus_icarus,1,1.013116519885006,1
Medicago,Polyommatus_eros,0,-0.008015922044367666,0
Medicago,Polyommatus_dorylas,0,0.030103349010750263,0
Medicago,Polyommatus_damon,0,0.07046894143093511,1
Medicago,Neptis_rivularis,0,1.8645917635201885e-17,0
Medicago,Limenitis_populi,0,-3.4739706455808112e-46,0
Medicago,Limenitis_reducta,0,-2.932918819773932e-46,0
Medicago,Limenitis_camilla,0,2.3244239460635472e-46,0
Medicago,Issoria_lathonia,0,2.4059032764252674e-17,0
Medicago,Brenthis_ino,0,7.709885022223868e-17,0
Medicago,Argynnis_paphia,0,2.4059032764252674e-17,0
Medicago,Fabriciana_adippe,0,2.4059032764252674e-17,0
Medicago,Boloria_pales,0,1.390702744928412e-16,0
Medicago,Boloria_napaea,0,2.4059032764252674e-17,0
Medicago,Boloria_aquilonaris,0,1.121975465320691e-24,0
Medicago,Boloria_selene,0,2.4059032764252674e-17,0
Medicago,Boloria_dia,0,2.4059032764252674e-17,0
Medicago,Boloria_euphrosyne,0,2.4059032764252674e-17,0
Medicago,Boloria_titania,0,2.4059032764252674e-17,0
Medicago,Apatura_iris,0,4.3444182800878066e-47,0
Medicago,Apatura_ilia,0,1.5523726647531788e-46,0
Medicago,Araschnia_levana,0,6.460871122266111e-18,0
Medicago,Vanessa_cardui,0,1.575053207217806e-17,0
Medicago,Vanessa_atalanta,0,6.460871122266111e-18,0
Medicago,Aglais_io,0,7.654906129427835e-18,0
Medicago,Aglais_urticae,0,6.460871122266111e-18,0
Medicago,Nymphalis_polychloros,0,-1.1570437712332031e-46,0
Medicago,Nymphalis_antiopa,0,4.3444182800878066e-47,0
Medicago,Euphydryas_cynthia,0,1.390702744928412e-16,0
Medicago,Euphydryas_intermedia,0,6.062560896852963e-47,0
Medicago,Melitaea_didyma,0,3.7641295688688355e-16,0
Medicago,Melitaea_phoebe,0,3.2825410002086034e-17,0
Medicago,Melitaea_cinxia,0,1.8791243907186682e-16,0
Medicago,Melitaea_diamina,0,0,0
Medicago,Melitaea_aurelia,0,1.1501124172858672e-16,0
Medicago,Melitaea_varia,0,1.1501124172858672e-16,0
Medicago,Melitaea_parthenoides,0,1.5051096804583192e-16,0
Medicago,Melitaea_deione,0,5.13605924036777e-17,0
Medicago,Melitaea_athalia,0,3.3181332535468247e-16,0
Medicago,Melitaea_britomartis,0,1.8791243907186682e-16,0
Medicago,Libythea_celtis,0,-6.325128538579458e-47,0
Medicago,Lasiommata_maera,0,1.6210946154968097e-16,0
Medicago,Lasiommata_petropolitana,0,1.5979542888960704e-16,0
Medicago,Lasiommata_megera,0,-1.760479710816704e-17,0
Medicago,Lopinga_achine,0,2.116589475004691e-17,0
Medicago,Coenonympha_glycerion,0,3.498805744366617e-16,0
Medicago,Coenonympha_pamphilus,0,-1.6209180496271583e-18,0
Medicago,Coenonympha_tullia,0,-9.70046902555224e-17,0
Medicago,Melanargia_galathea,0,2.1513488464051108e-17,0
Medicago,Hipparchia_statilinus,0,-2.6407117651636913e-17,0
Medicago,Hipparchia_fagi,0,-1.760479710816704e-17,0
Medicago,Hipparchia_semele,0,1.5979542888960704e-16,0
Medicago,Oeneis_glacialis,0,1.5979542888960704e-16,0
Medicago,Brintesia_circe,0,-1.760479710816704e-17,0
Medicago,Satyrus_ferula,0,1.5979542888960704e-16,0
Medicago,Hyponephele_lycaon,0,1.5099310834678854e-16,0
Medicago,Aphantopus_hyperantus,0,-1.760479710816704e-17,0
Medicago,Maniola_jurtina,0,-1.760479710816704e-17,0
Medicago,Erebia_nivalis,0,1.5979542888960704e-16,0
Medicago,Erebia_tyndarus,0,9.884456434586499e-17,0
Medicago,Erebia_christi,0,1.5979542888960704e-16,0
Medicago,Erebia_pharte,0,4.734730621457213e-17,0
Medicago,Erebia_epiphron,0,1.5979542888960704e-16,0
Medicago,Erebia_meolans,0,1.5979542888960704e-16,0
Medicago,Erebia_triarius,0,1.5099310834678854e-16,0
Medicago,Erebia_medusa,0,1.4219063178201872e-16,0
Medicago,Erebia_aethiops,0,-1.5850891422043465e-17,0
Medicago,Erebia_pandrose,0,2.080410512880172e-16,0
Medicago,Erebia_flavofasciata,0,1.5979542888960704e-16,0
Medicago,Erebia_gorge,0,1.6431881623924604e-16,0
Medicago,Erebia_pluto,0,1.6431881623924604e-16,0
Medicago,Erebia_sudetica,0,1.2389158753968364e-16,0
Medicago,Erebia_melampus,0,5.5122329296584535e-17,0
Medicago,Erebia_manto,0,-1.9207419907626054e-16,0
Medicago,Erebia_eriphyle,0,-1.4125733165500276e-16,0
Medicago,Erebia_euryale,0,-7.071148307204967e-18,0
Medicago,Erebia_ligea,0,5.565869578544243e-17,0
Medicago,Erebia_oeme,0,-1.966270003383485e-16,0
Medicago,Erebia_mnestra,0,2.3308807448204705e-16,0
Medicago,Erebia_styx,0,7.329264559094615e-17,0
Onobrychis,Parnassius_mnemosyne,0,0,0
Onobrychis,Parnassius_apollo,0,0,0
Onobrychis,Parnassius_phoebus,0,0,0
Onobrychis,Iphiclides_podalirius,0,4.416983074572891e-16,0
Onobrychis,Papilio_machaon,0,-5.947461033600236e-17,0
Onobrychis,Carcharodus_alceae,0,-2.142348761982863e-16,0
Onobrychis,Spialia_sertorius,0,-5.994592891371564e-16,0
Onobrychis,Erynnis_tages,0,-0.19304456976751028,0
Onobrychis,Pyrgus_carthami,0,-0.05347952035467976,0
Onobrychis,Pyrgus_malvae,0,-0.0534795203546798,0
Onobrychis,Pyrgus_andromedae,0,-0.05347952035468,0
Onobrychis,Pyrgus_cacaliae,0,-0.053479520354679635,0
Onobrychis,Pyrgus_serratulae,0,-0.06080530677441492,0
Onobrychis,Pyrgus_armoricanus,0,0.0035586502544717085,0
Onobrychis,Pyrgus_cirsii,0,-0.05347952035467925,0
Onobrychis,Pyrgus_carlinae,0,0.008585684084664426,0
Onobrychis,Pyrgus_alveus,0,0.008585684084664553,0
Onobrychis,Heteropterus_morpheus,0,-1.1372903368142008e-16,0
Onobrychis,Carterocephalus_palaemon,0,-5.939900922351867e-17,0
Onobrychis,Thymelicus_acteon,0,-2.651776156923623e-16,0
Onobrychis,Thymelicus_sylvestris,0,1.957906979788197e-16,0
Onobrychis,Thymelicus_lineola,0,-8.785169902068027e-17,0
Onobrychis,Ochlodes_sylvanus,0,-3.245013000190427e-16,0
Onobrychis,Hesperia_comma,0,-1.8798255174573694e-16,0
Onobrychis,Gonepteryx_rhamni,0,-7.863572109763569e-24,0
Onobrychis,Colias_alfacariensis,0,-0.12083143814891373,0
Onobrychis,Colias_phicomone,0,-0.03816388821740243,0
Onobrychis,Colias_palaeno,0,7.57326010932135e-26,0
Onobrychis,Anthocharis_cardamines,0,1.9178809736729406e-18,0
Onobrychis,Aporia_crataegi,0,3.462086749695247e-17,0
Onobrychis,Pontia_callidice,0,3.4960585323494135e-18,0
Onobrychis,Pieris_brassicae,0,-1.8535787071132536e-28,0
Onobrychis,Pieris_mannii,0,-0.0500691509192147,0
Onobrychis,Pieris_bryoniae,0,5.413939504921052e-18,0
Onobrychis,Hamearis_lucina,0,-2.5234423361005642e-29,0
Onobrychis,Lycaena_phlaeas,0,4.781276536872691e-31,0
Onobrychis,Lycaena_virgaureae,0,5.726687773353435e-31,0
Onobrychis,Lycaena_helle,0,-7.296794571836671e-32,0
Onobrychis,Lycaena_alciphron,0,4.485465196659991e-31,0
Onobrychis,Lycaena_dispar,0,7.643104962923656e-31,0
Onobrychis,Lycaena_hippothoe,0,4.977492870263534e-31,0
Onobrychis,Thecla_betulae,0,-5.948760339982251e-16,0
Onobrychis,Favonius_quercus,0,1.915105971152577e-32,0
Onobrychis,Satyrium_acaciae,0,-5.948760339982251e-16,0
Onobrychis,Satyrium_spini,0,7.366685159183536e-29,0
Onobrychis,Satyrium_ilicis,0,3.5342374388808746e-32,0
Onobrychis,Lampides_boeticus,0,0.14478287819509528,1
Onobrychis,Celastrina_argiolus,0,3.516963939238464e-27,0
Onobrychis,Phengaris_arion,0,1.1190457687517335e-33,0
Onobrychis,Phengaris_teleius,0,-5.281890055054208e-16,0
Onobrychis,Phengaris_nausithous,0,-5.281890055054208e-16,0
Onobrychis,Scolitantides_orion,0,7.2390894635356285e-34,0
Onobrychis,Iolana_iolas,0,0.14478287819509528,1
Onobrychis,Glaucopsyche_alexis,1,0.35372780333059417,1
Onobrychis,Pseudophilotes_baton,0,8.36582872369496e-34,0
Onobrychis,Leptotes_pirithous,0,0.0651830964031356,0
Onobrychis,Cupido_argiades,0,0.03165058271107912,0
Onobrychis,Cupido_alcetas,0,-0.1600139104434803,0
Onobrychis,Cupido_osiris,1,0.4280417400947543,1
Onobrychis,Cupido_minimus,0,0.620100923655401,1
Onobrychis,Plebejus_argus,0,0.04604529692132342,0
Onobrychis,Plebejus_idas,1,1.2087169553310475,1
Onobrychis,Plebejus_argyrognomon,0,-0.1048115306308931,0
Onobrychis,Cyaniris_semiargus,0,0.038528001792113103,0
Onobrychis,Aricia_nicias,0,0.0023192855502909746,0
Onobrychis,Aricia_artaxerxes,0,0.06438448998963522,0
Onobrychis,Aricia_agestis,0,0.06436395702888642,0
Onobrychis,Polyommatus_escheri,0,0.4631888508061544,1
Onobrychis,Polyommatus_thersites,1,0.2832588618996589,1
Onobrychis,Polyommatus_amandus,0,-0.06510290582982209,0
Onobrychis,Polyommatus_icarus,0,0.13739627999417742,1
Onobrychis,Polyommatus_eros,1,0.7464477127058134,1
Onobrychis,Polyommatus_dorylas,0,0.1569120728492469,1
Onobrychis,Polyommatus_damon,1,0.2832588618996589,1
Onobrychis,Neptis_rivularis,0,-1.1701036023584137e-16,0
Onobrychis,Limenitis_populi,0,1.0855579786307328e-46,0
Onobrychis,Limenitis_reducta,0,9.16488199626746e-47,0
Onobrychis,Limenitis_camilla,0,-7.263437153628829e-47,0
Onobrychis,Issoria_lathonia,0,-1.8418421349885475e-17,0
Onobrychis,Brenthis_ino,0,-6.327626569033203e-16,0
Onobrychis,Argynnis_paphia,0,-1.8418421349885475e-17,0
Onobrychis,Fabriciana_adippe,0,-1.8418421349885475e-17,0
Onobrychis,Boloria_pales,0,-9.813826178961072e-17,0
Onobrychis,Boloria_napaea,0,-1.8418421349885475e-17,0
Onobrychis,Boloria_aquilonaris,0,1.9309173093669795e-26,0
Onobrychis,Boloria_selene,0,-1.8418421349885475e-17,0
Onobrychis,Boloria_dia,0,-1.8418421349885475e-17,0
Onobrychis,Boloria_euphrosyne,0,-1.8418421349885475e-17,0
Onobrychis,Boloria_titania,0,-1.8418421349885475e-17,0
Onobrychis,Apatura_iris,0,-1.3575592715871506e-47,0
Onobrychis,Apatura_ilia,0,-4.850904527985746e-47,0
Onobrychis,Araschnia_levana,0,1.4394474973118257e-16,0
Onobrychis,Vanessa_cardui,0,2.969697387882146e-16,0
Onobrychis,Vanessa_atalanta,0,1.4394474973118257e-16,0
Onobrychis,Aglais_io,0,1.713140308946091e-16,0
Onobrychis,Aglais_urticae,0,1.4394474973118257e-16,0
Onobrychis,Nymphalis_polychloros,0,3.615568744618767e-47,0
Onobrychis,Nymphalis_antiopa,0,-1.3575592715871506e-47,0
Onobrychis,Euphydryas_cynthia,0,-9.813826178961072e-17,0
Onobrychis,Euphydryas_intermedia,0,-1.8944491661909168e-47,0
Onobrychis,Melitaea_didyma,0,-2.3157366342775827e-16,0
Onobrychis,Melitaea_phoebe,0,5.354439799062901e-17,0
Onobrychis,Melitaea_cinxia,0,-1.2823855114161387e-16,0
Onobrychis,Melitaea_diamina,0,0,0
Onobrychis,Melitaea_aurelia,0,-7.971984043972531e-17,0
Onobrychis,Melitaea_varia,0,-7.971984043972531e-17,0
Onobrychis,Melitaea_parthenoides,0,-1.0136970049198823e-16,0
Onobrychis,Melitaea_deione,0,-3.245612929486602e-17,0
Onobrychis,Melitaea_athalia,0,-2.223457933844615e-16,0
Onobrychis,Melitaea_britomartis,0,-1.2823855114161387e-16,0
Onobrychis,Libythea_celtis,0,1.9764981286579715e-47,0
Onobrychis,Lasiommata_maera,0,-1.8501822700789597e-16,0
Onobrychis,Lasiommata_petropolitana,0,-1.0886581281517737e-16,0
Onobrychis,Lasiommata_megera,0,1.4817141569411308e-16,0
Onobrychis,Lopinga_achine,0,-8.0475094545657e-17,0
Onobrychis,Coenonympha_glycerion,0,-1.3797576406094427e-16,0
Onobrychis,Coenonympha_pamphilus,0,1.6852440390929638e-16,0
Onobrychis,Coenonympha_tullia,0,-9.852099256103301e-17,0
Onobrychis,Melanargia_galathea,0,7.003200630958222e-17,0
Onobrychis,Hipparchia_statilinus,0,6.433290587969443e-17,0
Onobrychis,Hipparchia_fagi,0,1.4817141569411308e-16,0
Onobrychis,Hipparchia_semele,0,-1.0886581281517737e-16,0
Onobrychis,Oeneis_glacialis,0,-1.0886581281517737e-16,0
Onobrychis,Brintesia_circe,0,1.4817141569411308e-16,0
Onobrychis,Satyrus_ferula,0,-1.0886581281517737e-16,0
Onobrychis,Hyponephele_lycaon,0,-1.9270432262958928e-16,0
Onobrychis,Aphantopus_hyperantus,0,1.4817141569411308e-16,0
Onobrychis,Maniola_jurtina,0,1.4817141569411308e-16,0
Onobrychis,Erebia_nivalis,0,-1.0886581281517737e-16,0
Onobrychis,Erebia_tyndarus,0,-4.0598373988677996e-17,0
Onobrychis,Erebia_christi,0,-1.0886581281517737e-16,0
Onobrychis,Erebia_pharte,0,-1.750366553099924e-16,0
Onobrychis,Erebia_epiphron,0,-1.0886581281517737e-16,0
Onobrychis,Erebia_meolans,0,-1.0886581281517737e-16,0
Onobrychis,Erebia_triarius,0,-1.9270432262958928e-16,0
Onobrychis,Erebia_medusa,0,3.930560287894041e-17,0
Onobrychis,Erebia_aethiops,0,-7.690780370027178e-17,0
Onobrychis,Erebia_pandrose,0,1.0666665084113124e-16,0
Onobrychis,Erebia_flavofasciata,0,-1.0886581281517737e-16,0
Onobrychis,Erebia_gorge,0,1.2013978343064724e-16,0
Onobrychis,Erebia_pluto,0,1.2013978343064724e-16,0
Onobrychis,Erebia_sudetica,0,-5.553717391611097e-17,0
Onobrychis,Erebia_melampus,0,-2.7125241399163567e-17,0
Onobrychis,Erebia_manto,0,6.309289937507572e-19,0
Onobrychis,Erebia_eriphyle,0,-3.011668868431321e-17,0
Onobrychis,Erebia_euryale,0,6.62569684853563e-17,0
Onobrychis,Erebia_ligea,0,1.8427382696224813e-16,0
Onobrychis,Erebia_oeme,0,-1.9887696499991038e-16,0
Onobrychis,Erebia_mnestra,0,9.172785091369854e-17,0
Onobrychis,Erebia_styx,0,2.005936637288647e-16,0
Melilotus,Parnassius_mnemosyne,0,0,0
Melilotus,Parnassius_apollo,0,0,0
Melilotus,Parnassius_phoebus,0,0,0
Melilotus,Iphiclides_podalirius,0,3.944128344644278e-16,0
Melilotus,Papilio_machaon,0,-6.431656351468561e-17,0
Melilotus,Carcharodus_alceae,0,-7.733855711787655e-17,0
Melilotus,Spialia_sertorius,0,2.4741611184737645e-16,0
Melilotus,Erynnis_tages,0,0.04827681878875139,0
Melilotus,Pyrgus_carthami,0,0.0045093324753837484,0
Melilotus,Pyrgus_malvae,0,0.00450933247538368,0
Melilotus,Pyrgus_andromedae,0,0.004509332475383439,0
Melilotus,Pyrgus_cacaliae,0,0.0045093324753836955,0
Melilotus,Pyrgus_serratulae,0,0.0068911314713366225,0
Melilotus,Pyrgus_armoricanus,0,0.01589177194853135,0
Melilotus,Pyrgus_cirsii,0,0.004509332475383772,0
Melilotus,Pyrgus_carlinae,0,0.018447072487597818,0
Melilotus,Pyrgus_alveus,0,0.01844707248759773,0
Melilotus,Heteropterus_morpheus,0,6.197784395624404e-17,0
Melilotus,Carterocephalus_palaemon,0,-1.7278039274762063e-17,0
Melilotus,Thymelicus_acteon,0,1.3894641575823094e-16,0
Melilotus,Thymelicus_sylvestris,0,-1.0392777967918616e-16,0
Melilotus,Thymelicus_lineola,0,-2.6786366085930004e-17,0
Melilotus,Ochlodes_sylvanus,0,2.32898284452197e-16,0
Melilotus,Hesperia_comma,0,-7.432055439264189e-17,0
Melilotus,Gonepteryx_rhamni,0,-8.63483414635363e-22,0
Melilotus,Colias_alfacariensis,0,-0.06733052966693329,0
Melilotus,Colias_phicomone,0,0.12886903768439684,1
Melilotus,Colias_palaeno,0,2.3118946588707716e-24,0
Melilotus,Anthocharis_cardamines,0,2.310229771339473e-18,0
Melilotus,Aporia_crataegi,0,-1.1309716819942313e-16,0
Melilotus,Pontia_callidice,0,4.211261440948935e-18,0
Melilotus,Pieris_brassicae,0,-6.107850009054776e-27,0
Melilotus,Pieris_mannii,0,-0.022580838030730157,0
Melilotus,Pieris_bryoniae,0,6.521491168678491e-18,0
Melilotus,Hamearis_lucina,0,-8.419753172062969e-28,0
Melilotus,Lycaena_phlaeas,0,-1.4647215500852635e-31,0
Melilotus,Lycaena_virgaureae,0,-3.206840772012002e-32,0
Melilotus,Lycaena_helle,0,2.463172513056368e-32,0
Melilotus,Lycaena_alciphron,0,-2.972418606461309e-32,0
Melilotus,Lycaena_dispar,0,-7.235296517237204e-32,0
Melilotus,Lycaena_hippothoe,0,-4.117213754704344e-32,0
Melilotus,Thecla_betulae,0,-4.3912260669273886e-16,0
Melilotus,Favonius_quercus,0,-9.318200780690207e-34,0
Melilotus,Satyrium_acaciae,0,-4.3912260669273886e-16,0
Melilotus,Satyrium_spini,0,-2.723537474128955e-24,0
Melilotus,Satyrium_ilicis,0,-7.953509785226623e-33,0
Melilotus,Lampides_boeticus,0,0.05441088021621691,0
Melilotus,Celastrina_argiolus,0,-3.728394446783677e-24,0
Melilotus,Phengaris_arion,0,1.3087514980082744e-33,0
Melilotus,Phengaris_teleius,0,3.013663701489759e-16,0
Melilotus,Phengaris_nausithous,0,3.013663701489759e-16,0
Melilotus,Scolitantides_orion,0,8.723791947191655e-34,0
Melilotus,Iolana_iolas,0,0.05441088021621691,0
Melilotus,Glaucopsyche_alexis,0,0.24092063154996526,1
Melilotus,Pseudophilotes_baton,0,1.0120861310582109e-33,0
Melilotus,Leptotes_pirithous,1,0.11804402136232266,1
Melilotus,Cupido_argiades,0,0.5354603619341809,1
Melilotus,Cupido_alcetas,0,-0.010099486049644642,0
Melilotus,Cupido_osiris,0,0.11959397661935253,1
Melilotus,Cupido_minimus,0,0.019670703436688232,0
Melilotus,Plebejus_argus,0,0.00461859121019582,0
Melilotus,Plebejus_idas,1,0.8693354791070238,1
Melilotus,Plebejus_argyrognomon,0,-0.05801138086491524,0
Melilotus,Cyaniris_semiargus,0,0.17362274548566592,1
Melilotus,Aricia_nicias,0,-0.006406345805612911,0
Melilotus,Aricia_artaxerxes,0,0.007531394206601043,0
Melilotus,Aricia_agestis,0,0.009000640477194618,0
Melilotus,Polyommatus_escheri,0,-0.014103044757388791,0
Melilotus,Polyommatus_thersites,0,0.06518309640313566,0
Melilotus,Polyommatus_amandus,0,0.05354133273252484,0
Melilotus,Polyommatus_icarus,1,0.6677522187979456,1
Melilotus,Polyommatus_eros,0,0.05108005164574685,0
Melilotus,Polyommatus_dorylas,0,0.03377374819407711,0
Melilotus,Polyommatus_damon,0,0.06518309640313566,0
Melilotus,Neptis_rivularis,0,1.1276716406458191e-17,0
Melilotus,Limenitis_populi,0,1.3076345362843049e-46,0
Melilotus,Limenitis_reducta,0,1.103977656967578e-46,0
Melilotus,Limenitis_camilla,0,-8.749345821856403e-47,0
Melilotus,Issoria_lathonia,0,-1.7298903194537875e-17,0
Melilotus,Brenthis_ino,0,2.3326198589955414e-17,0
Melilotus,Argynnis_paphia,0,-1.7298903194537875e-17,0
Melilotus,Fabriciana_adippe,0,-1.7298903194537875e-17,0
Melilotus,Boloria_pales,0,3.8390438553654155e-17,0
Melilotus,Boloria_napaea,0,-1.7298903194537875e-17,0
Melilotus,Boloria_aquilonaris,0,6.452048656891745e-25,0
Melilotus,Boloria_selene,0,-1.7298903194537875e-17,0
Melilotus,Boloria_dia,0,-1.7298903194537875e-17,0
Melilotus,Boloria_euphrosyne,0,-1.7298903194537875e-17,0
Melilotus,Boloria_titania,0,-1.7298903194537875e-17,0
Melilotus,Apatura_iris,0,-1.6352789292542701e-47,0
Melilotus,Apatura_ilia,0,-5.843273830009061e-47,0
Melilotus,Araschnia_levana,0,-2.2472096112918944e-17,0
Melilotus,Vanessa_cardui,0,-4.509808876969837e-17,0
Melilotus,Vanessa_atalanta,0,-2.2472096112918944e-17,0
Melilotus,Aglais_io,0,-2.676551085112025e-17,0
Melilotus,Aglais_urticae,0,-2.2472096112918944e-17,0
Melilotus,Nymphalis_polychloros,0,4.355219331169189e-47,0
Melilotus,Nymphalis_antiopa,0,-1.6352789292542701e-47,0
Melilotus,Euphydryas_cynthia,0,3.8390438553654155e-17,0
Melilotus,Euphydryas_intermedia,0,-2.2820037602170706e-47,0
Melilotus,Melitaea_didyma,0,1.992141113262891e-16,0
Melilotus,Melitaea_phoebe,0,5.681142629595431e-18,0
Melilotus,Melitaea_cinxia,0,9.607551321366458e-17,0
Melilotus,Melitaea_diamina,0,0,0
Melilotus,Melitaea_aurelia,0,5.568934174819103e-17,0
Melilotus,Melitaea_varia,0,5.568934174819103e-17,0
Melilotus,Melitaea_parthenoides,0,7.499002137931639e-17,0
Melilotus,Melitaea_deione,0,2.905691659269319e-17,0
Melilotus,Melitaea_athalia,0,1.775989868796013e-16,0
Melilotus,Melitaea_britomartis,0,9.607551321366458e-17,0
Melilotus,Libythea_celtis,0,2.380836521516747e-47,0
Melilotus,Lasiommata_maera,0,-9.640340757125839e-17,0
Melilotus,Lasiommata_petropolitana,0,-1.0214830096024634e-16,0
Melilotus,Lasiommata_megera,0,3.46982958550949e-17,0
Melilotus,Lopinga_achine,0,2.897650570294762e-17,0
Melilotus,Coenonympha_glycerion,0,-1.1351799475433386e-16,0
Melilotus,Coenonympha_pamphilus,0,-7.767809833997097e-17,0
Melilotus,Coenonympha_tullia,0,4.030724139374836e-17,0
Melilotus,Melanargia_galathea,0,5.819848640009425e-17,0
Melilotus,Hipparchia_statilinus,0,4.180724630464546e-17,0
Melilotus,Hipparchia_fagi,0,3.46982958550949e-17,0
Melilotus,Hipparchia_semele,0,-1.0214830096024634e-16,0
Melilotus,Oeneis_glacialis,0,-1.0214830096024634e-16,0
Melilotus,Brintesia_circe,0,3.46982958550949e-17,0
Melilotus,Satyrus_ferula,0,-1.0214830096024634e-16,0
Melilotus,Hyponephele_lycaon,0,-9.503935051032111e-17,0
Melilotus,Aphantopus_hyperantus,0,3.46982958550949e-17,0
Melilotus,Maniola_jurtina,0,3.46982958550949e-17,0
Melilotus,Erebia_nivalis,0,-1.0214830096024634e-16,0
Melilotus,Erebia_tyndarus,0,-1.2049590445136142e-16,0
Melilotus,Erebia_christi,0,-1.0214830096024634e-16,0
Melilotus,Erebia_pharte,0,-7.451424314117314e-17,0
Melilotus,Erebia_epiphron,0,-1.0214830096024634e-16,0
Melilotus,Erebia_meolans,0,-1.0214830096024634e-16,0
Melilotus,Erebia_triarius,0,-9.503935051032111e-17,0
Melilotus,Erebia_medusa,0,-6.745000510481877e-17,0
Melilotus,Erebia_aethiops,0,4.4905094267152503e-17,0
Melilotus,Erebia_pandrose,0,-1.4316147471681316e-16,0
Melilotus,Erebia_flavofasciata,0,-1.0214830096024634e-16,0
Melilotus,Erebia_gorge,0,-1.2477310255190664e-16,0
Melilotus,Erebia_pluto,0,-1.2477310255190664e-16,0
Melilotus,Erebia_sudetica,0,-1.113019278280324e-16,0
Melilotus,Erebia_melampus,0,-1.0210753228674729e-16,0
Melilotus,Erebia_manto,0,3.686880311473868e-17,0
Melilotus,Erebia_eriphyle,0,3.315072273159144e-17,0
Melilotus,Erebia_euryale,0,-4.8830250730036917e-17,0
Melilotus,Erebia_ligea,0,9.150629606305007e-18,0
Melilotus,Erebia_oeme,0,8.932618047701793e-17,0
Melilotus,Erebia_mnestra,0,-1.3396749809336297e-16,0
Melilotus,Erebia_styx,0,-3.181919713397546e-17,0
Vicia,Parnassius_mnemosyne,0,0,0
Vicia,Parnassius_apollo,0,0,0
Vicia,Parnassius_phoebus,0,0,0
Vicia,Iphiclides_podalirius,0,2.8491101165466123e-16,0
Vicia,Papilio_machaon,0,-2.296554373091377e-17,0
Vicia,Carcharodus_alceae,0,7.843831416283685e-17,0
Vicia,Spialia_sertorius,0,3.7738675334525144e-16,0
Vicia,Erynnis_tages,0,0.18349863527531818,1
Vicia,Pyrgus_carthami,0,-0.013419962328022832,0
Vicia,Pyrgus_malvae,0,-0.0134199623280229,0
Vicia,Pyrgus_andromedae,0,-0.013419962328022943,0
Vicia,Pyrgus_cacaliae,0,-0.0134199623280229,0
Vicia,Pyrgus_serratulae,0,-0.013609486208631434,0
Vicia,Pyrgus_armoricanus,0,-0.0352011407350704,0
Vicia,Pyrgus_cirsii,0,-0.013419962328022962,0
Vicia,Pyrgus_carlinae,0,-0.031115718555427763,0
Vicia,Pyrgus_alveus,0,-0.031115718555427836,0
Vicia,Heteropterus_morpheus,0,-9.379625977295249e-18,0
Vicia,Carterocephalus_palaemon,0,-1.1638791190290254e-17,0
Vicia,Thymelicus_acteon,0,-1.4157600276694575e-16,0
Vicia,Thymelicus_sylvestris,0,4.642853315045313e-17,0
Vicia,Thymelicus_lineola,0,4.088779582628343e-17,0
Vicia,Ochlodes_sylvanus,0,-1.1941317999968724e-16,0
Vicia,Hesperia_comma,0,6.926993321697624e-18,0
Vicia,Gonepteryx_rhamni,0,-3.2939602232039387e-22,0
Vicia,Colias_alfacariensis,0,0.06086277040264242,0
Vicia,Colias_phicomone,0,0.1383195582344871,1
Vicia,Colias_palaeno,0,8.598837353818488e-25,0
Vicia,Anthocharis_cardamines,0,1.0247515643095907e-18,0
Vicia,Aporia_crataegi,0,-1.5417455826984577e-16,0
Vicia,Pontia_callidice,0,1.8679946168018487e-18,0
Vicia,Pieris_brassicae,0,-2.2777829358770785e-27,0
Vicia,Pieris_mannii,0,0.01672067185220561,0
Vicia,Pieris_bryoniae,0,2.892746164760147e-18,0
Vicia,Hamearis_lucina,0,-3.140509037135122e-28,0
Vicia,Lycaena_phlaeas,0,-2.4887392174360285e-32,0
Vicia,Lycaena_virgaureae,0,4.075966912338162e-32,0
Vicia,Lycaena_helle,0,3.330572827683074e-34,0
Vicia,Lycaena_alciphron,0,1.2427068583567608e-32,0
Vicia,Lycaena_dispar,0,5.183504754622185e-33,0
Vicia,Lycaena_hippothoe,0,-3.9835360703379556e-33,0
Vicia,Thecla_betulae,0,-2.475397867285315e-16,0
Vicia,Favonius_quercus,0,1.6342813630956617e-33,0
Vicia,Satyrium_acaciae,0,-2.475397867285315e-16,0
Vicia,Satyrium_spini,0,-1.0486031368333557e-24,0
Vicia,Satyrium_ilicis,0,-9.477494804591116e-34,0
Vicia,Lampides_boeticus,0,-0.013528604970115453,0
Vicia,Celastrina_argiolus,0,-1.436856494762823e-24,0
Vicia,Phengaris_arion,0,5.831938586576288e-34,0
Vicia,Phengaris_teleius,0,3.7130280311622824e-16,0
Vicia,Phengaris_nausithous,0,3.7130280311622824e-16,0
Vicia,Scolitantides_orion,0,3.869473514481573e-34,0
Vicia,Iolana_iolas,0,-0.013528604970115453,0
Vicia,Glaucopsyche_alexis,0,0.02311008789658578,0
Vicia,Pseudophilotes_baton,0,4.486789412481802e-34,0
Vicia,Leptotes_pirithous,0,0.04791189481527072,0
Vicia,Cupido_argiades,1,0.3224794178090867,1
Vicia,Cupido_alcetas,1,0.07849716854166101,1
Vicia,Cupido_osiris,0,-0.06873098478270287,0
Vicia,Cupido_minimus,0,-0.18127589401568858,0
Vicia,Plebejus_argus,0,0.014708608986611907,0
Vicia,Plebejus_idas,0,0.17148696743992187,1
Vicia,Plebejus_argyrognomon,0,0.028458405188625538,0
Vicia,Cyaniris_semiargus,0,0.08821299372640777,1
Vicia,Aricia_nicias,0,-0.004671428868993878,0
Vicia,Aricia_artaxerxes,0,-0.02236718509639885,0
Vicia,Aricia_agestis,0,-0.021591654526438967,0
Vicia,Polyommatus_escheri,0,-0.15372516467826558,0
Vicia,Polyommatus_thersites,0,-0.055202379812587375,0
Vicia,Polyommatus_amandus,1,0.05681850309087949,0
Vicia,Polyommatus_icarus,0,0.3595033463618693,1
Vicia,Polyommatus_eros,0,-0.20892754449085305,0
Vicia,Polyommatus_dorylas,0,-0.027550729337422978,0
Vicia,Polyommatus_damon,0,-0.055202379812587375,0
Vicia,Neptis_rivularis,0,-1.8200996915572855e-17,0
Vicia,Limenitis_populi,0,5.800291550500667e-47,0
Vicia,Limenitis_reducta,0,4.896928005417778e-47,0
Vicia,Limenitis_camilla,0,-3.8809586819519867e-47,0
Vicia,Issoria_lathonia,0,6.033874941907603e-17,0
Vicia,Brenthis_ino,0,1.9351639322371487e-16,0
Vicia,Argynnis_paphia,0,6.033874941907603e-17,0
Vicia,Fabriciana_adippe,0,6.033874941907603e-17,0
Vicia,Boloria_pales,0,1.2668254126810752e-16,0
Vicia,Boloria_napaea,0,6.033874941907603e-17,0
Vicia,Boloria_aquilonaris,0,2.4070995041618097e-25,0
Vicia,Boloria_selene,0,6.033874941907603e-17,0
Vicia,Boloria_dia,0,6.033874941907603e-17,0
Vicia,Boloria_euphrosyne,0,6.033874941907603e-17,0
Vicia,Boloria_titania,0,6.033874941907603e-17,0
Vicia,Apatura_iris,0,-7.253628700348865e-48,0
Vicia,Apatura_ilia,0,-2.5919084751404824e-47,0
Vicia,Araschnia_levana,0,-2.929461760062995e-19,0
Vicia,Vanessa_cardui,0,1.4259921693051713e-19,0
Vicia,Vanessa_atalanta,0,-2.929461760062995e-19,0
Vicia,Aglais_io,0,-3.55034526072206e-19,0
Vicia,Aglais_urticae,0,-2.929461760062995e-19,0
Vicia,Nymphalis_polychloros,0,1.9318502867951042e-47,0
Vicia,Nymphalis_antiopa,0,-7.253628700348865e-48,0
Vicia,Euphydryas_cynthia,0,1.2668254126810752e-16,0
Vicia,Euphydryas_intermedia,0,-1.0122313697275613e-47,0
Vicia,Melitaea_didyma,0,1.8140782396449002e-16,0
Vicia,Melitaea_phoebe,0,1.2192531917246835e-17,0
Vicia,Melitaea_cinxia,0,9.971916578070614e-17,0
Vicia,Melitaea_diamina,0,0,0
Vicia,Melitaea_aurelia,0,6.634379184903111e-17,0
Vicia,Melitaea_varia,0,6.634379184903111e-17,0
Vicia,Melitaea_parthenoides,0,8.258175646893985e-17,0
Vicia,Melitaea_deione,0,2.203606929429179e-17,0
Vicia,Melitaea_athalia,0,1.6223509902008967e-16,0
Vicia,Melitaea_britomartis,0,9.971916578070614e-17,0
Vicia,Libythea_celtis,0,1.0560708143344414e-47,0
Vicia,Lasiommata_maera,0,-2.9374270815014504e-18,0
Vicia,Lasiommata_petropolitana,0,1.659666168728889e-17,0
Vicia,Lasiommata_megera,0,9.656458427973772e-18,0
Vicia,Lopinga_achine,0,-2.8694102992202124e-17,0
Vicia,Coenonympha_glycerion,0,-2.1786735886353468e-17,0
Vicia,Coenonympha_pamphilus,0,5.0775657726981286e-17,0
Vicia,Coenonympha_tullia,0,-7.575593598019085e-17,0
Vicia,Melanargia_galathea,0,-6.261138357234329e-18,0
Vicia,Hipparchia_statilinus,0,-1.369005191499933e-17,0
Vicia,Hipparchia_fagi,0,9.656458427973772e-18,0
Vicia,Hipparchia_semele,0,1.659666168728889e-17,0
Vicia,Oeneis_glacialis,0,1.659666168728889e-17,0
Vicia,Brintesia_circe,0,9.656458427973772e-18,0
Vicia,Satyrus_ferula,0,1.659666168728889e-17,0
Vicia,Hyponephele_lycaon,0,-6.7498486555428034e-18,0
Vicia,Aphantopus_hyperantus,0,9.656458427973772e-18,0
Vicia,Maniola_jurtina,0,9.656458427973772e-18,0
Vicia,Erebia_nivalis,0,1.659666168728889e-17,0
Vicia,Erebia_tyndarus,0,4.43189760602247e-17,0
Vicia,Erebia_christi,0,1.659666168728889e-17,0
Vicia,Erebia_pharte,0,-4.866180692377288e-17,0
Vicia,Erebia_epiphron,0,1.659666168728889e-17,0
Vicia,Erebia_meolans,0,1.659666168728889e-17,0
Vicia,Erebia_triarius,0,-6.7498486555428034e-18,0
Vicia,Erebia_medusa,0,2.625312011538891e-17,0
Vicia,Erebia_aethiops,0,-1.1830458595047467e-16,0
Vicia,Erebia_pandrose,0,-5.416597760072395e-18,0
Vicia,Erebia_flavofasciata,0,1.659666168728889e-17,0
Vicia,Erebia_gorge,0,-2.1140679406261295e-17,0
Vicia,Erebia_pluto,0,-2.1140679406261295e-17,0
Vicia,Erebia_sudetica,0,4.1391655833280994e-17,0
Vicia,Erebia_melampus,0,2.8594894413923555e-17,0
Vicia,Erebia_manto,0,-5.618755611181219e-17,0
Vicia,Erebia_eriphyle,0,-5.616730089937959e-17,0
Vicia,Erebia_euryale,0,-1.4683321324702012e-16,0
Vicia,Erebia_ligea,0,-1.2906661898998215e-16,0
Vicia,Erebia_oeme,0,-1.303693640228022e-16,0
Vicia,Erebia_mnestra,0,-8.343917986969437e-18,0
Vicia,Erebia_styx,0,-2.4940579674584447e-17,0
Trifolium,Parnassius_mnemosyne,0,0,0
Trifolium,Parnassius_apollo,0,0,0
Trifolium,Parnassius_phoebus,0,0,0
Trifolium,Iphiclides_podalirius,0,6.290705180980058e-16,0
Trifolium,Papilio_machaon,0,-8.843019411891529e-17,0
Trifolium,Carcharodus_alceae,0,-9.603415728947898e-17,0
Trifolium,Spialia_sertorius,0,5.194202398257779e-16,0
Trifolium,Erynnis_tages,0,0.05803157781059951,0
Trifolium,Pyrgus_carthami,0,0.007114765332139485,0
Trifolium,Pyrgus_malvae,0,0.00711476533213938,0
Trifolium,Pyrgus_andromedae,0,0.00711476533213907,0
Trifolium,Pyrgus_cacaliae,0,0.007114765332139377,0
Trifolium,Pyrgus_serratulae,0,0.011871574844714343,0
Trifolium,Pyrgus_armoricanus,0,-0.011076420785685027,0
Trifolium,Pyrgus_cirsii,0,0.007114765332139426,0
Trifolium,Pyrgus_carlinae,0,-0.005324680946378532,0
Trifolium,Pyrgus_alveus,0,-0.005324680946378726,0
Trifolium,Heteropterus_morpheus,0,1.6444787307100462e-16,0
Trifolium,Carterocephalus_palaemon,0,-1.5573368510888978e-17,0
Trifolium,Thymelicus_acteon,0,2.9507885421988334e-16,0
Trifolium,Thymelicus_sylvestris,0,-2.477230041807629e-16,0
Trifolium,Thymelicus_lineola,0,1.0287738335159441e-16,0
Trifolium,Ochlodes_sylvanus,0,5.298622202774294e-16,0
Trifolium,Hesperia_comma,0,4.364687466764779e-17,0
Trifolium,Gonepteryx_rhamni,0,-1.5001940793186395e-21,0
Trifolium,Colias_alfacariensis,0,-0.12384713806938466,0
Trifolium,Colias_phicomone,0,0.17873059641496752,1
Trifolium,Colias_palaeno,0,4.006554227968408e-24,0
Trifolium,Anthocharis_cardamines,0,7.958005125110224e-18,0
Trifolium,Aporia_crataegi,0,-2.5245251986799944e-16,0
Trifolium,Pontia_callidice,0,1.4506453518035945e-17,0
Trifolium,Pieris_brassicae,0,-1.0587739943608712e-26,0
Trifolium,Pieris_mannii,0,-0.033469899912482795,0
Trifolium,Pieris_bryoniae,0,2.2464458567509033e-17,0
Trifolium,Hamearis_lucina,0,-1.45942035985986e-27,0
Trifolium,Lycaena_phlaeas,0,-5.854066349541206e-31,0
Trifolium,Lycaena_virgaureae,0,-4.071406038174643e-31,0
Trifolium,Lycaena_helle,0,7.959478732197728e-32,0
Trifolium,Lycaena_alciphron,0,-3.581757277171767e-31,0
Trifolium,Lycaena_dispar,0,-6.887397214341376e-31,0
Trifolium,Lycaena_hippothoe,0,-4.308435885061428e-31,0
Trifolium,Thecla_betulae,0,-6.3931644861168325e-16,0
Trifolium,Favonius_quercus,0,-1.2831474409842687e-32,0
Trifolium,Satyrium_acaciae,0,-6.393164486116832e-16,0
Trifolium,Satyrium_spini,0,-4.736360210008391e-24,0
Trifolium,Satyrium_ilicis,0,-1.590214594308625e-32,0
Trifolium,Lampides_boeticus,0,0.050910576659006605,0
Trifolium,Celastrina_argiolus,0,-6.4844825639684436e-24,0
Trifolium,Phengaris_arion,0,4.5026661128290386e-33,0
Trifolium,Phengaris_teleius,0,6.009569293244724e-16,0
Trifolium,Phengaris_nausithous,0,6.009569293244724e-16,0
Trifolium,Scolitantides_orion,0,3.0048959211032712e-33,0
Trifolium,Iolana_iolas,0,0.050910576659006605,0
Trifolium,Glaucopsyche_alexis,0,0.3055987390089675,1
Trifolium,Pseudophilotes_baton,0,3.4860005679069166e-33,0
Trifolium,Leptotes_pirithous,0,0.17362274548566595,1
Trifolium,Cupido_argiades,1,0.8411613005099191,1
Trifolium,Cupido_alcetas,0,9.838750345224515e-4,0
Trifolium,Cupido_osiris,0,0.08943857845111972,1
Trifolium,Cupido_minimus,0,-0.12131983685381341,0
Trifolium,Plebejus_argus,0,-0.04905746565601783,0
Trifolium,Plebejus_idas,1,1.040640885897296,1
Trifolium,Plebejus_argyrognomon,0,-0.08722911869188509,0
Trifolium,Cyaniris_semiargus,1,0.2705289537741903,1
Trifolium,Aricia_nicias,0,-0.013166265816575656,0
Trifolium,Aricia_artaxerxes,0,-0.025605712095093883,0
Trifolium,Aricia_agestis,0,-0.022947995630399533,0
Trifolium,Polyommatus_escheri,0,-0.13497038890530363,0
Trifolium,Polyommatus_thersites,0,0.03852800179211315,0
Trifolium,Polyommatus_amandus,0,0.09953754979284372,1
Trifolium,Polyommatus_icarus,1,1.031907173941857,1
Trifolium,Polyommatus_eros,0,-0.09644238711319057,0
Trifolium,Polyommatus_dorylas,0,0.013650552051490327,0
Trifolium,Polyommatus_damon,0,0.03852800179211315,0
Trifolium,Neptis_rivularis,0,3.198976290009377e-17,0
Trifolium,Limenitis_populi,0,4.504384086953166e-46,0
Trifolium,Limenitis_reducta,0,3.802851060073841e-46,0
Trifolium,Limenitis_camilla,0,-3.0138706820008437e-46,0
Trifolium,Issoria_lathonia,0,-1.2562572868832194e-17,0
Trifolium,Brenthis_ino,0,1.6061485379656027e-16,0
Trifolium,Argynnis_paphia,0,-1.2562572868832194e-17,0
Trifolium,Fabriciana_adippe,0,-1.2562572868832194e-17,0
Trifolium,Boloria_pales,0,-1.1654755156406743e-16,0
Trifolium,Boloria_napaea,0,-1.2562572868832194e-17,0
Trifolium,Boloria_aquilonaris,0,1.1184876322931976e-24,0
Trifolium,Boloria_selene,0,-1.2562572868832194e-17,0
Trifolium,Boloria_dia,0,-1.2562572868832194e-17,0
Trifolium,Boloria_euphrosyne,0,-1.2562572868832194e-17,0
Trifolium,Boloria_titania,0,-1.2562572868832194e-17,0
Trifolium,Apatura_iris,0,-5.633014756306655e-47,0
Trifolium,Apatura_ilia,0,-2.0128215101671824e-46,0
Trifolium,Araschnia_levana,0,-3.0206734750112923e-17,0
Trifolium,Vanessa_cardui,0,-6.487145246812845e-17,0
Trifolium,Vanessa_atalanta,0,-3.0206734750112923e-17,0
Trifolium,Aglais_io,0,-3.591346913135503e-17,0
Trifolium,Aglais_urticae,0,-3.0206734750112923e-17,0
Trifolium,Nymphalis_polychloros,0,1.5002342016481094e-46,0
Trifolium,Nymphalis_antiopa,0,-5.633014756306655e-47,0
Trifolium,Euphydryas_cynthia,0,-1.1654755156406743e-16,0
Trifolium,Euphydryas_intermedia,0,-7.860775387295749e-47,0
Trifolium,Melitaea_didyma,0,-3.50610552078961e-16,0
Trifolium,Melitaea_phoebe,0,-4.293139497370036e-17,0
Trifolium,Melitaea_cinxia,0,-1.718104275624817e-16,0
Trifolium,Melitaea_diamina,0,0,0
Trifolium,Melitaea_aurelia,0,-1.0398497869523704e-16,0
Trifolium,Melitaea_varia,0,-1.0398497869523704e-16,0
Trifolium,Melitaea_parthenoides,0,-1.372447599267201e-16,0
Trifolium,Melitaea_deione,0,-4.82720678051209e-17,0
Trifolium,Melitaea_athalia,0,-3.065400249167118e-16,0
Trifolium,Melitaea_britomartis,0,-1.718104275624817e-16,0
Trifolium,Libythea_celtis,0,8.201222943431199e-47,0
Trifolium,Lasiommata_maera,0,-5.860406583903517e-17,0
Trifolium,Lasiommata_petropolitana,0,-9.724934711496019e-17,0
Trifolium,Lasiommata_megera,0,-3.0166517249643464e-17,0
Trifolium,Lopinga_achine,0,8.935839215566057e-17,0
Trifolium,Coenonympha_glycerion,0,-1.4386406972344207e-16,0
Trifolium,Coenonympha_pamphilus,0,-1.226021034033577e-16,0
Trifolium,Coenonympha_tullia,0,8.514014092344881e-17,0
Trifolium,Melanargia_galathea,0,5.0826411406536687e-17,0
Trifolium,Hipparchia_statilinus,0,9.90979635020384e-18,0
Trifolium,Hipparchia_fagi,0,-3.0166517249643464e-17,0
Trifolium,Hipparchia_semele,0,-9.724934711496019e-17,0
Trifolium,Oeneis_glacialis,0,-9.724934711496019e-17,0
Trifolium,Brintesia_circe,0,-3.0166517249643464e-17,0
Trifolium,Satyrus_ferula,0,-9.724934711496019e-17,0
Trifolium,Hyponephele_lycaon,0,-5.71730335144627e-17,0
Trifolium,Aphantopus_hyperantus,0,-3.0166517249643464e-17,0
Trifolium,Maniola_jurtina,0,-3.0166517249643464e-17,0
Trifolium,Erebia_nivalis,0,-9.724934711496019e-17,0
Trifolium,Erebia_tyndarus,0,-9.271461935634667e-17,0
Trifolium,Erebia_christi,0,-9.724934711496019e-17,0
Trifolium,Erebia_pharte,0,-3.585983203103094e-17,0
Trifolium,Erebia_epiphron,0,-9.724934711496019e-17,0
Trifolium,Erebia_meolans,0,-9.724934711496019e-17,0
Trifolium,Erebia_triarius,0,-5.71730335144627e-17,0
Trifolium,Erebia_medusa,0,-1.2741586436402595e-16,0
Trifolium,Erebia_aethiops,0,1.114729085010701e-16,0
Trifolium,Erebia_pandrose,0,-3.602952839953439e-16,0
Trifolium,Erebia_flavofasciata,0,-9.724934711496019e-17,0
Trifolium,Erebia_gorge,0,-3.3950855421770334e-16,0
Trifolium,Erebia_pluto,0,-3.3950855421770334e-16,0
Trifolium,Erebia_sudetica,0,-8.095721074339658e-17,0
Trifolium,Erebia_melampus,0,-7.192788957921442e-17,0
Trifolium,Erebia_manto,0,9.846838123060632e-17,0
Trifolium,Erebia_eriphyle,0,9.780452356623253e-17,0
Trifolium,Erebia_euryale,0,-1.940339762837258e-16,0
Trifolium,Erebia_ligea,0,-2.636631321545006e-16,0
Trifolium,Erebia_oeme,0,2.2221220006963666e-16,0
Trifolium,Erebia_mnestra,0,-3.4853787538218307e-16,0
Trifolium,Erebia_styx,0,-2.512885282687144e-16,0
Astragalus,Parnassius_mnemosyne,0,0,0
Astragalus,Parnassius_apollo,0,0,0
Astragalus,Parnassius_phoebus,0,0,0
Astragalus,Iphiclides_podalirius,0,3.099655280901458e-16,0
Astragalus,Papilio_machaon,0,-3.9174791324178326e-17,0
Astragalus,Carcharodus_alceae,0,-1.0783188010921744e-16,0
Astragalus,Spialia_sertorius,0,-6.916646051997723e-16,0
Astragalus,Erynnis_tages,0,-0.040499693654011154,0
Astragalus,Pyrgus_carthami,0,-0.06963128628872253,0
Astragalus,Pyrgus_malvae,0,-0.06963128628872257,0
Astragalus,Pyrgus_andromedae,0,-0.06963128628872269,0
Astragalus,Pyrgus_cacaliae,0,-0.06963128628872238,0
Astragalus,Pyrgus_serratulae,0,-0.08094519831559334,0
Astragalus,Pyrgus_armoricanus,0,0.013769532461103117,0
Astragalus,Pyrgus_cirsii,0,-0.06963128628872202,0
Astragalus,Pyrgus_carlinae,0,0.017299398722668065,0
Astragalus,Pyrgus_alveus,0,0.01729939872266827,0
Astragalus,Heteropterus_morpheus,0,7.48406417940848e-17,0
Astragalus,Carterocephalus_palaemon,0,4.5129887976281466e-17,0
Astragalus,Thymelicus_acteon,0,3.085681143888323e-16,0
Astragalus,Thymelicus_sylvestris,0,-2.0178609218558404e-16,0
Astragalus,Thymelicus_lineola,0,8.204287001123044e-17,0
Astragalus,Ochlodes_sylvanus,0,4.149346966099765e-16,0
Astragalus,Hesperia_comma,0,1.3055173068155374e-16,0
Astragalus,Gonepteryx_rhamni,0,7.38279084247708e-22,0
Astragalus,Colias_alfacariensis,0,0.02869052047265301,0
Astragalus,Colias_phicomone,0,0.004665326633210421,0
Astragalus,Colias_palaeno,0,-1.9265866780415084e-24,0
Astragalus,Anthocharis_cardamines,0,2.4625857970784173e-17,0
Astragalus,Aporia_crataegi,0,1.1966125603584347e-16,0
Astragalus,Pontia_callidice,0,4.488987713213836e-17,0
Astragalus,Pieris_brassicae,0,5.103677048576292e-27,0
Astragalus,Pieris_mannii,0,-0.016103375647564522,0
Astragalus,Pieris_bryoniae,0,6.951573513956517e-17,0
Astragalus,Hamearis_lucina,0,7.035173960790445e-28,0
Astragalus,Lycaena_phlaeas,0,-3.021628613004317e-31,0
Astragalus,Lycaena_virgaureae,0,-4.558216920036694e-31,0
Astragalus,Lycaena_helle,0,4.2503732440379245e-32,0
Astragalus,Lycaena_alciphron,0,-3.039430406040546e-31,0
Astragalus,Lycaena_dispar,0,-5.475265984438973e-31,0
Astragalus,Lycaena_hippothoe,0,-3.6374127849157734e-31,0
Astragalus,Thecla_betulae,0,-4.809873061069656e-16,0
Astragalus,Favonius_quercus,0,-6.193353274313508e-33,0
Astragalus,Satyrium_acaciae,0,-4.809873061069656e-16,0
Astragalus,Satyrium_spini,0,2.351721066935574e-24,0
Astragalus,Satyrium_ilicis,0,-3.89426168871521e-32,0
Astragalus,Lampides_boeticus,0,0.13474878395132908,1
Astragalus,Celastrina_argiolus,0,3.2225315039750636e-24,0
Astragalus,Phengaris_arion,0,1.3969110587471965e-32,0
Astragalus,Phengaris_teleius,0,-6.72593668637063e-16,0
Astragalus,Phengaris_nausithous,0,-6.72593668637063e-16,0
Astragalus,Scolitantides_orion,0,9.298668048358667e-33,0
Astragalus,Iolana_iolas,0,0.13474878395132908,1
Astragalus,Glaucopsyche_alexis,0,0.25984354154225464,1
Astragalus,Pseudophilotes_baton,0,1.0785161125809346e-32,0
Astragalus,Leptotes_pirithous,0,0.015510117017477575,0
Astragalus,Cupido_argiades,0,-0.1805842775837898,0
Astragalus,Cupido_alcetas,0,-0.10401020585054005,0
Astragalus,Cupido_osiris,0,0.40516068158157487,1
Astragalus,Cupido_minimus,1,0.6730031696717003,1
Astragalus,Plebejus_argus,0,0.1446828501237005,1
Astragalus,Plebejus_idas,1,1.0504231147955592,1
Astragalus,Plebejus_argyrognomon,0,-0.029061644639656957,0
Astragalus,Cyaniris_semiargus,0,-0.041980521805816025,0
Astragalus,Aricia_nicias,0,0.00904462573996207,0
Astragalus,Aricia_artaxerxes,0,0.09597531075135284,1
Astragalus,Aricia_agestis,0,0.09471473077669633,1
Astragalus,Polyommatus_escheri,1,0.5117914116882893,1
Astragalus,Polyommatus_thersites,0,0.2704118976302457,1
Astragalus,Polyommatus_amandus,0,-0.08784715231055522,0
Astragalus,Polyommatus_icarus,0,-0.1399500423809665,0
Astragalus,Polyommatus_eros,1,0.782203309318535,1
Astragalus,Polyommatus_dorylas,0,0.16121175798341117,1
Astragalus,Polyommatus_damon,0,0.2704118976302457,1
Astragalus,Neptis_rivularis,0,-1.6614906170067815e-16,0
Astragalus,Limenitis_populi,0,1.393871042711933e-45,0
Astragalus,Limenitis_reducta,0,1.1767832938591182e-45,0
Astragalus,Limenitis_camilla,0,-9.326351787335404e-46,0
Astragalus,Issoria_lathonia,0,7.615817645019323e-17,0
Astragalus,Brenthis_ino,0,-6.699682380196046e-16,0
Astragalus,Argynnis_paphia,0,7.615817645019323e-17,0
Astragalus,Fabriciana_adippe,0,7.615817645019323e-17,0
Astragalus,Boloria_pales,0,1.8944370994035664e-16,0
Astragalus,Boloria_napaea,0,7.615817645019323e-17,0
Astragalus,Boloria_aquilonaris,0,-5.3934827450191925e-25,0
Astragalus,Boloria_selene,0,7.615817645019323e-17,0
Astragalus,Boloria_dia,0,7.615817645019323e-17,0
Astragalus,Boloria_euphrosyne,0,7.615817645019323e-17,0
Astragalus,Boloria_titania,0,7.615817645019323e-17,0
Astragalus,Apatura_iris,0,-1.7431231836895363e-46,0
Astragalus,Apatura_ilia,0,-6.228628670348138e-46,0
Astragalus,Araschnia_levana,0,-5.981704941236202e-17,0
Astragalus,Vanessa_cardui,0,-1.2245513896383658e-16,0
Astragalus,Vanessa_atalanta,0,-5.981704941236202e-17,0
Astragalus,Aglais_io,0,-7.119917984794093e-17,0
Astragalus,Aglais_urticae,0,-5.981704941236202e-17,0
Astragalus,Nymphalis_polychloros,0,4.642439373104345e-46,0
Astragalus,Nymphalis_antiopa,0,-1.7431231836895363e-46,0
Astragalus,Euphydryas_cynthia,0,1.8944370994035664e-16,0
Astragalus,Euphydryas_intermedia,0,-2.4324984154433502e-46,0
Astragalus,Melitaea_didyma,0,3.1824718143107485e-16,0
Astragalus,Melitaea_phoebe,0,-6.966342410508774e-18,0
Astragalus,Melitaea_cinxia,0,1.7456334927837653e-16,0
Astragalus,Melitaea_diamina,0,0,0
Astragalus,Melitaea_aurelia,0,1.1328553349016426e-16,0
Astragalus,Melitaea_varia,0,1.1328553349016426e-16,0
Astragalus,Melitaea_parthenoides,0,1.4225086280022452e-16,0
Astragalus,Melitaea_deione,0,4.077875494009492e-17,0
Astragalus,Melitaea_athalia,0,2.910568816774393e-16,0
Astragalus,Melitaea_britomartis,0,1.7456334927837653e-16,0
Astragalus,Libythea_celtis,0,2.53784915104214e-46,0
Astragalus,Lasiommata_maera,0,1.6022720037406493e-16,0
Astragalus,Lasiommata_petropolitana,0,8.577590717304647e-17,0
Astragalus,Lasiommata_megera,0,-8.904854293033806e-17,0
Astragalus,Lopinga_achine,0,6.804037354015622e-17,0
Astragalus,Coenonympha_glycerion,0,9.944992289342051e-17,0
Astragalus,Coenonympha_pamphilus,0,-2.1235844231664498e-16,0
Astragalus,Coenonympha_tullia,0,6.172952738734214e-17,0
Astragalus,Melanargia_galathea,0,-6.857859520097026e-18,0
Astragalus,Hipparchia_statilinus,0,2.59436909787797e-18,0
Astragalus,Hipparchia_fagi,0,-8.904854293033806e-17,0
Astragalus,Hipparchia_semele,0,8.577590717304647e-17,0
Astragalus,Oeneis_glacialis,0,8.577590717304647e-17,0
Astragalus,Brintesia_circe,0,-8.904854293033806e-17,0
Astragalus,Satyrus_ferula,0,8.577590717304647e-17,0
Astragalus,Hyponephele_lycaon,0,1.774188192009456e-16,0
Astragalus,Aphantopus_hyperantus,0,-8.904854293033806e-17,0
Astragalus,Maniola_jurtina,0,-8.904854293033806e-17,0
Astragalus,Erebia_nivalis,0,8.577590717304647e-17,0
Astragalus,Erebia_tyndarus,0,-4.039658837709553e-17,0
Astragalus,Erebia_christi,0,8.577590717304647e-17,0
Astragalus,Erebia_pharte,0,1.0782234209978397e-16,0
Astragalus,Erebia_epiphron,0,8.577590717304647e-17,0
Astragalus,Erebia_meolans,0,8.577590717304647e-17,0
Astragalus,Erebia_triarius,0,1.774188192009456e-16,0
Astragalus,Erebia_medusa,0,-3.272635757574688e-18,0
Astragalus,Erebia_aethiops,0,-9.652402798608268e-19,0
Astragalus,Erebia_pandrose,0,-1.0352248036659629e-16,0
Astragalus,Erebia_flavofasciata,0,8.577590717304647e-17,0
Astragalus,Erebia_gorge,0,-1.2823494105578936e-16,0
Astragalus,Erebia_pluto,0,-1.2823494105578936e-16,0
Astragalus,Erebia_sudetica,0,-1.437475911874652e-17,0
Astragalus,Erebia_melampus,0,-6.510904906603695e-17,0
Astragalus,Erebia_manto,0,-1.0281669205300723e-16,0
Astragalus,Erebia_eriphyle,0,-6.623271197595624e-17,0
Astragalus,Erebia_euryale,0,-1.9755607817078124e-16,0
Astragalus,Erebia_ligea,0,-1.7026357077117884e-16,0
Astragalus,Erebia_oeme,0,1.2314510899450587e-16,0
Astragalus,Erebia_mnestra,0,-7.750065110835184e-17,0
Astragalus,Erebia_styx,0,-1.6327655828066724e-16,0
Oxytropis,Parnassius_mnemosyne,0,0,0
Oxytropis,Parnassius_apollo,0,0,0
Oxytropis,Parnassius_phoebus,0,0,0
Oxytropis,Iphiclides_podalirius,0,1.9743940539217953e-16,0
Oxytropis,Papilio_machaon,0,-7.055194443809981e-18,0
Oxytropis,Carcharodus_alceae,0,-9.128446008433033e-17,0
Oxytropis,Spialia_sertorius,0,-6.625835346711742e-16,0
Oxytropis,Erynnis_tages,0,-0.13580698828323998,0
Oxytropis,Pyrgus_carthami,0,-0.06717231344402182,0
Oxytropis,Pyrgus_malvae,0,-0.06717231344402182,0
Oxytropis,Pyrgus_andromedae,0,-0.06717231344402179,0
Oxytropis,Pyrgus_cacaliae,0,-0.06717231344402166,0
Oxytropis,Pyrgus_serratulae,0,-0.0773876909343319,0
Oxytropis,Pyrgus_armoricanus,0,-0.03014836922797034,0
Oxytropis,Pyrgus_cirsii,0,-0.06717231344402139,0
Oxytropis,Pyrgus_carlinae,0,-0.02552676251599962,0
Oxytropis,Pyrgus_alveus,0,-0.02552676251599944,0
Oxytropis,Heteropterus_morpheus,0,1.9042618407069032e-17,0
Oxytropis,Carterocephalus_palaemon,0,2.5647912857681852e-17,0
Oxytropis,Thymelicus_acteon,0,1.9253447550917376e-17,0
Oxytropis,Thymelicus_sylvestris,0,-8.772758577017873e-17,0
Oxytropis,Thymelicus_lineola,0,2.857398385332911e-17,0
Oxytropis,Ochlodes_sylvanus,0,7.530190305327936e-17,0
Oxytropis,Hesperia_comma,0,4.1427719654883584e-17,0
Oxytropis,Gonepteryx_rhamni,0,7.326872598211536e-22,0
Oxytropis,Colias_alfacariensis,0,-0.012456768141807807,0
Oxytropis,Colias_phicomone,0,-0.09070498706132853,0
Oxytropis,Colias_palaeno,0,-1.9181438494516725e-24,0
Oxytropis,Anthocharis_cardamines,0,-2.7019982326144217e-17,0
Oxytropis,Aporia_crataegi,0,7.23664599187509e-17,0
Oxytropis,Pontia_callidice,0,-4.9254067855342604e-17,0
Oxytropis,Pieris_brassicae,0,5.079498646561283e-27,0
Oxytropis,Pieris_mannii,0,-0.017029580222878635,0
Oxytropis,Pieris_bryoniae,0,-7.627405014504293e-17,0
Oxytropis,Hamearis_lucina,0,7.002929095037618e-28,0
Oxytropis,Lycaena_phlaeas,0,-2.5184373268515027e-31,0
Oxytropis,Lycaena_virgaureae,0,-3.8652926694676144e-31,0
Oxytropis,Lycaena_helle,0,5.964126653826416e-32,0
Oxytropis,Lycaena_alciphron,0,-3.4474312870726225e-31,0
Oxytropis,Lycaena_dispar,0,-6.007298973267304e-31,0
Oxytropis,Lycaena_hippothoe,0,-3.7934414443052323e-31,0
Oxytropis,Thecla_betulae,0,-2.9008969970061526e-16,0
Oxytropis,Favonius_quercus,0,-2.1865577383871586e-32,0
Oxytropis,Satyrium_acaciae,0,-2.9008969970061526e-16,0
Oxytropis,Satyrium_spini,0,2.3310316115082484e-24,0
Oxytropis,Satyrium_ilicis,0,6.1532276521384806e-33,0
Oxytropis,Lampides_boeticus,0,0.08504869791772782,1
Oxytropis,Celastrina_argiolus,0,3.1937988171640217e-24,0
Oxytropis,Phengaris_arion,0,-1.536636872044911e-32,0
Oxytropis,Phengaris_teleius,0,-6.509613883975873e-16,0
Oxytropis,Phengaris_nausithous,0,-6.509613883975873e-16,0
Oxytropis,Scolitantides_orion,0,-1.0202475283243749e-32,0
Oxytropis,Iolana_iolas,0,0.08504869791772782,1
Oxytropis,Glaucopsyche_alexis,0,0.12486044578859765,1
Oxytropis,Pseudophilotes_baton,0,-1.1830032612204882e-32,0
Oxytropis,Leptotes_pirithous,0,-0.029613161774866184,0
Oxytropis,Cupido_argiades,0,-0.34600361787273354,0
Oxytropis,Cupido_alcetas,0,-0.10684902446641463,0
Oxytropis,Cupido_osiris,0,0.2778256510936365,1
Oxytropis,Cupido_minimus,1,0.5185312849821972,1
Oxytropis,Plebejus_argus,0,0.05726120378524718,0
Oxytropis,Plebejus_idas,0,0.44175140899439813,1
Oxytropis,Plebejus_argyrognomon,0,-0.0280724209990328,0
Oxytropis,Cyaniris_semiargus,0,-0.09298986709948712,0
Oxytropis,Aricia_nicias,0,0.006758666203390434,0
Oxytropis,Aricia_artaxerxes,0,0.04840421713141278,0
Oxytropis,Aricia_agestis,0,0.04723932170636147,0
Oxytropis,Polyommatus_escheri,1,0.4069691217630107,1
Oxytropis,Polyommatus_thersites,0,0.1927769531759086,1
Oxytropis,Polyommatus_amandus,0,-0.09107596084565897,0
Oxytropis,Polyommatus_icarus,0,-0.3554905368944859,0
Oxytropis,Polyommatus_eros,1,0.5997460749389194,1
Oxytropis,Polyommatus_dorylas,0,0.1115621632191866,1
Oxytropis,Polyommatus_damon,0,0.1927769531759086,1
Oxytropis,Neptis_rivularis,0,-1.4346732063085012e-16,0
Oxytropis,Limenitis_populi,0,-1.5293831406876422e-45,0
Oxytropis,Limenitis_reducta,0,-1.2911901174709276e-45,0
Oxytropis,Limenitis_camilla,0,1.023305934502674e-45,0
Oxytropis,Issoria_lathonia,0,-1.438706532707085e-17,0
Oxytropis,Brenthis_ino,0,-5.666107342102692e-16,0
Oxytropis,Argynnis_paphia,0,-1.438706532707085e-17,0
Oxytropis,Fabriciana_adippe,0,-1.438706532707085e-17,0
Oxytropis,Boloria_pales,0,-1.133919892609295e-17,0
Oxytropis,Boloria_napaea,0,-1.438706532707085e-17,0
Oxytropis,Boloria_aquilonaris,0,-5.367733443520541e-25,0
Oxytropis,Boloria_selene,0,-1.438706532707085e-17,0
Oxytropis,Boloria_dia,0,-1.438706532707085e-17,0
Oxytropis,Boloria_euphrosyne,0,-1.438706532707085e-17,0
Oxytropis,Boloria_titania,0,-1.438706532707085e-17,0
Oxytropis,Apatura_iris,0,1.9125896561696176e-46,0
Oxytropis,Apatura_ilia,0,6.83417559040814e-46,0
Oxytropis,Araschnia_levana,0,-7.361025863963804e-17,0
Oxytropis,Vanessa_cardui,0,-1.5243151732924405e-16,0
Oxytropis,Vanessa_atalanta,0,-7.361025863963804e-17,0
Oxytropis,Aglais_io,0,-8.759964571912485e-17,0
Oxytropis,Aglais_urticae,0,-7.361025863963804e-17,0
Oxytropis,Nymphalis_polychloros,0,-5.093777141704159e-46,0
Oxytropis,Nymphalis_antiopa,0,1.9125896561696176e-46,0
Oxytropis,Euphydryas_cynthia,0,-1.133919892609295e-17,0
Oxytropis,Euphydryas_intermedia,0,2.6689858166986368e-46,0
Oxytropis,Melitaea_didyma,0,7.134551057050963e-18,0
Oxytropis,Melitaea_phoebe,0,-3.548455377913243e-17,0
Oxytropis,Melitaea_cinxia,0,6.919803710630687e-18,0
Oxytropis,Melitaea_diamina,0,0,0
Oxytropis,Melitaea_aurelia,0,3.0478664009787568e-18,0
Oxytropis,Melitaea_varia,0,3.0478664009787568e-18,0
Oxytropis,Melitaea_parthenoides,0,3.92294519976999e-18,0
Oxytropis,Melitaea_deione,0,2.3479753340979103e-18,0
Oxytropis,Melitaea_athalia,0,1.4861883094591097e-17,0
Oxytropis,Melitaea_britomartis,0,6.919803710630687e-18,0
Oxytropis,Libythea_celtis,0,-2.7845788446072193e-46,0
Oxytropis,Lasiommata_maera,0,4.8090963861737286e-17,0
Oxytropis,Lasiommata_petropolitana,0,2.2599564537171355e-17,0
Oxytropis,Lasiommata_megera,0,-1.187235190858356e-16,0
Oxytropis,Lopinga_achine,0,5.2654587463787047e-17,0
Oxytropis,Coenonympha_glycerion,0,5.737762742110442e-17,0
Oxytropis,Coenonympha_pamphilus,0,-1.3366769387319422e-16,0
Oxytropis,Coenonympha_tullia,0,3.058667077815288e-17,0
Oxytropis,Melanargia_galathea,0,-7.409498820792651e-17,0
Oxytropis,Hipparchia_statilinus,0,-1.0437363118224934e-16,0
Oxytropis,Hipparchia_fagi,0,-1.187235190858356e-16,0
Oxytropis,Hipparchia_semele,0,2.2599564537171355e-17,0
Oxytropis,Oeneis_glacialis,0,2.2599564537171355e-17,0
Oxytropis,Brintesia_circe,0,-1.187235190858356e-16,0
Oxytropis,Satyrus_ferula,0,2.2599564537171355e-17,0
Oxytropis,Hyponephele_lycaon,0,3.6949452440442624e-17,0
Oxytropis,Aphantopus_hyperantus,0,-1.187235190858356e-16,0
Oxytropis,Maniola_jurtina,0,-1.187235190858356e-16,0
Oxytropis,Erebia_nivalis,0,2.2599564537171355e-17,0
Oxytropis,Erebia_tyndarus,0,2.5746636389708007e-17,0
Oxytropis,Erebia_christi,0,2.2599564537171355e-17,0
Oxytropis,Erebia_pharte,0,2.7246232338593478e-17,0
Oxytropis,Erebia_epiphron,0,2.2599564537171355e-17,0
Oxytropis,Erebia_meolans,0,2.2599564537171355e-17,0
Oxytropis,Erebia_triarius,0,3.6949452440442624e-17,0
Oxytropis,Erebia_medusa,0,-9.612395454894536e-17,0
Oxytropis,Erebia_aethiops,0,-2.9342149268563387e-17,0
Oxytropis,Erebia_pandrose,0,-1.7179321015265434e-16,0
Oxytropis,Erebia_flavofasciata,0,2.2599564537171355e-17,0
Oxytropis,Erebia_gorge,0,-1.7840733257049563e-16,0
Oxytropis,Erebia_pluto,0,-1.7840733257049563e-16,0
Oxytropis,Erebia_sudetica,0,4.4386299339220184e-17,0
Oxytropis,Erebia_melampus,0,1.9132513972116187e-17,0
Oxytropis,Erebia_manto,0,1.9819280186861807e-17,0
Oxytropis,Erebia_eriphyle,0,5.3099122139689156e-17,0
Oxytropis,Erebia_euryale,0,-1.416138791658664e-16,0
Oxytropis,Erebia_ligea,0,-2.0707748038354857e-16,0
Oxytropis,Erebia_oeme,0,6.869195988765098e-17,0
Oxytropis,Erebia_mnestra,0,-1.5315354720324585e-16,0
Oxytropis,Erebia_styx,0,-1.7575311173969135e-16,0
Anthyllis,Parnassius_mnemosyne,0,0,0
Anthyllis,Parnassius_apollo,0,0,0
Anthyllis,Parnassius_phoebus,0,0,0
Anthyllis,Iphiclides_podalirius,0,1.9470984836596207e-16,0
Anthyllis,Papilio_machaon,0,-3.594982796895465e-17,0
Anthyllis,Carcharodus_alceae,0,-4.571296260795262e-17,0
Anthyllis,Spialia_sertorius,0,-2.9277513380214956e-16,0
Anthyllis,Erynnis_tages,0,0.059731993358525304,0
Anthyllis,Pyrgus_carthami,0,-0.030560832861496013,0
Anthyllis,Pyrgus_malvae,0,-0.030560832861496058,0
Anthyllis,Pyrgus_andromedae,0,-0.030560832861496193,0
Anthyllis,Pyrgus_cacaliae,0,-0.03056083286149595,0
Anthyllis,Pyrgus_serratulae,0,-0.0360348688245495,0
Anthyllis,Pyrgus_armoricanus,0,0.03443259576119992,0
Anthyllis,Pyrgus_cirsii,0,-0.03056083286149576,0
Anthyllis,Pyrgus_carlinae,0,0.03509951223836849,0
Anthyllis,Pyrgus_alveus,0,0.035099512238368595,0
Anthyllis,Heteropterus_morpheus,0,2.923584981478185e-17,0
Anthyllis,Carterocephalus_palaemon,0,-1.6362917908592802e-16,0
Anthyllis,Thymelicus_acteon,0,-2.3485287542933812e-16,0
Anthyllis,Thymelicus_sylvestris,0,-5.100042059359696e-16,0
Anthyllis,Thymelicus_lineola,0,-7.647832884982302e-17,0
Anthyllis,Ochlodes_sylvanus,0,-9.311055773537002e-17,0
Anthyllis,Hesperia_comma,0,3.276898642086234e-16,0
Anthyllis,Gonepteryx_rhamni,0,3.3726889145227375e-22,0
Anthyllis,Colias_alfacariensis,0,0.04898884855914881,0
Anthyllis,Colias_phicomone,0,0.07007201767763495,1
Anthyllis,Colias_palaeno,0,-8.794845256368723e-25,0
Anthyllis,Anthocharis_cardamines,0,2.386500564840312e-19,0
Anthyllis,Aporia_crataegi,0,8.115712133316353e-17,0
Anthyllis,Pontia_callidice,0,4.350294423488276e-19,0
Anthyllis,Pieris_brassicae,0,2.3298348065853278e-27,0
Anthyllis,Pieris_mannii,0,-0.003368549975574705,0
Anthyllis,Pieris_bryoniae,0,6.736795155640829e-19,0
Anthyllis,Hamearis_lucina,0,3.213130725746673e-28,0
Anthyllis,Lycaena_phlaeas,0,-1.546138778882819e-31,0
Anthyllis,Lycaena_virgaureae,0,-4.498547359308947e-32,0
Anthyllis,Lycaena_helle,0,7.466375389009722e-32,0
Anthyllis,Lycaena_alciphron,0,-8.64614866614395e-32,0
Anthyllis,Lycaena_dispar,0,-3.288481814292771e-31,0
Anthyllis,Lycaena_hippothoe,0,-1.745891371922315e-31,0
Anthyllis,Thecla_betulae,0,-3.148343710840794e-16,0
Anthyllis,Favonius_quercus,0,-5.692783727066601e-33,0
Anthyllis,Satyrium_acaciae,0,-3.148343710840794e-16,0
Anthyllis,Satyrium_spini,0,1.0746928473868123e-24,0
Anthyllis,Satyrium_ilicis,0,-1.3099481235612648e-32,0
Anthyllis,Lampides_boeticus,0,0.08549913212122358,1
Anthyllis,Celastrina_argiolus,0,1.472678001377424e-24,0
Anthyllis,Phengaris_arion,0,1.257416309800742e-34,0
Anthyllis,Phengaris_teleius,0,-2.8362897625476316e-16,0
Anthyllis,Phengaris_nausithous,0,-2.8362897625476316e-16,0
Anthyllis,Scolitantides_orion,0,9.021068522064081e-35,0
Anthyllis,Iolana_iolas,0,0.08549913212122358,1
Anthyllis,Glaucopsyche_alexis,0,0.1870154218599973,1
Anthyllis,Pseudophilotes_baton,0,1.0560608693663743e-34,0
Anthyllis,Leptotes_pirithous,0,0.03377374819407711,0
Anthyllis,Cupido_argiades,0,0.030314866499769208,0
Anthyllis,Cupido_alcetas,0,-0.034522203680957625,0
Anthyllis,Cupido_osiris,0,0.24241120497047053,1
Anthyllis,Cupido_minimus,1,0.3693849419413394,1
Anthyllis,Plebejus_argus,0,0.12162066800254805,1
Anthyllis,Plebejus_idas,1,0.8127931852548902,1
Anthyllis,Plebejus_argyrognomon,0,-0.00697147434353481,0
Anthyllis,Cyaniris_semiargus,0,0.013650552051490386,0
Anthyllis,Aricia_nicias,0,0.005433721954454101,0
Anthyllis,Aricia_artaxerxes,0,0.0710940670543187,1
Anthyllis,Aricia_agestis,0,0.07046746458574936,1
Anthyllis,Polyommatus_escheri,0,0.27277392120259786,1
Anthyllis,Polyommatus_thersites,0,0.15691207284924688,1
Anthyllis,Polyommatus_amandus,0,-0.03313231873200092,0
Anthyllis,Polyommatus_icarus,0,0.07621299728882375,1
Anthyllis,Polyommatus_eros,0,0.4296859940518448,1
Anthyllis,Polyommatus_dorylas,1,0.09661102073874167,1
Anthyllis,Polyommatus_damon,0,0.15691207284924688,1
Anthyllis,Neptis_rivularis,0,-8.44173737012307e-17,0
Anthyllis,Limenitis_populi,0,1.350804362365342e-47,0
Anthyllis,Limenitis_reducta,0,1.1404243141163786e-47,0
Anthyllis,Limenitis_camilla,0,-9.038195901630284e-48,0
Anthyllis,Issoria_lathonia,0,-1.644279323000256e-16,0
Anthyllis,Brenthis_ino,0,-3.332345958480696e-16,0
Anthyllis,Argynnis_paphia,0,-1.644279323000256e-16,0
Anthyllis,Fabriciana_adippe,0,-1.644279323000256e-16,0
Anthyllis,Boloria_pales,0,-3.7679358788933377e-16,0
Anthyllis,Boloria_napaea,0,-1.644279323000256e-16,0
Anthyllis,Boloria_aquilonaris,0,-2.462343036940587e-25,0
Anthyllis,Boloria_selene,0,-1.644279323000256e-16,0
Anthyllis,Boloria_dia,0,-1.644279323000256e-16,0
Anthyllis,Boloria_euphrosyne,0,-1.644279323000256e-16,0
Anthyllis,Boloria_titania,0,-1.644279323000256e-16,0
Anthyllis,Apatura_iris,0,-1.6892625972574597e-48,0
Anthyllis,Apatura_ilia,0,-6.03618678734503e-48,0
Anthyllis,Araschnia_levana,0,-5.0362336851998066e-17,0
Anthyllis,Vanessa_cardui,0,-1.0722616130694099e-16,0
Anthyllis,Vanessa_atalanta,0,-5.0362336851998066e-17,0
Anthyllis,Aglais_io,0,-5.990199768698037e-17,0
Anthyllis,Aglais_urticae,0,-5.0362336851998066e-17,0
Anthyllis,Nymphalis_polychloros,0,4.4990023371177964e-48,0
Anthyllis,Nymphalis_antiopa,0,-1.6892625972574597e-48,0
Anthyllis,Euphydryas_cynthia,0,-3.7679358788933377e-16,0
Anthyllis,Euphydryas_intermedia,0,-2.35734161756914e-48,0
Anthyllis,Melitaea_didyma,0,-6.114238440600344e-16,0
Anthyllis,Melitaea_phoebe,0,-6.8155387205366e-17,0
Anthyllis,Melitaea_cinxia,0,-3.2508644401159586e-16,0
Anthyllis,Melitaea_diamina,0,0,0
Anthyllis,Melitaea_aurelia,0,-2.1236565558930772e-16,0
Anthyllis,Melitaea_varia,0,-2.1236565558930772e-16,0
Anthyllis,Melitaea_parthenoides,0,-2.6783072023800976e-16,0
Anthyllis,Melitaea_deione,0,-7.611616375325228e-17,0
Anthyllis,Melitaea_athalia,0,-5.393768600284394e-16,0
Anthyllis,Melitaea_britomartis,0,-3.2508644401159586e-16,0
Anthyllis,Libythea_celtis,0,2.4594341623913627e-48,0
Anthyllis,Lasiommata_maera,0,-8.842662414745819e-17,0
Anthyllis,Lasiommata_petropolitana,0,-4.331465470233908e-17,0
Anthyllis,Lasiommata_megera,0,-7.319115147382683e-17,0
Anthyllis,Lopinga_achine,0,-9.530186008357017e-17,0
Anthyllis,Coenonympha_glycerion,0,-4.046837072443608e-16,0
Anthyllis,Coenonympha_pamphilus,0,2.878145822190073e-16,0
Anthyllis,Coenonympha_tullia,0,5.24194603046795e-17,0
Anthyllis,Melanargia_galathea,0,-1.9046717475599544e-16,0
Anthyllis,Hipparchia_statilinus,0,-1.1518175826694308e-16,0
Anthyllis,Hipparchia_fagi,0,-7.319115147382683e-17,0
Anthyllis,Hipparchia_semele,0,-4.331465470233908e-17,0
Anthyllis,Oeneis_glacialis,0,-4.331465470233908e-17,0
Anthyllis,Brintesia_circe,0,-7.319115147382683e-17,0
Anthyllis,Satyrus_ferula,0,-4.331465470233908e-17,0
Anthyllis,Hyponephele_lycaon,0,-8.53052614956003e-17,0
Anthyllis,Aphantopus_hyperantus,0,-7.319115147382683e-17,0
Anthyllis,Maniola_jurtina,0,-7.319115147382683e-17,0
Anthyllis,Erebia_nivalis,0,-4.331465470233908e-17,0
Anthyllis,Erebia_tyndarus,0,1.6202003757268437e-16,0
Anthyllis,Erebia_christi,0,-4.331465470233908e-17,0
Anthyllis,Erebia_pharte,0,1.1612760383641852e-16,0
Anthyllis,Erebia_epiphron,0,-4.331465470233908e-17,0
Anthyllis,Erebia_meolans,0,-4.331465470233908e-17,0
Anthyllis,Erebia_triarius,0,-8.53052614956003e-17,0
Anthyllis,Erebia_medusa,0,-1.1650580617629508e-16,0
Anthyllis,Erebia_aethiops,0,6.753352312999183e-17,0
Anthyllis,Erebia_pandrose,0,3.1657930116045975e-19,0
Anthyllis,Erebia_flavofasciata,0,-4.331465470233908e-17,0
Anthyllis,Erebia_gorge,0,5.779190912807917e-17,0
Anthyllis,Erebia_pluto,0,5.779190912807917e-17,0
Anthyllis,Erebia_sudetica,0,5.327960116704293e-17,0
Anthyllis,Erebia_melampus,0,2.1949536739971775e-16,0
Anthyllis,Erebia_manto,0,3.135118442356252e-16,0
Anthyllis,Erebia_eriphyle,0,1.6927024120147792e-16,0
Anthyllis,Erebia_euryale,0,3.2360609508749597e-16,0
Anthyllis,Erebia_ligea,0,-1.4221320007131812e-16,0
Anthyllis,Erebia_oeme,0,2.6379890161787396e-16,0
Anthyllis,Erebia_mnestra,0,-1.0842385710452867e-16,0
Anthyllis,Erebia_styx,0,-6.510920240185576e-17,0
Calluna,Parnassius_mnemosyne,0,0,0
Calluna,Parnassius_apollo,0,0,0
Calluna,Parnassius_phoebus,0,0,0
Calluna,Iphiclides_podalirius,0,1.1252612269796618e-16,0
Calluna,Papilio_machaon,0,-3.211959688036828e-17,0
Calluna,Carcharodus_alceae,0,-1.654742002488715e-17,0
Calluna,Spialia_sertorius,0,-2.9081070528598314e-17,0
Calluna,Erynnis_tages,0,0.09530729462922875,1
Calluna,Pyrgus_carthami,0,-0.002458972844700735,0
Calluna,Pyrgus_malvae,0,-0.00245897284470077,0
Calluna,Pyrgus_andromedae,0,-0.0024589728447009063,0
Calluna,Pyrgus_cacaliae,0,-0.002458972844700731,0
Calluna,Pyrgus_serratulae,0,-0.003557507381261461,0
Calluna,Pyrgus_armoricanus,0,0.04391790168907347,0
Calluna,Pyrgus_cirsii,0,-0.0024589728447006573,0
Calluna,Pyrgus_carlinae,0,0.04282616123866769,0
Calluna,Pyrgus_alveus,0,0.04282616123866772,0
Calluna,Heteropterus_morpheus,0,-5.7005587107883805e-19,0
Calluna,Carterocephalus_palaemon,0,6.707227784141888e-17,0
Calluna,Thymelicus_acteon,0,2.0693789647873978e-16,0
Calluna,Thymelicus_sylvestris,0,2.50185549166741e-16,0
Calluna,Thymelicus_lineola,0,1.5453535767577124e-16,0
Calluna,Ochlodes_sylvanus,0,1.2783802186967138e-16,0
Calluna,Hesperia_comma,0,-2.910514791809486e-17,0
Calluna,Gonepteryx_rhamni,0,5.591824591188267e-24,0
Calluna,Colias_alfacariensis,0,0.041147288614460854,0
Calluna,Colias_phicomone,0,0.0953703136945389,1
Calluna,Colias_palaeno,0,-8.442859759360131e-27,0
Calluna,Anthocharis_cardamines,0,-5.143421561078784e-18,0
Calluna,Aporia_crataegi,0,4.729479611709266e-17,0
Calluna,Pontia_callidice,0,-9.375817949129246e-18,0
Calluna,Pieris_brassicae,0,2.4150379348818885e-29,0
Calluna,Pieris_mannii,0,9.262045753141011e-4,0
Calluna,Pieris_bryoniae,0,-1.4519239510009327e-17,0
Calluna,Hamearis_lucina,0,3.318611924506826e-30,0
Calluna,Lycaena_phlaeas,0,-1.4620919052028699e-32,0
Calluna,Lycaena_virgaureae,0,-7.197980800404625e-32,0
Calluna,Lycaena_helle,0,-2.6351825445912014e-32,0
Calluna,Lycaena_alciphron,0,-6.615063633613426e-32,0
Calluna,Lycaena_dispar,0,-4.6405380204399634e-32,0
Calluna,Lycaena_hippothoe,0,-3.5185714471396074e-32,0
Calluna,Thecla_betulae,0,-1.9089760640635038e-16,0
Calluna,Favonius_quercus,0,-3.5697646975697e-33,0
Calluna,Satyrium_acaciae,0,-1.9089760640635038e-16,0
Calluna,Satyrium_spini,0,2.068950657569359e-26,0
Calluna,Satyrium_ilicis,0,2.6382694697534563e-33,0
Calluna,Lampides_boeticus,0,0.04970008603360131,0
Calluna,Celastrina_argiolus,0,2.873274597773292e-26,0
Calluna,Phengaris_arion,0,-2.9239658174474246e-33,0
Calluna,Phengaris_teleius,0,-2.1632280239476103e-17,0
Calluna,Phengaris_nausithous,0,-2.1632280239476103e-17,0
Calluna,Scolitantides_orion,0,-1.9421159345487717e-33,0
Calluna,Iolana_iolas,0,0.04970008603360131,0
Calluna,Glaucopsyche_alexis,0,0.13498309575365702,1
Calluna,Pseudophilotes_baton,0,-2.2520459204549005e-33,0
Calluna,Leptotes_pirithous,0,0.04512327879234373,0
Calluna,Cupido_argiades,0,0.1654193402889434,1
Calluna,Cupido_alcetas,0,0.002838818615874523,0
Calluna,Cupido_osiris,0,0.12733503048793848,1
Calluna,Cupido_minimus,0,0.15447188468950332,1
Calluna,Plebejus_argus,0,0.08742164633845335,1
Calluna,Plebejus_idas,1,0.6086717058011613,1
Calluna,Plebejus_argyrognomon,0,-9.89223640624158e-4,0
Calluna,Cyaniris_semiargus,0,0.05100934529367101,0
Calluna,Aricia_nicias,0,0.0022859595365716415,0
Calluna,Aricia_artaxerxes,0,0.047571093619940094,0
Calluna,Aricia_agestis,0,0.047475409070334894,0
Calluna,Polyommatus_escheri,0,0.1048222899252788,1
Calluna,Polyommatus_thersites,0,0.07763494445433718,1
Calluna,Polyommatus_amandus,0,0.0032288085351036924,0
Calluna,Polyommatus_icarus,0,0.21554049451351912,1
Calluna,Polyommatus_eros,0,0.18245723437961595,1
Calluna,Polyommatus_dorylas,0,0.049649594764224605,0
Calluna,Polyommatus_damon,0,0.07763494445433718,1
Calluna,Neptis_rivularis,0,-2.2681741069828083e-17,0
Calluna,Limenitis_populi,0,-2.9112758505529253e-46,0
Calluna,Limenitis_reducta,0,-2.4578606320367674e-46,0
Calluna,Limenitis_camilla,0,1.9479264412013353e-46,0
Calluna,Issoria_lathonia,0,8.993602295549259e-17,0
Calluna,Brenthis_ino,0,-1.033575038093356e-16,0
Calluna,Argynnis_paphia,0,8.993602295549259e-17,0
Calluna,Fabriciana_adippe,0,8.993602295549259e-17,0
Calluna,Boloria_pales,0,1.7357404318995852e-16,0
Calluna,Boloria_napaea,0,8.993602295549259e-17,0
Calluna,Boloria_aquilonaris,0,-2.574967750109168e-27,0
Calluna,Boloria_selene,0,8.993602295549259e-17,0
Calluna,Boloria_dia,0,8.993602295549259e-17,0
Calluna,Boloria_euphrosyne,0,8.993602295549259e-17,0
Calluna,Boloria_titania,0,8.993602295549259e-17,0
Calluna,Apatura_iris,0,3.6407332322103356e-47,0
Calluna,Apatura_ilia,0,1.3009278000064872e-46,0
Calluna,Araschnia_levana,0,-8.283741267701964e-18,0
Calluna,Vanessa_cardui,0,-1.641943881790287e-17,0
Calluna,Vanessa_atalanta,0,-8.283741267701964e-18,0
Calluna,Aglais_io,0,-9.861705871803221e-18,0
Calluna,Aglais_urticae,0,-8.283741267701964e-18,0
Calluna,Nymphalis_polychloros,0,-9.696321352060925e-47,0
Calluna,Nymphalis_antiopa,0,3.6407332322103356e-47,0
Calluna,Euphydryas_cynthia,0,1.7357404318995852e-16,0
Calluna,Euphydryas_intermedia,0,5.080580370194278e-47,0
Calluna,Melitaea_didyma,0,2.1664860294872926e-16,0
Calluna,Melitaea_phoebe,0,9.899683295866925e-18,0
Calluna,Melitaea_cinxia,0,1.230407176221357e-16,0
Calluna,Melitaea_diamina,0,0,0
Calluna,Melitaea_aurelia,0,8.363802023446592e-17,0
Calluna,Melitaea_varia,0,8.363802023446592e-17,0
Calluna,Melitaea_parthenoides,0,1.0270582428586544e-16,0
Calluna,Melitaea_deione,0,2.537438160625474e-17,0
Calluna,Melitaea_athalia,0,1.9549812215295082e-16,0
Calluna,Melitaea_britomartis,0,1.230407176221357e-16,0
Calluna,Libythea_celtis,0,-5.300618845910676e-47,0
Calluna,Lasiommata_maera,0,8.174153879598427e-17,0
Calluna,Lasiommata_petropolitana,0,4.9529775460112446e-17,0
Calluna,Lasiommata_megera,0,3.55739292483583e-17,0
Calluna,Lopinga_achine,0,6.431725041449886e-17,0
Calluna,Coenonympha_glycerion,0,1.8800962883893225e-16,0
Calluna,Coenonympha_pamphilus,0,8.0550778461361e-18,0
Calluna,Coenonympha_tullia,0,2.3847115821877844e-17,0
Calluna,Melanargia_galathea,0,1.003209803583976e-16,0
Calluna,Hipparchia_statilinus,0,7.177770087350625e-17,0
Calluna,Hipparchia_fagi,0,3.55739292483583e-17,0
Calluna,Hipparchia_semele,0,4.9529775460112446e-17,0
Calluna,Oeneis_glacialis,0,4.9529775460112446e-17,0
Calluna,Brintesia_circe,0,3.55739292483583e-17,0
Calluna,Satyrus_ferula,0,4.9529775460112446e-17,0
Calluna,Hyponephele_lycaon,0,8.573354708525848e-17,0
Calluna,Aphantopus_hyperantus,0,3.55739292483583e-17,0
Calluna,Maniola_jurtina,0,3.55739292483583e-17,0
Calluna,Erebia_nivalis,0,4.9529775460112446e-17,0
Calluna,Erebia_tyndarus,0,2.2537980610950198e-17,0
Calluna,Erebia_christi,0,4.9529775460112446e-17,0
Calluna,Erebia_pharte,0,4.0644512375845947e-17,0
Calluna,Erebia_epiphron,0,4.9529775460112446e-17,0
Calluna,Erebia_meolans,0,4.9529775460112446e-17,0
Calluna,Erebia_triarius,0,8.573354708525848e-17,0
Calluna,Erebia_medusa,0,8.510370470846874e-17,0
Calluna,Erebia_aethiops,0,1.4739010547335744e-16,0
Calluna,Erebia_pandrose,0,-1.0969252928338868e-17,0
Calluna,Erebia_flavofasciata,0,4.9529775460112446e-17,0
Calluna,Erebia_gorge,0,-2.3365992817239937e-17,0
Calluna,Erebia_pluto,0,-2.3365992817239937e-17,0
Calluna,Erebia_sudetica,0,5.0963112368368895e-17,0
Calluna,Erebia_melampus,0,1.0141240722051368e-17,0
Calluna,Erebia_manto,0,-1.984866606490186e-17,0
Calluna,Erebia_eriphyle,0,2.054340488587507e-17,0
Calluna,Erebia_euryale,0,-1.3859703969040126e-17,0
Calluna,Erebia_ligea,0,1.2490138410189317e-17,0
Calluna,Erebia_oeme,0,-1.0392911789471074e-17,0
Calluna,Erebia_mnestra,0,1.7455878829078906e-17,0
Calluna,Erebia_styx,0,-3.2073896631028357e-17,0
Geranium,Parnassius_mnemosyne,0,0,0
Geranium,Parnassius_apollo,0,0,0
Geranium,Parnassius_phoebus,0,0,0
Geranium,Iphiclides_podalirius,0,-2.996451654754425e-16,0
Geranium,Papilio_machaon,0,4.699536716440961e-18,0
Geranium,Carcharodus_alceae,0,5.622555850203973e-18,0
Geranium,Spialia_sertorius,0,-2.5469929198637182e-17,0
Geranium,Erynnis_tages,0,0.04477339241473674,0
Geranium,Pyrgus_carthami,0,0.03888353415107012,0
Geranium,Pyrgus_malvae,0,0.03888353415107014,0
Geranium,Pyrgus_andromedae,0,0.03888353415107009,0
Geranium,Pyrgus_cacaliae,0,0.0388835341510701,0
Geranium,Pyrgus_serratulae,0,0.04213906226003588,0
Geranium,Pyrgus_armoricanus,0,0.08351710767634134,1
Geranium,Pyrgus_cirsii,0,0.03888353415107005,0
Geranium,Pyrgus_carlinae,0,0.07628669136532251,1
Geranium,Pyrgus_alveus,0,0.07628669136532254,1
Geranium,Heteropterus_morpheus,0,3.543115907707851e-17,0
Geranium,Carterocephalus_palaemon,0,-8.292883772892524e-17,0
Geranium,Thymelicus_acteon,0,2.3121415547179908e-17,0
Geranium,Thymelicus_sylvestris,0,-1.419033403737314e-17,0
Geranium,Thymelicus_lineola,0,1.2612483271650979e-16,0
Geranium,Ochlodes_sylvanus,0,2.1390449171190566e-16,0
Geranium,Hesperia_comma,0,2.662147618763479e-16,0
Geranium,Gonepteryx_rhamni,0,1.5640256312851475e-22,0
Geranium,Colias_alfacariensis,0,0.039580511962538784,0
Geranium,Colias_phicomone,0,0.02120995255799055,0
Geranium,Colias_palaeno,0,-4.194527792861161e-25,0
Geranium,Anthocharis_cardamines,0,9.273482597938537e-18,0
Geranium,Aporia_crataegi,0,1.5846659217637725e-16,0
Geranium,Pontia_callidice,0,1.690440570023883e-17,0
Geranium,Pieris_brassicae,0,1.107965974813238e-27,0
Geranium,Pieris_mannii,0,0.007346559212496424,0
Geranium,Pieris_bryoniae,0,2.617788830608496e-17,0
Geranium,Hamearis_lucina,0,1.5273557330218006e-28,0
Geranium,Lycaena_phlaeas,0,-5.660124740531804e-32,0
Geranium,Lycaena_virgaureae,0,1.619422724678161e-32,0
Geranium,Lycaena_helle,0,5.678287741865845e-32,0
Geranium,Lycaena_alciphron,0,6.568588327215983e-33,0
Geranium,Lycaena_dispar,0,-9.725750585860371e-32,0
Geranium,Lycaena_hippothoe,0,-5.5541988550787e-32,0
Geranium,Thecla_betulae,0,2.487303406592892e-16,0
Geranium,Favonius_quercus,0,2.1791151058846344e-33,0
Geranium,Satyrium_acaciae,0,2.487303406592892e-16,0
Geranium,Satyrium_spini,0,4.9272672318596325e-25,0
Geranium,Satyrium_ilicis,0,-1.4850089622671514e-32,0
Geranium,Lampides_boeticus,0,0.0025927355444338336,0
Geranium,Celastrina_argiolus,0,6.74469678936193e-25,0
Geranium,Phengaris_arion,0,5.264503019573499e-33,0
Geranium,Phengaris_teleius,0,-3.863952388242941e-17,0
Geranium,Phengaris_nausithous,0,-3.863952388242941e-17,0
Geranium,Scolitantides_orion,0,3.501673138395119e-33,0
Geranium,Iolana_iolas,0,0.0025927355444338336,0
Geranium,Glaucopsyche_alexis,0,-0.01082644730553599,0
Geranium,Pseudophilotes_baton,0,4.061240571946787e-33,0
Geranium,Leptotes_pirithous,0,-0.006406345805612997,0
Geranium,Cupido_argiades,0,-0.03313710630169506,0
Geranium,Cupido_alcetas,0,0.011545451775255913,0
Geranium,Cupido_osiris,0,0.0049120210947247904,0
Geranium,Cupido_minimus,0,0.021237013897806828,0
Geranium,Plebejus_argus,0,0.06076678853254136,0
Geranium,Plebejus_idas,0,0.0498570531565116,0
Geranium,Plebejus_argyrognomon,0,0.01621688064424982,0
Geranium,Cyaniris_semiargus,0,-0.013166265816575791,0
Geranium,Aricia_nicias,1,0.00452225529894088,0
Geranium,Aricia_artaxerxes,1,0.041925412513193296,0
Geranium,Aricia_agestis,0,0.041378045416305506,0
Geranium,Polyommatus_escheri,0,0.015803291943352706,0
Geranium,Polyommatus_thersites,0,0.0023192855502909776,0
Geranium,Polyommatus_amandus,0,-0.00544695943895376,0
Geranium,Polyommatus_icarus,0,-0.04232565894991067,0
Geranium,Polyommatus_eros,0,0.018122577493643672,0
Geranium,Polyommatus_dorylas,0,0.005433721954454137,0
Geranium,Polyommatus_damon,0,0.0023192855502909776,0
Geranium,Neptis_rivularis,0,5.5442975544214026e-17,0
Geranium,Limenitis_populi,0,5.2489700137260544e-46,0
Geranium,Limenitis_reducta,0,4.43147179665109e-46,0
Geranium,Limenitis_camilla,0,-3.512071013150627e-46,0
Geranium,Issoria_lathonia,0,-1.3181462523331628e-16,0
Geranium,Brenthis_ino,0,3.935827907726036e-17,0
Geranium,Argynnis_paphia,0,-1.3181462523331628e-16,0
Geranium,Fabriciana_adippe,0,-1.3181462523331628e-16,0
Geranium,Boloria_pales,0,-2.5742401076827875e-16,0
Geranium,Boloria_napaea,0,-1.3181462523331628e-16,0
Geranium,Boloria_aquilonaris,0,-1.170355304289299e-25,0
Geranium,Boloria_selene,0,-1.3181462523331628e-16,0
Geranium,Boloria_dia,0,-1.3181462523331628e-16,0
Geranium,Boloria_euphrosyne,0,-1.3181462523331628e-16,0
Geranium,Boloria_titania,0,-1.3181462523331628e-16,0
Geranium,Apatura_iris,0,-6.564166316122089e-47,0
Geranium,Apatura_ilia,0,-2.3455458985038976e-46,0
Geranium,Araschnia_levana,0,-2.4467634386565195e-17,0
Geranium,Vanessa_cardui,0,-5.1938935172773474e-17,0
Geranium,Vanessa_atalanta,0,-2.4467634386565195e-17,0
Geranium,Aglais_io,0,-2.910878571435318e-17,0
Geranium,Aglais_urticae,0,-2.4467634386565195e-17,0
Geranium,Nymphalis_polychloros,0,1.7482266510146978e-46,0
Geranium,Nymphalis_antiopa,0,-6.564166316122089e-47,0
Geranium,Euphydryas_cynthia,0,-2.5742401076827875e-16,0
Geranium,Euphydryas_intermedia,0,-9.16018113965519e-47,0
Geranium,Melitaea_didyma,0,-3.347526259861726e-16,0
Geranium,Melitaea_phoebe,0,-3.4119427744537105e-17,0
Geranium,Melitaea_cinxia,0,-1.858074671337979e-16,0
Geranium,Melitaea_diamina,0,0,0
Geranium,Melitaea_aurelia,0,-1.2560938553496235e-16,0
Geranium,Melitaea_varia,0,-1.2560938553496235e-16,0
Geranium,Melitaea_parthenoides,0,-1.552303299646217e-16,0
Geranium,Melitaea_deione,0,-3.9342118852403164e-17,0
Geranium,Melitaea_athalia,0,-2.97256964461169e-16,0
Geranium,Melitaea_britomartis,0,-1.858074671337979e-16,0
Geranium,Libythea_celtis,0,9.556905702059696e-47,0
Geranium,Lasiommata_maera,0,-5.04073454507301e-17,0
Geranium,Lasiommata_petropolitana,0,-1.9779820263332247e-17,0
Geranium,Lasiommata_megera,0,1.4733490126537786e-17,0
Geranium,Lopinga_achine,0,1.6322375879731013e-17,0
Geranium,Coenonympha_glycerion,0,-9.688570270507012e-17,0
Geranium,Coenonympha_pamphilus,0,3.4758989315095576e-16,0
Geranium,Coenonympha_tullia,0,8.953903207196537e-17,0
Geranium,Melanargia_galathea,0,-5.1480098384712945e-18,0
Geranium,Hipparchia_statilinus,0,-2.0608643336196268e-17,0
Geranium,Hipparchia_fagi,0,1.4733490126537786e-17,0
Geranium,Hipparchia_semele,0,-1.9779820263332247e-17,0
Geranium,Oeneis_glacialis,0,-1.9779820263332247e-17,0
Geranium,Brintesia_circe,0,1.4733490126537786e-17,0
Geranium,Satyrus_ferula,0,-1.9779820263332247e-17,0
Geranium,Hyponephele_lycaon,0,-5.512195372613417e-17,0
Geranium,Aphantopus_hyperantus,0,1.4733490126537786e-17,0
Geranium,Maniola_jurtina,0,1.4733490126537786e-17,0
Geranium,Erebia_nivalis,0,-1.9779820263332247e-17,0
Geranium,Erebia_tyndarus,0,1.653533615200365e-16,0
Geranium,Erebia_christi,0,-1.9779820263332247e-17,0
Geranium,Erebia_pharte,0,1.4642970132458105e-16,0
Geranium,Erebia_epiphron,0,-1.9779820263332247e-17,0
Geranium,Erebia_meolans,0,-1.9779820263332247e-17,0
Geranium,Erebia_triarius,0,-5.512195372613417e-17,0
Geranium,Erebia_medusa,0,-5.046330136854666e-18,0
Geranium,Erebia_aethiops,0,4.547502616084281e-16,0
Geranium,Erebia_pandrose,0,7.206672557287792e-17,0
Geranium,Erebia_flavofasciata,0,-1.9779820263332247e-17,0
Geranium,Erebia_gorge,0,1.390832285195497e-16,0
Geranium,Erebia_pluto,0,1.390832285195497e-16,0
Geranium,Erebia_sudetica,0,8.661433830109964e-17,0
Geranium,Erebia_melampus,0,2.3236986446676133e-16,0
Geranium,Erebia_manto,0,3.396201830992804e-16,0
Geranium,Erebia_eriphyle,0,2.3006853277832435e-16,0
Geranium,Erebia_euryale,0,5.879486931275734e-16,0
Geranium,Erebia_ligea,0,1.1051617423899884e-16,0
Geranium,Erebia_oeme,0,3.1534985061070457e-16,0
Geranium,Erebia_mnestra,0,-6.672297646080969e-18,0
Geranium,Erebia_styx,0,1.3107522617406743e-17,0
Erodium,Parnassius_mnemosyne,0,0,0
Erodium,Parnassius_apollo,0,0,0
Erodium,Parnassius_phoebus,0,0,0
Erodium,Iphiclides_podalirius,0,-2.6980566013879676e-16,0
Erodium,Papilio_machaon,0,3.926613188002017e-18,0
Erodium,Carcharodus_alceae,0,2.9953664333597117e-18,0
Erodium,Spialia_sertorius,0,-2.1554508265861153e-17,0
Erodium,Erynnis_tages,0,0.037426833202240696,0
Erodium,Pyrgus_carthami,0,0.03562800604210445,0
Erodium,Pyrgus_malvae,0,0.03562800604210447,0
Erodium,Pyrgus_andromedae,0,0.03562800604210442,0
Erodium,Pyrgus_cacaliae,0,0.03562800604210444,0
Erodium,Pyrgus_serratulae,0,0.03866280198569483,0
Erodium,Pyrgus_armoricanus,0,0.07559277885751287,1
Erodium,Pyrgus_cirsii,0,0.03562800604210439,0
Erodium,Pyrgus_carlinae,0,0.06905627505430387,1
Erodium,Pyrgus_alveus,0,0.06905627505430388,1
Erodium,Heteropterus_morpheus,0,-4.9127340817463246e-17,0
Erodium,Carterocephalus_palaemon,0,1.24044778272753e-17,0
Erodium,Thymelicus_acteon,0,-2.5725433383455736e-16,0
Erodium,Thymelicus_sylvestris,0,1.9693551717949185e-16,0
Erodium,Thymelicus_lineola,0,-7.628424110054352e-18,0
Erodium,Ochlodes_sylvanus,0,-1.8805431968793888e-16,0
Erodium,Hesperia_comma,0,-4.495754583058681e-17,0
Erodium,Gonepteryx_rhamni,0,1.2766838752089194e-22,0
Erodium,Colias_alfacariensis,0,0.03292457203979186,0
Erodium,Colias_phicomone,0,0.01820535266317534,0
Erodium,Colias_palaeno,0,-3.4235831773930606e-25,0
Erodium,Anthocharis_cardamines,0,-1.4078814343365135e-16,0
Erodium,Aporia_crataegi,0,1.4225659458420674e-16,0
Erodium,Pontia_callidice,0,-2.566392792279354e-16,0
Erodium,Pieris_brassicae,0,9.042298285652568e-28,0
Erodium,Pieris_mannii,0,0.005994511973781665,0
Erodium,Pieris_bryoniae,0,-3.9742742265513295e-16,0
Erodium,Hamearis_lucina,0,1.2482898331409588e-28,0
Erodium,Lycaena_phlaeas,0,5.096005228811039e-32,0
Erodium,Lycaena_virgaureae,0,-3.6399433899107616e-32,0
Erodium,Lycaena_helle,0,-6.049720246709329e-32,0
Erodium,Lycaena_alciphron,0,-1.3768508852882757e-31,0
Erodium,Lycaena_dispar,0,-2.22671829525586e-31,0
Erodium,Lycaena_hippothoe,0,-5.04117172198956e-32,0
Erodium,Thecla_betulae,0,2.2400097828212015e-16,0
Erodium,Favonius_quercus,0,-4.9222037981049774e-32,0
Erodium,Satyrium_acaciae,0,2.2400097828212005e-16,0
Erodium,Satyrium_spini,0,4.0218737017535844e-25,0
Erodium,Satyrium_ilicis,0,1.2130656828392332e-31,0
Erodium,Lampides_boeticus,0,0.0024974562956798147,0
Erodium,Celastrina_argiolus,0,5.505360698912368e-25,0
Erodium,Phengaris_arion,0,-7.997556360917241e-32,0
Erodium,Phengaris_teleius,0,-3.24978450470699e-17,0
Erodium,Phengaris_nausithous,0,-3.249784504706992e-17,0
Erodium,Scolitantides_orion,0,-5.316073259323639e-32,0
Erodium,Iolana_iolas,0,0.0024974562956798147,0
Erodium,Glaucopsyche_alexis,0,-0.008181735238941501,0
Erodium,Pseudophilotes_baton,0,-6.164934501424859e-32,0
Erodium,Leptotes_pirithous,0,-0.004937099535019383,0
Erodium,Cupido_argiades,0,-0.02637718629073188,0
Erodium,Cupido_alcetas,0,0.009331070266249722,0
Erodium,Cupido_osiris,0,0.004796208885222021,0
Erodium,Cupido_minimus,0,0.018184936029529704,0
Erodium,Plebejus_argus,0,0.05312587248670754,0
Erodium,Plebejus_idas,0,0.047475409070335726,0
Erodium,Plebejus_argyrognomon,0,0.013226968565283737,0
Erodium,Cyaniris_semiargus,0,-0.01050854935188137,0
Erodium,Aricia_nicias,0,0.003974888202053081,0
Erodium,Aricia_artaxerxes,0,0.03740315721425251,0
Erodium,Aricia_agestis,1,0.036929976871818065,0
Erodium,Polyommatus_escheri,0,0.013377816543644908,0
Erodium,Polyommatus_thersites,0,0.002298752589542224,0
Erodium,Polyommatus_amandus,0,-0.004545538501956478,0
Erodium,Polyommatus_icarus,0,-0.03353766905812037,0
Erodium,Polyommatus_eros,0,0.01567656913318712,0
Erodium,Polyommatus_dorylas,0,0.004807119485884811,0
Erodium,Polyommatus_damon,0,0.002298752589542224,0
Erodium,Neptis_rivularis,0,5.1333098274077045e-17,0
Erodium,Limenitis_populi,0,-7.968880501166356e-45,0
Erodium,Limenitis_reducta,0,-6.727771161114017e-45,0
Erodium,Limenitis_camilla,0,5.331955423490098e-45,0
Erodium,Issoria_lathonia,0,2.3956265077337393e-17,0
Erodium,Brenthis_ino,0,3.6448954564081235e-17,0
Erodium,Argynnis_paphia,0,2.3956265077337393e-17,0
Erodium,Fabriciana_adippe,0,2.3956265077337393e-17,0
Erodium,Boloria_pales,0,1.5919401276296307e-17,0
Erodium,Boloria_napaea,0,2.3956265077337393e-17,0
Erodium,Boloria_aquilonaris,0,-9.552559555909846e-26,0
Erodium,Boloria_selene,0,2.3956265077337393e-17,0
Erodium,Boloria_dia,0,2.3956265077337393e-17,0
Erodium,Boloria_euphrosyne,0,2.3956265077337393e-17,0
Erodium,Boloria_titania,0,2.3956265077337393e-17,0
Erodium,Apatura_iris,0,9.965585254858938e-46,0
Erodium,Apatura_ilia,0,3.560960477637944e-45,0
Erodium,Araschnia_levana,0,-4.227092930971518e-17,0
Erodium,Vanessa_cardui,0,-8.817309259984072e-17,0
Erodium,Vanessa_atalanta,0,-4.227092930971518e-17,0
Erodium,Aglais_io,0,-5.0292277786098584e-17,0
Erodium,Aglais_urticae,0,-4.227092930971518e-17,0
Erodium,Nymphalis_polychloros,0,-2.6541224630032333e-45,0
Erodium,Nymphalis_antiopa,0,9.965585254858938e-46,0
Erodium,Euphydryas_cynthia,0,1.5919401276296307e-17,0
Erodium,Euphydryas_intermedia,0,1.3906802375258454e-45,0
Erodium,Melitaea_didyma,0,-5.329628130693266e-17,0
Erodium,Melitaea_phoebe,0,-2.629697315387709e-17,0
Erodium,Melitaea_cinxia,0,-1.835835502831132e-17,0
Erodium,Melitaea_diamina,0,0,0
Erodium,Melitaea_aurelia,0,-8.036863801040967e-18,0
Erodium,Melitaea_varia,0,-8.036863801040967e-18,0
Erodium,Melitaea_parthenoides,0,-1.3584810913177106e-17,0
Erodium,Melitaea_deione,0,-8.521823243345607e-18,0
Erodium,Melitaea_athalia,0,-4.0989039651561206e-17,0
Erodium,Melitaea_britomartis,0,-1.835835502831132e-17,0
Erodium,Libythea_celtis,0,-1.450910185323748e-45,0
Erodium,Lasiommata_maera,0,5.367391365191599e-18,0
Erodium,Lasiommata_petropolitana,0,4.034518428921423e-17,0
Erodium,Lasiommata_megera,0,-1.413839030165418e-17,0
Erodium,Lopinga_achine,0,-2.0358642221432495e-17,0
Erodium,Coenonympha_glycerion,0,1.17766624483479e-16,0
Erodium,Coenonympha_pamphilus,0,-1.3940235838507656e-17,0
Erodium,Coenonympha_tullia,0,-1.116885205976396e-16,0
Erodium,Melanargia_galathea,0,-2.352168461239618e-17,0
Erodium,Hipparchia_statilinus,0,-6.710804435934422e-17,0
Erodium,Hipparchia_fagi,0,-1.413839030165418e-17,0
Erodium,Hipparchia_semele,0,4.034518428921423e-17,0
Erodium,Oeneis_glacialis,0,4.034518428921423e-17,0
Erodium,Brintesia_circe,0,-1.413839030165418e-17,0
Erodium,Satyrus_ferula,0,4.034518428921423e-17,0
Erodium,Hyponephele_lycaon,0,-1.2624469768531312e-17,0
Erodium,Aphantopus_hyperantus,0,-1.413839030165418e-17,0
Erodium,Maniola_jurtina,0,-1.413839030165418e-17,0
Erodium,Erebia_nivalis,0,4.034518428921423e-17,0
Erodium,Erebia_tyndarus,0,3.389076822508357e-17,0
Erodium,Erebia_christi,0,4.034518428921423e-17,0
Erodium,Erebia_pharte,0,-6.959291054601574e-17,0
Erodium,Erebia_epiphron,0,4.034518428921423e-17,0
Erodium,Erebia_meolans,0,4.034518428921423e-17,0
Erodium,Erebia_triarius,0,-1.2624469768531312e-17,0
Erodium,Erebia_medusa,0,2.6206793987510876e-17,0
Erodium,Erebia_aethiops,0,-1.366324296824694e-16,0
Erodium,Erebia_pandrose,0,9.167484830134164e-17,0
Erodium,Erebia_flavofasciata,0,4.034518428921423e-17,0
Erodium,Erebia_gorge,0,6.871890782761074e-17,0
Erodium,Erebia_pluto,0,6.871890782761074e-17,0
Erodium,Erebia_sudetica,0,4.533030285439576e-17,0
Erodium,Erebia_melampus,0,1.0934827751395689e-17,0
Erodium,Erebia_manto,0,-1.2790891674356437e-16,0
Erodium,Erebia_eriphyle,0,-1.0448878955128294e-16,0
Erodium,Erebia_euryale,0,-7.27564289688614e-17,0
Erodium,Erebia_ligea,0,4.352762576107148e-18,0
Erodium,Erebia_oeme,0,-1.9443862954256102e-16,0
Erodium,Erebia_mnestra,0,1.03114382930636e-16,0
Erodium,Erebia_styx,0,6.276919864154881e-17,0
Lathyrus,Parnassius_mnemosyne,0,0,0
Lathyrus,Parnassius_apollo,0,0,0
Lathyrus,Parnassius_phoebus,0,0,0
Lathyrus,Iphiclides_podalirius,0,2.8494013891562865e-17,0
Lathyrus,Papilio_machaon,0,-2.1293779463494824e-18,0
Lathyrus,Carcharodus_alceae,0,7.963532213190908e-18,0
Lathyrus,Spialia_sertorius,0,5.2126519157085754e-17,0
Lathyrus,Erynnis_tages,0,0.016720671852205393,0
Lathyrus,Pyrgus_carthami,0,-1.8952388060852383e-4,0
Lathyrus,Pyrgus_malvae,0,-1.8952388060853006e-4,0
Lathyrus,Pyrgus_andromedae,0,-1.8952388060853364e-4,0
Lathyrus,Pyrgus_cacaliae,0,-1.8952388060853358e-4,0
Lathyrus,Pyrgus_serratulae,0,2.7258027826257363e-5,0
Lathyrus,Pyrgus_armoricanus,0,-0.004518280474130411,0
Lathyrus,Pyrgus_cirsii,0,-1.8952388060854486e-4,0
Lathyrus,Pyrgus_carlinae,0,-0.004085422179642708,0
Lathyrus,Pyrgus_alveus,0,-0.004085422179642721,0
Lathyrus,Heteropterus_morpheus,0,1.9037819616132027e-17,0
Lathyrus,Carterocephalus_palaemon,0,4.450241653293356e-18,0
Lathyrus,Thymelicus_acteon,0,-8.278033266344288e-17,0
Lathyrus,Thymelicus_sylvestris,0,1.1540027990124816e-16,0
Lathyrus,Thymelicus_lineola,0,1.6609909388865825e-16,0
Lathyrus,Ochlodes_sylvanus,0,6.470069159689227e-17,0
Lathyrus,Hesperia_comma,0,1.6482173802104612e-16,0
Lathyrus,Gonepteryx_rhamni,0,-6.023333043988133e-23,0
Lathyrus,Colias_alfacariensis,0,0.0029697605202162504,0
Lathyrus,Colias_phicomone,0,0.013381022605524857,0
Lathyrus,Colias_palaeno,0,1.5825609041452916e-25,0
Lathyrus,Anthocharis_cardamines,0,-1.9330223666166824e-18,0
Lathyrus,Aporia_crataegi,0,-2.0312960528150894e-17,0
Lathyrus,Pontia_callidice,0,-3.523659425239086e-18,0
Lathyrus,Pieris_brassicae,0,-4.189847526998276e-28,0
Lathyrus,Pieris_mannii,0,0.001351416168320962,0
Lathyrus,Pieris_bryoniae,0,-5.456681794858961e-18,0
Lathyrus,Hamearis_lucina,0,-5.770466960805836e-29,0
Lathyrus,Lycaena_phlaeas,0,-1.5516539375439615e-31,0
Lathyrus,Lycaena_virgaureae,0,-1.4709700794314952e-31,0
Lathyrus,Lycaena_helle,0,2.938862038177024e-32,0
Lathyrus,Lycaena_alciphron,0,-1.154367322804207e-31,0
Lathyrus,Lycaena_dispar,0,-2.4382560395513844e-31,0
Lathyrus,Lycaena_hippothoe,0,-1.6305933516324767e-31,0
Lathyrus,Thecla_betulae,0,-2.1241656592257132e-17,0
Lathyrus,Favonius_quercus,0,-4.912368186995535e-33,0
Lathyrus,Satyrium_acaciae,0,-2.124165659225713e-17,0
Lathyrus,Satyrium_spini,0,-1.9132372406512218e-25,0
Lathyrus,Satyrium_ilicis,0,1.7232441942574588e-33,0
Lathyrus,Lampides_boeticus,0,-0.003428443743992515,0
Lathyrus,Celastrina_argiolus,0,-2.621006809270625e-25,0
Lathyrus,Phengaris_arion,0,-1.1022291365800081e-33,0
Lathyrus,Phengaris_teleius,0,5.218487704411107e-17,0
Lathyrus,Phengaris_nausithous,0,5.218487704411107e-17,0
Lathyrus,Scolitantides_orion,0,-7.299225488992207e-34,0
Lathyrus,Iolana_iolas,0,-0.003428443743992515,0
Lathyrus,Glaucopsyche_alexis,0,-1.0321807404675815e-4,0
Lathyrus,Pseudophilotes_baton,0,-8.462537720414947e-34,0
Lathyrus,Leptotes_pirithous,0,0.005629437917254304,0
Lathyrus,Cupido_argiades,0,0.040301098911136354,0
Lathyrus,Cupido_alcetas,0,0.008767972816203536,0
Lathyrus,Cupido_osiris,0,-0.013328969761227227,0
Lathyrus,Cupido_minimus,0,-0.0307795378725271,0
Lathyrus,Plebejus_argus,0,-0.0029143708571775138,0
Lathyrus,Plebejus_idas,0,0.003228808535101985,0
Lathyrus,Plebejus_argyrognomon,0,0.001988233078359576,0
Lathyrus,Cyaniris_semiargus,0,0.011324556066436259,0
Lathyrus,Aricia_nicias,0,-7.755305699598645e-4,0
Lathyrus,Aricia_artaxerxes,0,-0.004671428868994058,0
Lathyrus,Aricia_agestis,0,-0.004545538501956667,0
Lathyrus,Polyommatus_escheri,0,-0.02519794847794907,0
Lathyrus,Polyommatus_thersites,0,-0.009900526017234706,0
Lathyrus,Polyommatus_amandus,1,0.0077494313635389726,0
Lathyrus,Polyommatus_icarus,0,0.04468308628016612,0
Lathyrus,Polyommatus_eros,0,-0.03509847449518378,0
Lathyrus,Polyommatus_dorylas,0,-0.005581589394578034,0
Lathyrus,Polyommatus_damon,0,-0.009900526017234706,0
Lathyrus,Neptis_rivularis,0,1.3760521939540444e-18,0
Lathyrus,Limenitis_populi,0,-1.0941280164045081e-46,0
Lathyrus,Limenitis_reducta,0,-9.237235851953846e-47,0
Lathyrus,Limenitis_camilla,0,7.320779623472616e-47,0
Lathyrus,Issoria_lathonia,0,1.1241774428274813e-17,0
Lathyrus,Brenthis_ino,0,3.138269833970994e-17,0
Lathyrus,Argynnis_paphia,0,1.1241774428274813e-17,0
Lathyrus,Fabriciana_adippe,0,1.1241774428274813e-17,0
Lathyrus,Boloria_pales,0,-3.927617682641756e-17,0
Lathyrus,Boloria_napaea,0,1.1241774428274813e-17,0
Lathyrus,Boloria_aquilonaris,0,4.4266576991484626e-26,0
Lathyrus,Boloria_selene,0,1.1241774428274813e-17,0
Lathyrus,Boloria_dia,0,1.1241774428274813e-17,0
Lathyrus,Boloria_euphrosyne,0,1.1241774428274813e-17,0
Lathyrus,Boloria_titania,0,1.1241774428274813e-17,0
Lathyrus,Apatura_iris,0,1.3682757821471418e-47,0
Lathyrus,Apatura_ilia,0,4.889201932165115e-47,0
Lathyrus,Araschnia_levana,0,4.482763084374922e-19,0
Lathyrus,Vanessa_cardui,0,-3.7759992752254534e-19,0
Lathyrus,Vanessa_atalanta,0,4.482763084374922e-19,0
Lathyrus,Aglais_io,0,5.538963209286477e-19,0
Lathyrus,Aglais_urticae,0,4.482763084374922e-19,0
Lathyrus,Nymphalis_polychloros,0,-3.6441125429517124e-47,0
Lathyrus,Nymphalis_antiopa,0,1.3682757821471418e-47,0
Lathyrus,Euphydryas_cynthia,0,-3.927617682641756e-17,0
Lathyrus,Euphydryas_intermedia,0,1.9094052251068137e-47,0
Lathyrus,Melitaea_didyma,0,-1.807639781799748e-16,0
Lathyrus,Melitaea_phoebe,0,-1.4879990429396237e-17,0
Lathyrus,Melitaea_cinxia,0,-8.6532624587025e-17,0
Lathyrus,Melitaea_diamina,0,0,0
Lathyrus,Melitaea_aurelia,0,-5.0517951254692463e-17,0
Lathyrus,Melitaea_varia,0,-5.0517951254692463e-17,0
Lathyrus,Melitaea_parthenoides,0,-6.796798702515609e-17,0
Lathyrus,Melitaea_deione,0,-2.598754316889796e-17,0
Lathyrus,Melitaea_athalia,0,-1.5912962349727577e-16,0
Lathyrus,Melitaea_britomartis,0,-8.6532624587025e-17,0
Lathyrus,Libythea_celtis,0,-1.992101020900024e-47,0
Lathyrus,Lasiommata_maera,0,1.0103410786398026e-16,0
Lathyrus,Lasiommata_petropolitana,0,1.05638932970018e-16,0
Lathyrus,Lasiommata_megera,0,-3.4682231123050336e-17,0
Lathyrus,Lopinga_achine,0,1.0288635505056461e-17,0
Lathyrus,Coenonympha_glycerion,0,1.1799022902826164e-16,0
Lathyrus,Coenonympha_pamphilus,0,9.053955860847321e-17,0
Lathyrus,Coenonympha_tullia,0,-6.665312707449498e-17,0
Lathyrus,Melanargia_galathea,0,-1.1998381784889899e-17,0
Lathyrus,Hipparchia_statilinus,0,-4.458581193210419e-17,0
Lathyrus,Hipparchia_fagi,0,-3.4682231123050336e-17,0
Lathyrus,Hipparchia_semele,0,1.05638932970018e-16,0
Lathyrus,Oeneis_glacialis,0,1.05638932970018e-16,0
Lathyrus,Brintesia_circe,0,-3.4682231123050336e-17,0
Lathyrus,Satyrus_ferula,0,1.05638932970018e-16,0
Lathyrus,Hyponephele_lycaon,0,9.573535216098996e-17,0
Lathyrus,Aphantopus_hyperantus,0,-3.4682231123050336e-17,0
Lathyrus,Maniola_jurtina,0,-3.4682231123050336e-17,0
Lathyrus,Erebia_nivalis,0,1.05638932970018e-16,0
Lathyrus,Erebia_tyndarus,0,1.3406555890777804e-16,0
Lathyrus,Erebia_christi,0,1.05638932970018e-16,0
Lathyrus,Erebia_pharte,0,5.59594473766908e-17,0
Lathyrus,Erebia_epiphron,0,1.05638932970018e-16,0
Lathyrus,Erebia_meolans,0,1.05638932970018e-16,0
Lathyrus,Erebia_triarius,0,9.573535216098996e-17,0
Lathyrus,Erebia_medusa,0,7.095670184699078e-17,0
Lathyrus,Erebia_aethiops,0,1.9532228885406325e-17,0
Lathyrus,Erebia_pandrose,0,5.106583337907129e-17,0
Lathyrus,Erebia_flavofasciata,0,1.05638932970018e-16,0
Lathyrus,Erebia_gorge,0,3.136191947663194e-17,0
Lathyrus,Erebia_pluto,0,3.136191947663194e-17,0
Lathyrus,Erebia_sudetica,0,1.232298114814402e-16,0
Lathyrus,Erebia_melampus,0,1.1436164500531815e-16,0
Lathyrus,Erebia_manto,0,-5.179252098444553e-17,0
Lathyrus,Erebia_eriphyle,0,-5.531956834141449e-17,0
Lathyrus,Erebia_euryale,0,-3.543770275364875e-17,0
Lathyrus,Erebia_ligea,0,-1.5769348228588902e-16,0
Lathyrus,Erebia_oeme,0,-5.95863546177767e-17,0
Lathyrus,Erebia_mnestra,0,4.023008595274203e-17,0
Lathyrus,Erebia_styx,0,-6.540884701733564e-17,0
Ononis,Parnassius_mnemosyne,0,0,0
Ononis,Parnassius_apollo,0,0,0
Ononis,Parnassius_phoebus,0,0,0
Ononis,Iphiclides_podalirius,0,2.458314455954764e-16,0
Ononis,Papilio_machaon,0,-2.7351701793036124e-17,0
Ononis,Carcharodus_alceae,0,-4.534880319361772e-17,0
Ononis,Spialia_sertorius,0,2.5004927128911466e-16,0
Ononis,Erynnis_tages,0,-0.02954675086108814,0
Ononis,Pyrgus_carthami,0,0.005176755733317245,0
Ononis,Pyrgus_malvae,0,0.005176755733317217,0
Ononis,Pyrgus_andromedae,0,0.005176755733317128,0
Ononis,Pyrgus_cacaliae,0,0.005176755733317195,0
Ononis,Pyrgus_serratulae,0,0.008066839856645008,0
Ononis,Pyrgus_armoricanus,0,-0.025470829201475788,0
Ononis,Pyrgus_cirsii,0,0.005176755733317188,0
Ononis,Pyrgus_carlinae,0,-0.02224163179340046,0
Ononis,Pyrgus_alveus,0,-0.022241631793400555,0
Ononis,Heteropterus_morpheus,0,4.694319989856627e-17,0
Ononis,Carterocephalus_palaemon,0,-4.054082580664837e-17,0
Ononis,Thymelicus_acteon,0,3.723189247705152e-17,0
Ononis,Thymelicus_sylvestris,0,-1.9483049204118108e-16,0
Ononis,Thymelicus_lineola,0,-8.041420425778595e-17,0
Ononis,Ochlodes_sylvanus,0,5.909683480926364e-17,0
Ononis,Hesperia_comma,0,1.9291011688132824e-17,0
Ononis,Gonepteryx_rhamni,0,-7.350837404221751e-22,0
Ononis,Colias_alfacariensis,0,-0.08644321978264813,0
Ononis,Colias_phicomone,0,0.034172279490404044,0
Ononis,Colias_palaeno,0,1.9613618543927863e-24,0
Ononis,Anthocharis_cardamines,0,-4.885183989393504e-18,0
Ononis,Aporia_crataegi,0,-1.4120620495241201e-16,0
Ononis,Pontia_callidice,0,-8.905083109605029e-18,0
Ononis,Pieris_brassicae,0,-5.183673133638572e-27,0
Ononis,Pieris_mannii,0,-0.01840992955470341,0
Ononis,Pieris_bryoniae,0,-1.3790267136036968e-17,0
Ononis,Hamearis_lucina,0,-7.144898121076294e-28,0
Ononis,Lycaena_phlaeas,0,-1.104565327583927e-31,0
Ononis,Lycaena_virgaureae,0,2.0206984992572824e-33,0
Ononis,Lycaena_helle,0,2.8502277414745405e-32,0
Ononis,Lycaena_alciphron,0,-1.5128308762216317e-32,0
Ononis,Lycaena_dispar,0,-5.345193168168806e-32,0
Ononis,Lycaena_hippothoe,0,-1.4771818799960648e-32,0
Ononis,Thecla_betulae,0,-2.1491516280624683e-16,0
Ononis,Favonius_quercus,0,-3.0702370398832633e-33,0
Ononis,Satyrium_acaciae,0,-2.1491516280624683e-16,0
Ononis,Satyrium_spini,0,-2.321669550701397e-24,0
Ononis,Satyrium_ilicis,0,9.744953134507029e-34,0
Ononis,Lampides_boeticus,0,0.0023442373351321585,0
Ononis,Celastrina_argiolus,0,-3.1786793229475064e-24,0
Ononis,Phengaris_arion,0,-2.777369206063248e-33,0
Ononis,Phengaris_teleius,0,2.878788778758758e-16,0
Ononis,Phengaris_nausithous,0,2.878788778758758e-16,0
Ononis,Scolitantides_orion,0,-1.844590044502009e-33,0
Ononis,Iolana_iolas,0,0.0023442373351321585,0
Ononis,Glaucopsyche_alexis,0,0.08654546761582887,1
Ononis,Pseudophilotes_baton,0,-2.138890670828558e-33,0
Ononis,Leptotes_pirithous,0,0.062159730316712646,0
Ononis,Cupido_argiades,0,0.32097856378794337,1
Ononis,Cupido_alcetas,0,-0.006158303706241471,0
Ononis,Cupido_osiris,0,-0.012295541597492358,0
Ononis,Cupido_minimus,0,-0.12390115048225077,0
Ononis,Plebejus_argus,0,-0.0685525065125771,0
Ononis,Plebejus_idas,0,0.21554049451351823,1
Ononis,Plebejus_argyrognomon,0,-0.04530910079678879,0
Ononis,Cyaniris_semiargus,0,0.10533612167267939,1
Ononis,Aricia_nicias,0,-0.007453635711596419,0
Ononis,Aricia_artaxerxes,0,-0.034872023238314245,0
Ononis,Aricia_agestis,0,-0.03353766905812086,0
Ononis,Polyommatus_escheri,0,-0.10847480373980542,0
Ononis,Polyommatus_thersites,0,-0.01463977893262451,0
Ononis,Polyommatus_amandus,0,0.04468308628016673,0
Ononis,Polyommatus_icarus,1,0.39005199396771345,1
Ononis,Polyommatus_eros,0,-0.12311458267242993,0
Ononis,Polyommatus_dorylas,0,-0.015426346742445337,0
Ononis,Polyommatus_damon,0,-0.01463977893262451,0
Ononis,Neptis_rivularis,0,2.754548769878874e-17,0
Ononis,Limenitis_populi,0,-2.765108435511989e-46,0
Ononis,Limenitis_reducta,0,-2.3344579866019005e-46,0
Ononis,Limenitis_camilla,0,1.8501262349049814e-46,0
Ononis,Issoria_lathonia,0,-1.2667668120932017e-16,0
Ononis,Brenthis_ino,0,1.173658188393515e-16,0
Ononis,Argynnis_paphia,0,-1.2667668120932017e-16,0
Ononis,Fabriciana_adippe,0,-1.2667668120932017e-16,0
Ononis,Boloria_pales,0,-2.5990465033859255e-16,0
Ononis,Boloria_napaea,0,-1.2667668120932017e-16,0
Ononis,Boloria_aquilonaris,0,5.476039789528695e-25,0
Ononis,Boloria_selene,0,-1.2667668120932017e-16,0
Ononis,Boloria_dia,0,-1.2667668120932017e-16,0
Ononis,Boloria_euphrosyne,0,-1.2667668120932017e-16,0
Ononis,Boloria_titania,0,-1.2667668120932017e-16,0
Ononis,Apatura_iris,0,3.45794173354755e-47,0
Ononis,Apatura_ilia,0,1.2356116709684312e-46,0
Ononis,Araschnia_levana,0,-1.403150344902524e-17,0
Ononis,Vanessa_cardui,0,-3.0526266718976644e-17,0
Ononis,Vanessa_atalanta,0,-1.403150344902524e-17,0
Ononis,Aglais_io,0,-1.6686181321213066e-17,0
Ononis,Aglais_urticae,0,-1.403150344902524e-17,0
Ononis,Nymphalis_polychloros,0,-9.20949484120346e-47,0
Ononis,Nymphalis_antiopa,0,3.45794173354755e-47,0
Ononis,Euphydryas_cynthia,0,-2.5990465033859255e-16,0
Ononis,Euphydryas_intermedia,0,4.825497941105198e-47,0
Ononis,Melitaea_didyma,0,-3.623067789255322e-16,0
Ononis,Melitaea_phoebe,0,-3.134617342128295e-17,0
Ononis,Melitaea_cinxia,0,-1.9935943517048842e-16,0
Ononis,Melitaea_diamina,0,0,0
Ononis,Melitaea_aurelia,0,-1.3322796912927327e-16,0
Ononis,Melitaea_varia,0,-1.3322796912927327e-16,0
Ononis,Melitaea_parthenoides,0,-1.6556047461406088e-16,0
Ononis,Melitaea_deione,0,-4.358491787600345e-17,0
Ononis,Melitaea_athalia,0,-3.228698049688425e-16,0
Ononis,Melitaea_britomartis,0,-1.9935943517048842e-16,0
Ononis,Libythea_celtis,0,-5.034488902713553e-47,0
Ononis,Lasiommata_maera,0,-6.940842568404353e-17,0
Ononis,Lasiommata_petropolitana,0,-6.692625305952597e-17,0
Ononis,Lasiommata_megera,0,-4.413692216747893e-18,0
Ononis,Lopinga_achine,0,-1.0287389382756469e-17,0
Ononis,Coenonympha_glycerion,0,-1.4868541650938752e-16,0
Ononis,Coenonympha_pamphilus,0,9.229262250741447e-18,0
Ononis,Coenonympha_tullia,0,5.956624814038898e-17,0
Ononis,Melanargia_galathea,0,-2.775765699646367e-17,0
Ononis,Hipparchia_statilinus,0,-4.2103175441276154e-18,0
Ononis,Hipparchia_fagi,0,-4.413692216747893e-18,0
Ononis,Hipparchia_semele,0,-6.692625305952597e-17,0
Ononis,Oeneis_glacialis,0,-6.692625305952597e-17,0
Ononis,Brintesia_circe,0,-4.413692216747893e-18,0
Ononis,Satyrus_ferula,0,-6.692625305952597e-17,0
Ononis,Hyponephele_lycaon,0,-6.672287838658724e-17,0
Ononis,Aphantopus_hyperantus,0,-4.413692216747893e-18,0
Ononis,Maniola_jurtina,0,-4.413692216747893e-18,0
Ononis,Erebia_nivalis,0,-6.692625305952597e-17,0
Ononis,Erebia_tyndarus,0,-3.9181227247107196e-17,0
Ononis,Erebia_christi,0,-6.692625305952597e-17,0
Ononis,Erebia_pharte,0,8.497186510273651e-18,0
Ononis,Erebia_epiphron,0,-6.692625305952597e-17,0
Ononis,Erebia_meolans,0,-6.692625305952597e-17,0
Ononis,Erebia_triarius,0,-6.672287838658724e-17,0
Ononis,Erebia_medusa,0,-7.133994527599077e-17,0
Ononis,Erebia_aethiops,0,5.363231057548719e-17,0
Ononis,Erebia_pandrose,0,-4.4755915066655826e-17,0
Ononis,Erebia_flavofasciata,0,-6.692625305952597e-17,0
Ononis,Erebia_gorge,0,-1.710703432693349e-17,0
Ononis,Erebia_pluto,0,-1.710703432693349e-17,0
Ononis,Erebia_sudetica,0,-5.979715576078678e-17,0
Ononis,Erebia_melampus,0,-1.1532346507634085e-17,0
Ononis,Erebia_manto,0,1.1020141760702281e-16,0
Ononis,Erebia_eriphyle,0,7.499318375098979e-17,0
Ononis,Erebia_euryale,0,1.1661688096307547e-16,0
Ononis,Erebia_ligea,0,4.5854304879794266e-17,0
Ononis,Erebia_oeme,0,1.3794285417389148e-16,0
Ononis,Erebia_mnestra,0,-6.53718435802321e-17,0
Ononis,Erebia_styx,0,1.554409478563129e-18,0
Filipendula,Parnassius_mnemosyne,0,0,0
Filipendula,Parnassius_apollo,0,0,0
Filipendula,Parnassius_phoebus,0,0,0
Filipendula,Iphiclides_podalirius,0,-1.0141832747547043e-30,0
Filipendula,Papilio_machaon,0,1.3086251489909978e-32,0
Filipendula,Carcharodus_alceae,0,-4.593866103195405e-32,0
Filipendula,Spialia_sertorius,0,2.795092420837507e-31,0
Filipendula,Erynnis_tages,0,2.0811944583379282e-17,0
Filipendula,Pyrgus_carthami,0,1.7870579266835814e-16,0
Filipendula,Pyrgus_malvae,0,1.7870579266835824e-16,0
Filipendula,Pyrgus_andromedae,0,1.7870579266835802e-16,0
Filipendula,Pyrgus_cacaliae,0,1.7870579266835805e-16,0
Filipendula,Pyrgus_serratulae,0,1.984853203574623e-16,0
Filipendula,Pyrgus_armoricanus,0,2.755390745447725e-16,0
Filipendula,Pyrgus_cirsii,0,1.7870579266835775e-16,0
Filipendula,Pyrgus_carlinae,0,2.505546064237649e-16,0
Filipendula,Pyrgus_alveus,0,2.505546064237648e-16,0
Filipendula,Heteropterus_morpheus,0,-2.472999612298352e-19,0
Filipendula,Carterocephalus_palaemon,0,-2.7823807073018724e-18,0
Filipendula,Thymelicus_acteon,0,1.1193856979366098e-17,0
Filipendula,Thymelicus_sylvestris,0,6.07569923014837e-18,0
Filipendula,Thymelicus_lineola,0,6.20706967358912e-18,0
Filipendula,Ochlodes_sylvanus,0,1.4087582090964853e-17,0
Filipendula,Hesperia_comma,0,-3.92761971764735e-18,0
Filipendula,Gonepteryx_rhamni,0,4.523405452290981e-33,0
Filipendula,Colias_alfacariensis,0,-2.4189395037955278e-17,0
Filipendula,Colias_phicomone,0,3.26056920958351e-17,0
Filipendula,Colias_palaeno,0,-5.573534873964026e-33,0
Filipendula,Anthocharis_cardamines,0,-7.51150398165443e-22,0
Filipendula,Aporia_crataegi,0,4.204654987012649e-31,0
Filipendula,Pontia_callidice,0,-1.36925377445999e-21,0
Filipendula,Pieris_brassicae,0,5.507331296683687e-33,0
Filipendula,Pieris_mannii,0,-2.5830026872041727e-18,0
Filipendula,Pieris_bryoniae,0,-2.1204041726276816e-21,0
Filipendula,Hamearis_lucina,0,2.5162935141493246e-33,0
Filipendula,Lycaena_phlaeas,0,9.083099393565021e-33,0
Filipendula,Lycaena_virgaureae,0,1.3870316086301002e-32,0
Filipendula,Lycaena_helle,0,-1.9580000108518476e-33,0
Filipendula,Lycaena_alciphron,0,9.19213874053097e-33,0
Filipendula,Lycaena_dispar,0,1.3427330246867853e-32,0
Filipendula,Lycaena_hippothoe,0,9.710716652509887e-33,0
Filipendula,Thecla_betulae,0,9.293607385405925e-31,0
Filipendula,Favonius_quercus,0,3.2617776400451186e-34,0
Filipendula,Satyrium_acaciae,0,9.293299298698739e-31,0
Filipendula,Satyrium_spini,0,6.320421696842685e-34,0
Filipendula,Satyrium_ilicis,0,-8.444078925670335e-35,0
Filipendula,Lampides_boeticus,0,-3.213693562658958e-17,0
Filipendula,Celastrina_argiolus,0,4.651669237951775e-34,0
Filipendula,Phengaris_arion,0,-1.4163352347409828e-37,0
Filipendula,Phengaris_teleius,0,2.802949945545599e-31,0
Filipendula,Phengaris_nausithous,0,2.802963016357545e-31,0
Filipendula,Scolitantides_orion,0,-2.8089272047819086e-37,0
Filipendula,Iolana_iolas,0,-3.213693562658958e-17,0
Filipendula,Glaucopsyche_alexis,0,-3.928358419948175e-17,0
Filipendula,Pseudophilotes_baton,0,-3.3800926875319774e-37,0
Filipendula,Leptotes_pirithous,0,2.4183814563288134e-17,0
Filipendula,Cupido_argiades,0,1.8033439317634487e-16,0
Filipendula,Cupido_alcetas,0,2.466843308698419e-17,0
Filipendula,Cupido_osiris,0,-1.1505669183195444e-16,0
Filipendula,Cupido_minimus,0,-2.4079219753796956e-16,0
Filipendula,Plebejus_argus,0,5.687016354270307e-17,0
Filipendula,Plebejus_idas,0,-5.614308355174621e-17,0
Filipendula,Plebejus_argyrognomon,0,-9.21074482525156e-18,0
Filipendula,Cyaniris_semiargus,0,5.52347009496873e-17,0
Filipendula,Aricia_nicias,0,5.344809883254968e-18,0
Filipendula,Aricia_artaxerxes,0,7.719362363866164e-17,0
Filipendula,Aricia_agestis,0,7.70537541873103e-17,0
Filipendula,Polyommatus_escheri,0,-1.9340740757464007e-16,0
Filipendula,Polyommatus_thersites,0,-8.291975620536476e-17,0
Filipendula,Polyommatus_amandus,0,3.934284199174676e-17,0
Filipendula,Polyommatus_icarus,0,2.0078883237480478e-16,0
Filipendula,Polyommatus_eros,0,-2.763271637800049e-16,0
Filipendula,Polyommatus_dorylas,0,-4.738478996332946e-17,0
Filipendula,Polyommatus_damon,0,-8.291975620536476e-17,0
Filipendula,Neptis_rivularis,1,3.0761396576614656e-31,0
Filipendula,Limenitis_populi,0,-4.2516086295939763e-50,0
Filipendula,Limenitis_reducta,0,-3.589447139418091e-50,0
Filipendula,Limenitis_camilla,0,2.8447392268484725e-50,0
Filipendula,Issoria_lathonia,0,-2.1067426180329689e-19,0
Filipendula,Brenthis_ino,1,4.363239285554018e-31,0
Filipendula,Argynnis_paphia,0,-2.1067426180329689e-19,0
Filipendula,Fabriciana_adippe,0,-2.1067426180329689e-19,0
Filipendula,Boloria_pales,0,-2.933222844405189e-18,0
Filipendula,Boloria_napaea,0,-2.1067426180329689e-19,0
Filipendula,Boloria_aquilonaris,0,-2.813017280927592e-34,0
Filipendula,Boloria_selene,0,-2.1067426180329689e-19,0
Filipendula,Boloria_dia,0,-2.1067426180329689e-19,0
Filipendula,Boloria_euphrosyne,0,-2.1067426180329689e-19,0
Filipendula,Boloria_titania,0,-2.1067426180329689e-19,0
Filipendula,Apatura_iris,0,5.31690434015628e-51,0
Filipendula,Apatura_ilia,0,1.899866469457913e-50,0
Filipendula,Araschnia_levana,0,-4.3132412778393143e-19,0
Filipendula,Vanessa_cardui,0,-9.545795956108842e-19,0
Filipendula,Vanessa_atalanta,0,-4.3132412778393143e-19,0
Filipendula,Aglais_io,0,-5.123878133366891e-19,0
Filipendula,Aglais_urticae,0,-4.3132412778393143e-19,0
Filipendula,Nymphalis_polychloros,0,-1.416044518151561e-50,0
Filipendula,Nymphalis_antiopa,0,5.31690434015628e-51,0
Filipendula,Euphydryas_cynthia,0,-2.933222844405189e-18,0
Filipendula,Euphydryas_intermedia,0,7.419646845278655e-51,0
Filipendula,Melitaea_didyma,0,-9.216911767041988e-18,0
Filipendula,Melitaea_phoebe,0,-9.53747453394138e-19,0
Filipendula,Melitaea_cinxia,0,-4.517167083104817e-18,0
Filipendula,Melitaea_diamina,0,0,0
Filipendula,Melitaea_aurelia,0,-2.7225485826018906e-18,0
Filipendula,Melitaea_varia,0,-2.7225485826018906e-18,0
Filipendula,Melitaea_parthenoides,0,-3.598736715675645e-18,0
Filipendula,Melitaea_deione,0,-1.277623906329701e-18,0
Filipendula,Melitaea_athalia,0,-8.087325605453155e-18,0
Filipendula,Melitaea_britomartis,0,-4.517167083104817e-18,0
Filipendula,Libythea_celtis,0,-7.740990537378759e-51,0
Filipendula,Lasiommata_maera,0,-9.144456831863521e-18,0
Filipendula,Lasiommata_petropolitana,0,-7.936509797749181e-18,0
Filipendula,Lasiommata_megera,0,1.0127560717464657e-17,0
Filipendula,Lopinga_achine,0,1.0638480159600082e-18,0
Filipendula,Coenonympha_glycerion,0,-9.817302755184224e-18,0
Filipendula,Coenonympha_pamphilus,0,1.1571322963648031e-17,0
Filipendula,Coenonympha_tullia,0,2.1880374218116793e-18,0
Filipendula,Melanargia_galathea,0,1.056464498704296e-17,0
Filipendula,Hipparchia_statilinus,0,9.469613185757374e-18,0
Filipendula,Hipparchia_fagi,0,1.0127560717464657e-17,0
Filipendula,Hipparchia_semele,0,-7.936509797749181e-18,0
Filipendula,Oeneis_glacialis,0,-7.936509797749181e-18,0
Filipendula,Brintesia_circe,0,1.0127560717464657e-17,0
Filipendula,Satyrus_ferula,0,-7.936509797749181e-18,0
Filipendula,Hyponephele_lycaon,0,-8.594457329456455e-18,0
Filipendula,Aphantopus_hyperantus,0,1.0127560717464657e-17,0
Filipendula,Maniola_jurtina,0,1.0127560717464657e-17,0
Filipendula,Erebia_nivalis,0,-7.936509797749181e-18,0
Filipendula,Erebia_tyndarus,0,-3.4220048168876417e-18,0
Filipendula,Erebia_christi,0,-7.936509797749181e-18,0
Filipendula,Erebia_pharte,0,-4.633968388681276e-18,0
Filipendula,Erebia_epiphron,0,-7.936509797749181e-18,0
Filipendula,Erebia_meolans,0,-7.936509797749181e-18,0
Filipendula,Erebia_triarius,0,-8.594457329456455e-18,0
Filipendula,Erebia_medusa,0,2.1910509197154766e-18,0
Filipendula,Erebia_aethiops,0,1.5124396579457292e-17,0
Filipendula,Erebia_pandrose,0,-4.648149020547703e-18,0
Filipendula,Erebia_flavofasciata,0,-7.936509797749181e-18,0
Filipendula,Erebia_gorge,0,-2.2612056692203693e-18,0
Filipendula,Erebia_pluto,0,-2.2612056692203693e-18,0
Filipendula,Erebia_sudetica,0,-4.461937902403342e-18,0
Filipendula,Erebia_melampus,0,-1.0350614655602953e-18,0
Filipendula,Erebia_manto,0,9.164056655741076e-18,0
Filipendula,Erebia_eriphyle,0,6.363943965279731e-18,0
Filipendula,Erebia_euryale,0,8.474876115997496e-18,0
Filipendula,Erebia_ligea,0,5.866578475812524e-18,0
Filipendula,Erebia_oeme,0,5.2603473213687916e-18,0
Filipendula,Erebia_mnestra,0,-5.68808210606341e-18,0
Filipendula,Erebia_styx,0,2.24842769168577e-18,0
Spiraea,Parnassius_mnemosyne,0,0,0
Spiraea,Parnassius_apollo,0,0,0
Spiraea,Parnassius_phoebus,0,0,0
Spiraea,Iphiclides_podalirius,0,-5.100938994699779e-31,0
Spiraea,Papilio_machaon,0,4.1137803418579405e-32,0
Spiraea,Carcharodus_alceae,0,-3.070262244242535e-32,0
Spiraea,Spialia_sertorius,0,1.6822456624366348e-32,0
Spiraea,Erynnis_tages,0,-1.6180382062702384e-16,0
Spiraea,Pyrgus_carthami,0,6.459583129585919e-17,0
Spiraea,Pyrgus_malvae,0,6.459583129585927e-17,0
Spiraea,Pyrgus_andromedae,0,6.459583129585936e-17,0
Spiraea,Pyrgus_cacaliae,0,6.459583129585917e-17,0
Spiraea,Pyrgus_serratulae,0,7.244250927791868e-17,0
Spiraea,Pyrgus_armoricanus,0,5.0616843284057733e-17,0
Spiraea,Pyrgus_cirsii,0,6.459583129585901e-17,0
Spiraea,Pyrgus_carlinae,0,4.280249484104416e-17,0
Spiraea,Pyrgus_alveus,0,4.280249484104412e-17,0
Spiraea,Heteropterus_morpheus,0,3.324752318890979e-19,0
Spiraea,Carterocephalus_palaemon,0,-1.576899699134703e-18,0
Spiraea,Thymelicus_acteon,0,4.501707916693416e-18,0
Spiraea,Thymelicus_sylvestris,0,1.3913617173899477e-18,0
Spiraea,Thymelicus_lineola,0,3.3765792077283872e-18,0
Spiraea,Ochlodes_sylvanus,0,9.871060415122851e-18,0
Spiraea,Hesperia_comma,0,-1.4108018762650123e-18,0
Spiraea,Gonepteryx_rhamni,0,-2.5010886419484536e-34,0
Spiraea,Colias_alfacariensis,0,-8.313302394757957e-17,0
Spiraea,Colias_phicomone,0,-1.341219610637019e-16,0
Spiraea,Colias_palaeno,0,-1.988552114681333e-33,0
Spiraea,Anthocharis_cardamines,0,-2.750762736096962e-22,0
Spiraea,Aporia_crataegi,0,1.201537248783336e-31,0
Spiraea,Pontia_callidice,0,-5.014298425766333e-22,0
Spiraea,Pieris_brassicae,0,2.003289830917054e-33,0
Spiraea,Pieris_mannii,0,-1.0023307114891466e-17,0
Spiraea,Pieris_bryoniae,0,-7.765061161921753e-22,0
Spiraea,Hamearis_lucina,0,2.2404737810130757e-33,0
Spiraea,Lycaena_phlaeas,0,3.281586819219405e-33,0
Spiraea,Lycaena_virgaureae,0,5.751783235307482e-33,0
Spiraea,Lycaena_helle,0,-1.0524183553992637e-33,0
Spiraea,Lycaena_alciphron,0,4.507167267240385e-33,0
Spiraea,Lycaena_dispar,0,5.2893005090067463e-33,0
Spiraea,Lycaena_hippothoe,0,3.987066109963655e-33,0
Spiraea,Thecla_betulae,0,5.555690203959673e-31,0
Spiraea,Favonius_quercus,0,1.3904113954712075e-34,0
Spiraea,Satyrium_acaciae,0,5.5573556672550595e-31,0
Spiraea,Satyrium_spini,0,1.2020412076909926e-34,0
Spiraea,Satyrium_ilicis,0,-1.1433922370842087e-34,0
Spiraea,Lampides_boeticus,0,-5.709099275334501e-17,0
Spiraea,Celastrina_argiolus,0,-2.230409067495834e-34,0
Spiraea,Phengaris_arion,0,-6.001143916937011e-38,0
Spiraea,Phengaris_teleius,0,1.5958455787098226e-32,0
Spiraea,Phengaris_nausithous,0,1.5961435577034654e-32,0
Spiraea,Scolitantides_orion,0,-1.0190001007692698e-37,0
Spiraea,Iolana_iolas,0,-5.709099275334501e-17,0
Spiraea,Glaucopsyche_alexis,0,-1.5095874629942018e-16,0
Spiraea,Pseudophilotes_baton,0,-1.192396972475887e-37,0
Spiraea,Leptotes_pirithous,0,-4.869155395976682e-17,0
Spiraea,Cupido_argiades,0,-1.897384383383102e-16,0
Spiraea,Cupido_alcetas,0,-2.372378169206295e-17,0
Spiraea,Cupido_osiris,0,-1.4687561231185572e-16,0
Spiraea,Cupido_minimus,0,-1.892870590214675e-16,0
Spiraea,Plebejus_argus,0,-8.726780795396395e-17,0
Spiraea,Plebejus_idas,0,-6.881691501165723e-16,0
Spiraea,Plebejus_argyrognomon,0,-1.7658552448430562e-17,0
Spiraea,Cyaniris_semiargus,0,-5.3851592789215414e-17,0
Spiraea,Aricia_nicias,0,1.868219025765298e-20,0
Spiraea,Aricia_artaxerxes,0,-2.1774654264557443e-17,0
Spiraea,Aricia_agestis,0,-2.1825665993860882e-17,0
Spiraea,Polyommatus_escheri,0,-1.3014806829639636e-16,0
Spiraea,Polyommatus_thersites,0,-8.978461955851065e-17,0
Spiraea,Polyommatus_amandus,0,-5.412151074645081e-18,0
Spiraea,Polyommatus_icarus,0,-2.4011531018892977e-16,0
Spiraea,Polyommatus_eros,0,-2.1993268785490696e-16,0
Spiraea,Polyommatus_dorylas,0,-5.913899072507122e-17,0
Spiraea,Polyommatus_damon,0,-8.978461955851065e-17,0
Spiraea,Neptis_rivularis,1,1.3110892498122777e-31,0
Spiraea,Limenitis_populi,0,-1.556966083444844e-50,0
Spiraea,Limenitis_reducta,0,-1.3144771817343607e-50,0
Spiraea,Limenitis_camilla,0,1.0417604284719548e-50,0
Spiraea,Issoria_lathonia,0,1.8321518178203518e-19,0
Spiraea,Brenthis_ino,0,1.9280374040017786e-31,0
Spiraea,Argynnis_paphia,0,1.8321518178203518e-19,0
Spiraea,Fabriciana_adippe,0,1.8321518178203518e-19,0
Spiraea,Boloria_pales,0,-2.2160165344486417e-18,0
Spiraea,Boloria_napaea,0,1.8321518178203518e-19,0
Spiraea,Boloria_aquilonaris,0,-1.5653455437988343e-35,0
Spiraea,Boloria_selene,0,1.8321518178203518e-19,0
Spiraea,Boloria_dia,0,1.8321518178203518e-19,0
Spiraea,Boloria_euphrosyne,0,1.8321518178203518e-19,0
Spiraea,Boloria_titania,0,1.8321518178203518e-19,0
Spiraea,Apatura_iris,0,1.947100763511543e-51,0
Spiraea,Apatura_ilia,0,6.957403049811578e-51,0
Spiraea,Araschnia_levana,0,-5.030839494475952e-19,0
Spiraea,Vanessa_cardui,0,-1.1010715852819717e-18,0
Spiraea,Vanessa_atalanta,0,-5.030839494475952e-19,0
Spiraea,Aglais_io,0,-5.977843094413786e-19,0
Spiraea,Aglais_urticae,0,-5.030839494475952e-19,0
Spiraea,Nymphalis_polychloros,0,-5.1856380950345056e-51,0
Spiraea,Nymphalis_antiopa,0,1.947100763511543e-51,0
Spiraea,Euphydryas_cynthia,0,-2.2160165344486417e-18,0
Spiraea,Euphydryas_intermedia,0,2.7171188153416644e-51,0
Spiraea,Melitaea_didyma,0,-8.421401210556323e-18,0
Spiraea,Melitaea_phoebe,0,-9.404732932936124e-19,0
Spiraea,Melitaea_cinxia,0,-4.050554771558274e-18,0
Spiraea,Melitaea_diamina,0,0,0
Spiraea,Melitaea_aurelia,0,-2.3992317162306775e-18,0
Spiraea,Melitaea_varia,0,-2.3992317162306775e-18,0
Spiraea,Melitaea_parthenoides,0,-3.206572524961293e-18,0
Spiraea,Melitaea_deione,0,-1.1877464856519412e-18,0
Spiraea,Melitaea_athalia,0,-7.36212860914648e-18,0
Spiraea,Melitaea_britomartis,0,-4.050554771558274e-18,0
Spiraea,Libythea_celtis,0,-2.834814378149119e-51,0
Spiraea,Lasiommata_maera,0,-3.722011608492531e-18,0
Spiraea,Lasiommata_petropolitana,0,-3.102461473478552e-18,0
Spiraea,Lasiommata_megera,0,5.256246497651459e-18,0
Spiraea,Lopinga_achine,0,-6.768664100519205e-20,0
Spiraea,Coenonympha_glycerion,0,-5.0544296633494755e-18,0
Spiraea,Coenonympha_pamphilus,0,3.3829696676615585e-18,0
Spiraea,Coenonympha_tullia,0,-1.1980118319576179e-18,0
Spiraea,Melanargia_galathea,0,5.67212934089065e-18,0
Spiraea,Hipparchia_statilinus,0,5.0831017900945695e-18,0
Spiraea,Hipparchia_fagi,0,5.256246497651459e-18,0
Spiraea,Hipparchia_semele,0,-3.102461473478552e-18,0
Spiraea,Oeneis_glacialis,0,-3.102461473478552e-18,0
Spiraea,Brintesia_circe,0,5.256246497651459e-18,0
Spiraea,Satyrus_ferula,0,-3.102461473478552e-18,0
Spiraea,Hyponephele_lycaon,0,-3.275606181035439e-18,0
Spiraea,Aphantopus_hyperantus,0,5.256246497651459e-18,0
Spiraea,Maniola_jurtina,0,5.256246497651459e-18,0
Spiraea,Erebia_nivalis,0,-3.102461473478552e-18,0
Spiraea,Erebia_tyndarus,0,-3.0606537273538253e-18,0
Spiraea,Erebia_christi,0,-3.102461473478552e-18,0
Spiraea,Erebia_pharte,0,-3.83392994348308e-18,0
Spiraea,Erebia_epiphron,0,-3.102461473478552e-18,0
Spiraea,Erebia_meolans,0,-3.102461473478552e-18,0
Spiraea,Erebia_triarius,0,-3.275606181035439e-18,0
Spiraea,Erebia_medusa,0,2.1537850241729095e-18,0
Spiraea,Erebia_aethiops,0,2.4964276305053792e-18,0
Spiraea,Erebia_pandrose,0,-1.8138125053193546e-18,0
Spiraea,Erebia_flavofasciata,0,-3.102461473478552e-18,0
Spiraea,Erebia_gorge,0,-1.4398959884585264e-18,0
Spiraea,Erebia_pluto,0,-1.4398959884585264e-18,0
Spiraea,Erebia_sudetica,0,-3.2981041323291802e-18,0
Spiraea,Erebia_melampus,0,-2.6867372104929946e-18,0
Spiraea,Erebia_manto,0,-5.531946119943314e-19,0
Spiraea,Erebia_eriphyle,0,-1.6481310180749009e-18,0
Spiraea,Erebia_euryale,0,-2.370622226470465e-18,0
Spiraea,Erebia_ligea,0,2.5502827764864236e-19,0
Spiraea,Erebia_oeme,0,-8.699707534025073e-19,0
Spiraea,Erebia_mnestra,0,-2.051262910294709e-18,0
Spiraea,Erebia_styx,0,1.0511985631838429e-18,0
Populus,Parnassius_mnemosyne,0,0,0
Populus,Parnassius_apollo,0,0,0
Populus,Parnassius_phoebus,0,0,0
Populus,Iphiclides_podalirius,0,-5.167653998273249e-77,0
Populus,Papilio_machaon,0,2.057351198733272e-56,0
Populus,Carcharodus_alceae,0,-5.037867221857391e-57,0
Populus,Spialia_sertorius,0,2.246261471937716e-56,0
Populus,Erynnis_tages,0,-9.703499699761501e-56,0
Populus,Pyrgus_carthami,0,8.220038028334044e-56,0
Populus,Pyrgus_malvae,0,2.536188543858341e-54,0
Populus,Pyrgus_andromedae,0,9.356377142198036e-55,0
Populus,Pyrgus_cacaliae,0,7.375942736055826e-55,0
Populus,Pyrgus_serratulae,0,8.776179407413967e-55,0
Populus,Pyrgus_armoricanus,0,-1.435300102843733e-54,0
Populus,Pyrgus_cirsii,0,-2.0942141059004716e-56,0
Populus,Pyrgus_carlinae,0,-4.970224292603444e-55,0
Populus,Pyrgus_alveus,0,1.6940952113081972e-54,0
Populus,Heteropterus_morpheus,0,-3.513720066032291e-40,0
Populus,Carterocephalus_palaemon,0,-7.446096690964565e-41,0
Populus,Thymelicus_acteon,0,-5.6544459100149164e-40,0
Populus,Thymelicus_sylvestris,0,8.444821617986575e-40,0
Populus,Thymelicus_lineola,0,-2.9086145459059464e-40,0
Populus,Ochlodes_sylvanus,0,-9.058458322515989e-40,0
Populus,Hesperia_comma,0,-6.5688167159056094e-40,0
Populus,Gonepteryx_rhamni,0,6.454707245391719e-55,0
Populus,Colias_alfacariensis,0,2.3172413684224733e-54,0
Populus,Colias_phicomone,0,1.7085011466948648e-54,0
Populus,Colias_palaeno,0,-3.1027209047590013e-55,0
Populus,Anthocharis_cardamines,0,8.848977513272077e-41,0
Populus,Aporia_crataegi,0,2.314334556613786e-56,0
Populus,Pontia_callidice,0,1.613058568529636e-40,0
Populus,Pieris_brassicae,0,1.0781291131761514e-54,0
Populus,Pieris_mannii,0,2.2059562355696734e-54,0
Populus,Pieris_bryoniae,0,2.497956319856852e-40,0
Populus,Hamearis_lucina,0,2.994607357635607e-54,0
Populus,Lycaena_phlaeas,0,4.214530520033382e-54,0
Populus,Lycaena_virgaureae,0,3.8276521194680806e-54,0
Populus,Lycaena_helle,0,-5.59507077811642e-55,0
Populus,Lycaena_alciphron,0,4.069317645162184e-54,0
Populus,Lycaena_dispar,0,5.829517990577575e-54,0
Populus,Lycaena_hippothoe,0,5.778984882195397e-54,0
Populus,Thecla_betulae,0,3.4675328047686194e-54,0
Populus,Favonius_quercus,0,9.95247343751762e-56,0
Populus,Satyrium_acaciae,0,-3.574397175582804e-54,0
Populus,Satyrium_spini,0,-4.442977409148403e-54,0
Populus,Satyrium_ilicis,0,3.2801451603630546e-54,0
Populus,Lampides_boeticus,0,2.315463639205585e-54,0
Populus,Celastrina_argiolus,0,5.020686282018686e-55,0
Populus,Phengaris_arion,0,5.1425161536101425e-56,0
Populus,Phengaris_teleius,0,9.334911408192e-56,0
Populus,Phengaris_nausithous,0,4.408245185470651e-56,0
Populus,Scolitantides_orion,0,3.3379441026546134e-56,0
Populus,Iolana_iolas,0,2.640661359307343e-54,0
Populus,Glaucopsyche_alexis,0,4.43982061862366e-54,0
Populus,Pseudophilotes_baton,0,3.8526595798166358e-56,0
Populus,Leptotes_pirithous,0,-2.0885254718283064e-55,0
Populus,Cupido_argiades,0,-8.609551864754653e-55,0
Populus,Cupido_alcetas,0,1.0179074326523014e-54,0
Populus,Cupido_osiris,0,6.957066533334168e-54,0
Populus,Cupido_minimus,0,-6.048784315909012e-54,0
Populus,Plebejus_argus,0,-2.3438251588732752e-54,0
Populus,Plebejus_idas,0,-8.824012425204714e-56,0
Populus,Plebejus_argyrognomon,0,2.3449925658479924e-54,0
Populus,Cyaniris_semiargus,0,-6.312730850184568e-55,0
Populus,Aricia_nicias,0,3.759859320139044e-55,0
Populus,Aricia_artaxerxes,0,-2.627344520850189e-54,0
Populus,Aricia_agestis,0,-2.768028866266731e-54,0
Populus,Polyommatus_escheri,0,-4.5809027616013485e-54,0
Populus,Polyommatus_thersites,0,4.706739964215821e-54,0
Populus,Polyommatus_amandus,0,-3.166500388845258e-55,0
Populus,Polyommatus_icarus,0,-2.7072589632538105e-54,0
Populus,Polyommatus_eros,0,3.967115763776085e-55,0
Populus,Polyommatus_dorylas,0,-1.6819921324533636e-54,0
Populus,Polyommatus_damon,0,4.706739964215821e-54,0
Populus,Neptis_rivularis,0,-1.23552206669074e-55,0
Populus,Limenitis_populi,1,5.008692762861313e-69,0
Populus,Limenitis_reducta,0,4.2286158024285126e-69,0
Populus,Limenitis_camilla,0,-3.3513016812959786e-69,0
Populus,Issoria_lathonia,0,2.23372629833829e-40,0
Populus,Brenthis_ino,0,5.141149501317923e-56,0
Populus,Argynnis_paphia,0,2.23372629833829e-40,0
Populus,Fabriciana_adippe,0,2.23372629833829e-40,0
Populus,Boloria_pales,0,-1.9397247817196565e-40,0
Populus,Boloria_napaea,0,2.23372629833829e-40,0
Populus,Boloria_aquilonaris,0,7.378814601748592e-56,0
Populus,Boloria_selene,0,2.23372629833829e-40,0
Populus,Boloria_dia,0,2.23372629833829e-40,0
Populus,Boloria_euphrosyne,0,2.23372629833829e-40,0
Populus,Boloria_titania,0,2.23372629833829e-40,0
Populus,Apatura_iris,0,-6.263691844044842e-70,0
Populus,Apatura_ilia,1,-2.2381747538491443e-69,0
Populus,Araschnia_levana,0,1.3457573824360578e-38,0
Populus,Vanessa_cardui,0,2.790089333746846e-38,0
Populus,Vanessa_atalanta,0,1.3457573824360578e-38,0
Populus,Aglais_io,0,1.6014470416755497e-38,0
Populus,Aglais_urticae,0,1.3457573824360578e-38,0
Populus,Nymphalis_polychloros,0,1.6681993934751437e-69,0
Populus,Nymphalis_antiopa,0,-6.263691844044842e-70,0
Populus,Euphydryas_cynthia,0,-1.9397247817196565e-40,0
Populus,Euphydryas_intermedia,0,-8.74086268190289e-70,0
Populus,Melitaea_didyma,0,9.159683248333344e-40,0
Populus,Melitaea_phoebe,0,6.759372230206294e-39,0
Populus,Melitaea_cinxia,0,-5.879741525185228e-40,0
Populus,Melitaea_diamina,0,0,0
Populus,Melitaea_aurelia,0,-4.17345108005795e-40,0
Populus,Melitaea_varia,0,-4.17345108005795e-40,0
Populus,Melitaea_parthenoides,0,-3.2260829710568714e-40,0
Populus,Melitaea_deione,0,2.0378453591148925e-41,0
Populus,Melitaea_athalia,0,-8.087112643850999e-40,0
Populus,Melitaea_britomartis,0,-5.879741525185228e-40,0
Populus,Libythea_celtis,0,9.119434421602704e-70,0
Populus,Lasiommata_maera,0,-4.202633882604708e-40,0
Populus,Lasiommata_petropolitana,0,-2.2943888546756675e-40,0
Populus,Lasiommata_megera,0,5.221926092094064e-40,0
Populus,Lopinga_achine,0,-2.2641407084183713e-40,0
Populus,Coenonympha_glycerion,0,-1.2669744382322428e-40,0
Populus,Coenonympha_pamphilus,0,4.0578242809741286e-40,0
Populus,Coenonympha_tullia,0,-2.835021837784504e-40,0
Populus,Melanargia_galathea,0,3.1916530084570863e-40,0
Populus,Hipparchia_statilinus,0,3.274100684068067e-40,0
Populus,Hipparchia_fagi,0,5.221926092094064e-40,0
Populus,Hipparchia_semele,0,-2.2943888546756675e-40,0
Populus,Oeneis_glacialis,0,-2.2943888546756675e-40,0
Populus,Brintesia_circe,0,5.221926092094064e-40,0
Populus,Satyrus_ferula,0,-2.2943888546756675e-40,0
Populus,Hyponephele_lycaon,0,-4.242214262701664e-40,0
Populus,Aphantopus_hyperantus,0,5.221926092094064e-40,0
Populus,Maniola_jurtina,0,5.221926092094064e-40,0
Populus,Erebia_nivalis,0,-2.2943888546756675e-40,0
Populus,Erebia_tyndarus,0,-2.108035621044865e-40,0
Populus,Erebia_christi,0,-2.2943888546756675e-40,0
Populus,Erebia_pharte,0,-4.532653709593884e-40,0
Populus,Erebia_epiphron,0,-2.2943888546756675e-40,0
Populus,Erebia_meolans,0,-2.2943888546756675e-40,0
Populus,Erebia_triarius,0,-4.242214262701664e-40,0
Populus,Erebia_medusa,0,2.9275372374184006e-40,0
Populus,Erebia_aethiops,0,-1.650123176015471e-40,0
Populus,Erebia_pandrose,0,6.2153619829775914e-40,0
Populus,Erebia_flavofasciata,0,-2.2943888546756675e-40,0
Populus,Erebia_gorge,0,6.337846808007025e-40,0
Populus,Erebia_pluto,0,6.337846808007025e-40,0
Populus,Erebia_sudetica,0,-2.1946806936261017e-40,0
Populus,Erebia_melampus,0,-1.9855507960154124e-40,0
Populus,Erebia_manto,0,-2.016071868839209e-40,0
Populus,Erebia_eriphyle,0,-2.4590693912312714e-40,0
Populus,Erebia_euryale,0,3.4341070283993057e-40,0
Populus,Erebia_ligea,0,9.530869978402388e-40,0
Populus,Erebia_oeme,0,-6.764313954674964e-40,0
Populus,Erebia_mnestra,0,6.128716910396354e-40,0
Populus,Erebia_styx,0,8.42310576507202e-40,0
Lonicera,Parnassius_mnemosyne,0,0,0
Lonicera,Parnassius_apollo,0,0,0
Lonicera,Parnassius_phoebus,0,0,0
Lonicera,Iphiclides_podalirius,0,6.177802439142272e-81,0
Lonicera,Papilio_machaon,0,-1.0364188854068504e-60,0
Lonicera,Carcharodus_alceae,0,3.1735754906063755e-61,0
Lonicera,Spialia_sertorius,0,-2.095261926533676e-61,0
Lonicera,Erynnis_tages,0,-2.7221220375716477e-60,0
Lonicera,Pyrgus_carthami,0,2.4904260034747892e-59,0
Lonicera,Pyrgus_malvae,0,3.847352305262139e-59,0
Lonicera,Pyrgus_andromedae,0,1.6358586773304976e-59,0
Lonicera,Pyrgus_cacaliae,0,2.0920212983188894e-59,0
Lonicera,Pyrgus_serratulae,0,2.634449059939735e-59,0
Lonicera,Pyrgus_armoricanus,0,-1.1108705523367955e-59,0
Lonicera,Pyrgus_cirsii,0,-5.819564668499637e-60,0
Lonicera,Pyrgus_carlinae,0,-5.335298002567687e-60,0
Lonicera,Pyrgus_alveus,0,3.2275150996697015e-59,0
Lonicera,Heteropterus_morpheus,0,1.7870161584759016e-44,0
Lonicera,Carterocephalus_palaemon,0,3.66431751897782e-45,0
Lonicera,Thymelicus_acteon,0,2.803648590588174e-44,0
Lonicera,Thymelicus_sylvestris,0,-4.2566794809606017e-44,0
Lonicera,Thymelicus_lineola,0,1.4910453839310376e-44,0
Lonicera,Ochlodes_sylvanus,0,4.631439863192525e-44,0
Lonicera,Hesperia_comma,0,3.3505794815518967e-44,0
Lonicera,Gonepteryx_rhamni,0,-6.633002370134944e-60,0
Lonicera,Colias_alfacariensis,0,5.428882741982059e-59,0
Lonicera,Colias_phicomone,0,2.566212994486383e-59,0
Lonicera,Colias_palaeno,0,1.179826581398457e-59,0
Lonicera,Anthocharis_cardamines,0,-1.194180794224497e-58,0
Lonicera,Aporia_crataegi,0,-8.670675226962924e-61,0
Lonicera,Pontia_callidice,0,-1.9855540174748486e-58,0
Lonicera,Pieris_brassicae,0,4.1650195083811055e-59,0
Lonicera,Pieris_mannii,0,5.261192029595006e-59,0
Lonicera,Pieris_bryoniae,0,-2.7706438527847262e-58,0
Lonicera,Hamearis_lucina,0,6.129238431301193e-59,0
Lonicera,Lycaena_phlaeas,0,-2.8685136567619706e-59,0
Lonicera,Lycaena_virgaureae,0,-5.18556010849069e-59,0
Lonicera,Lycaena_helle,0,8.742097767569845e-60,0
Lonicera,Lycaena_alciphron,0,-2.2939230308428816e-59,0
Lonicera,Lycaena_dispar,0,-7.660411540935828e-59,0
Lonicera,Lycaena_hippothoe,0,1.570738309293085e-60,0
Lonicera,Thecla_betulae,0,7.733169038084202e-59,0
Lonicera,Favonius_quercus,0,-3.288550472391604e-60,0
Lonicera,Satyrium_acaciae,0,-7.183391207336067e-59,0
Lonicera,Satyrium_spini,0,-1.0349699363469708e-58,0
Lonicera,Satyrium_ilicis,0,7.45495803891352e-59,0
Lonicera,Lampides_boeticus,0,1.7278722382429429e-59,0
Lonicera,Celastrina_argiolus,0,6.087762381056107e-60,0
Lonicera,Phengaris_arion,0,2.112417334936422e-62,0
Lonicera,Phengaris_teleius,0,-2.4350281219991156e-60,0
Lonicera,Phengaris_nausithous,0,-3.819046894062404e-60,0
Lonicera,Scolitantides_orion,0,-7.771709726325239e-64,0
Lonicera,Iolana_iolas,0,3.072807259278068e-59,0
Lonicera,Glaucopsyche_alexis,0,3.7569926671119306e-59,0
Lonicera,Pseudophilotes_baton,0,-4.7148638360770556e-63,0
Lonicera,Leptotes_pirithous,0,-1.035549808168053e-59,0
Lonicera,Cupido_argiades,0,-1.2443317413528064e-59,0
Lonicera,Cupido_alcetas,0,2.1698441273134515e-59,0
Lonicera,Cupido_osiris,0,6.3813031269938695e-59,0
Lonicera,Cupido_minimus,0,-4.478353747903005e-59,0
Lonicera,Plebejus_argus,0,-5.033934573083073e-59,0
Lonicera,Plebejus_idas,0,2.481347700301269e-60,0
Lonicera,Plebejus_argyrognomon,0,2.2157825920897553e-59,0
Lonicera,Cyaniris_semiargus,0,-6.410598601040905e-60,0
Lonicera,Aricia_nicias,0,6.380790125433229e-61,0
Lonicera,Aricia_artaxerxes,0,-7.405288174975663e-59,0
Lonicera,Aricia_agestis,0,-5.182964385043478e-59,0
Lonicera,Polyommatus_escheri,0,-2.4740719932773445e-59,0
Lonicera,Polyommatus_thersites,0,4.725464094305146e-59,0
Lonicera,Polyommatus_amandus,0,5.154512689394605e-60,0
Lonicera,Polyommatus_icarus,0,-2.3958693927374274e-59,0
Lonicera,Polyommatus_eros,0,3.635996790946672e-60,0
Lonicera,Polyommatus_dorylas,0,-1.7239226847487913e-59,0
Lonicera,Polyommatus_damon,0,4.725464094305146e-59,0
Lonicera,Neptis_rivularis,0,3.801734744081267e-60,0
Lonicera,Limenitis_populi,0,1.034110536875033e-80,0
Lonicera,Limenitis_reducta,1,-3.7125695578638193e-81,0
Lonicera,Limenitis_camilla,1,3.838007332364032e-81,0
Lonicera,Issoria_lathonia,0,4.9716917848737485e-45,0
Lonicera,Brenthis_ino,0,-2.4816080926850585e-60,0
Lonicera,Argynnis_paphia,0,4.9716917848737485e-45,0
Lonicera,Fabriciana_adippe,0,4.9716917848737485e-45,0
Lonicera,Boloria_pales,0,-4.317249489593065e-45,0
Lonicera,Boloria_napaea,0,4.9716917848737485e-45,0
Lonicera,Boloria_aquilonaris,0,7.008894703964235e-60,0
Lonicera,Boloria_selene,0,4.9716917848737485e-45,0
Lonicera,Boloria_dia,0,4.9716917848737485e-45,0
Lonicera,Boloria_euphrosyne,0,4.9716917848737485e-45,0
Lonicera,Boloria_titania,0,4.9716917848737485e-45,0
Lonicera,Apatura_iris,0,-1.694448905974415e-80,0
Lonicera,Apatura_ilia,0,2.2317227476842137e-80,0
Lonicera,Araschnia_levana,0,2.9952812072243186e-43,0
Lonicera,Vanessa_cardui,0,6.209961951344414e-43,0
Lonicera,Vanessa_atalanta,0,2.9952812072243186e-43,0
Lonicera,Aglais_io,0,3.5643751920292116e-43,0
Lonicera,Aglais_urticae,0,2.9952812072243186e-43,0
Lonicera,Nymphalis_polychloros,0,-3.013834598433438e-81,0
Lonicera,Nymphalis_antiopa,0,-1.694448905974415e-80,0
Lonicera,Euphydryas_cynthia,0,-4.317249489593065e-45,0
Lonicera,Euphydryas_intermedia,1,1.0005779393922256e-81,0
Lonicera,Melitaea_didyma,0,2.038687085671074e-44,0
Lonicera,Melitaea_phoebe,0,1.5044480011471558e-43,0
Lonicera,Melitaea_cinxia,0,-1.3086676781445342e-44,0
Lonicera,Melitaea_diamina,0,0,0
Lonicera,Melitaea_aurelia,0,-9.288941274466819e-45,0
Lonicera,Melitaea_varia,0,-9.288941274466819e-45,0
Lonicera,Melitaea_parthenoides,0,-7.180367553618682e-45,0
Lonicera,Melitaea_deione,0,4.535607307574163e-46,0
Lonicera,Melitaea_athalia,0,-1.79996890238927e-44,0
Lonicera,Melitaea_britomartis,0,-1.3086676781445342e-44,0
Lonicera,Libythea_celtis,0,1.5514328282440384e-80,0
Lonicera,Lasiommata_maera,0,2.1137365363395927e-44,0
Lonicera,Lasiommata_petropolitana,0,1.1598613036377833e-44,0
Lonicera,Lasiommata_megera,0,-2.655190971000035e-44,0
Lonicera,Lopinga_achine,0,1.151451651873144e-44,0
Lonicera,Coenonympha_glycerion,0,6.480480784824044e-45,0
Lonicera,Coenonympha_pamphilus,0,-2.0486534732694122e-44,0
Lonicera,Coenonympha_tullia,0,1.4118967904341614e-44,0
Lonicera,Melanargia_galathea,0,-1.6220864092313387e-44,0
Lonicera,Hipparchia_statilinus,0,-1.6883507775229283e-44,0
Lonicera,Hipparchia_fagi,0,-2.655190971000035e-44,0
Lonicera,Hipparchia_semele,0,1.1598613036377833e-44,0
Lonicera,Oeneis_glacialis,0,1.1598613036377833e-44,0
Lonicera,Brintesia_circe,0,-2.655190971000035e-44,0
Lonicera,Satyrus_ferula,0,1.1598613036377833e-44,0
Lonicera,Hyponephele_lycaon,0,2.1267014971148922e-44,0
Lonicera,Aphantopus_hyperantus,0,-2.655190971000035e-44,0
Lonicera,Maniola_jurtina,0,-2.655190971000035e-44,0
Lonicera,Erebia_nivalis,0,1.1598613036377833e-44,0
Lonicera,Erebia_tyndarus,0,1.0786487325323848e-44,0
Lonicera,Erebia_christi,0,1.1598613036377833e-44,0
Lonicera,Erebia_pharte,0,2.276630292967728e-44,0
Lonicera,Erebia_epiphron,0,1.1598613036377833e-44,0
Lonicera,Erebia_meolans,0,1.1598613036377833e-44,0
Lonicera,Erebia_triarius,0,2.1267014971148922e-44,0
Lonicera,Erebia_medusa,0,-1.495329667362252e-44,0
Lonicera,Erebia_aethiops,0,8.402837228570768e-45,0
Lonicera,Erebia_pandrose,0,-3.1537008991066927e-44,0
Lonicera,Erebia_flavofasciata,0,1.1598613036377833e-44,0
Lonicera,Erebia_gorge,0,-3.2141972304066596e-44,0
Lonicera,Erebia_pluto,0,-3.2141972304066596e-44,0
Lonicera,Erebia_sudetica,0,1.1189719091546843e-44,0
Lonicera,Erebia_melampus,0,1.018152401232427e-44,0
Lonicera,Erebia_manto,0,1.0153832635468843e-44,0
Lonicera,Erebia_eriphyle,0,1.2345498615735963e-44,0
Lonicera,Erebia_euryale,0,-1.7328449805516136e-44,0
Lonicera,Erebia_ligea,0,-4.8494748373461415e-44,0
Lonicera,Erebia_oeme,0,3.419740474373911e-44,0
Lonicera,Erebia_mnestra,0,-3.113377722484394e-44,0
Lonicera,Erebia_styx,0,-4.273239026122182e-44,0
Viola,Parnassius_mnemosyne,0,0,0
Viola,Parnassius_apollo,0,0,0
Viola,Parnassius_phoebus,0,0,0
Viola,Iphiclides_podalirius,0,-1.958601022911686e-35,0
Viola,Papilio_machaon,0,-8.483767584936158e-20,0
Viola,Carcharodus_alceae,0,5.2176175204242065e-20,0
Viola,Spialia_sertorius,0,-1.9744184147759573e-19,0
Viola,Erynnis_tages,0,6.834837622143499e-17,0
Viola,Pyrgus_carthami,0,1.8349717014727273e-16,0
Viola,Pyrgus_malvae,0,5.940631260443171e-17,0
Viola,Pyrgus_andromedae,0,6.427724321450093e-17,0
Viola,Pyrgus_cacaliae,0,5.4253349040142475e-17,0
Viola,Pyrgus_serratulae,0,-6.268725396654265e-16,0
Viola,Pyrgus_armoricanus,0,-4.864983721386021e-16,0
Viola,Pyrgus_cirsii,0,5.896235072989227e-17,0
Viola,Pyrgus_carlinae,0,4.070092199768971e-16,0
Viola,Pyrgus_alveus,0,3.2671854012529446e-16,0
Viola,Heteropterus_morpheus,0,2.7255862941694558e-17,0
Viola,Carterocephalus_palaemon,0,-1.7633714794874724e-16,0
Viola,Thymelicus_acteon,0,1.7380537482293117e-17,0
Viola,Thymelicus_sylvestris,0,-1.6661575452874047e-16,0
Viola,Thymelicus_lineola,0,-4.90862346654892e-16,0
Viola,Ochlodes_sylvanus,0,-2.1852264770543374e-16,0
Viola,Hesperia_comma,0,-6.333393345759703e-16,0
Viola,Gonepteryx_rhamni,0,1.5514843905266153e-16,0
Viola,Colias_alfacariensis,0,-1.707903142733095e-16,0
Viola,Colias_phicomone,0,-4.588785028579826e-18,0
Viola,Colias_palaeno,0,-4.164794160912486e-17,0
Viola,Anthocharis_cardamines,0,-7.578613812158656e-17,0
Viola,Aporia_crataegi,0,2.0610002085559688e-19,0
Viola,Pontia_callidice,0,-6.780088848648597e-17,0
Viola,Pieris_brassicae,0,1.7073356524092284e-16,0
Viola,Pieris_mannii,0,-4.0871219398748647e-17,0
Viola,Pieris_bryoniae,0,1.443175369384678e-16,0
Viola,Hamearis_lucina,0,2.5021540105182645e-16,0
Viola,Lycaena_phlaeas,0,5.3410512240927345e-17,0
Viola,Lycaena_virgaureae,0,-1.8669505452849492e-19,0
Viola,Lycaena_helle,0,-3.284689957930547e-16,0
Viola,Lycaena_alciphron,0,-3.888042270669246e-17,0
Viola,Lycaena_dispar,0,-2.8298989668878256e-17,0
Viola,Lycaena_hippothoe,0,-3.3072094129603405e-17,0
Viola,Thecla_betulae,0,-1.0841259645712665e-18,0
Viola,Favonius_quercus,0,-3.208051870969863e-32,0
Viola,Satyrium_acaciae,0,6.044936216939052e-19,0
Viola,Satyrium_spini,0,9.717044059536272e-18,0
Viola,Satyrium_ilicis,0,2.8879768628168506e-18,0
Viola,Lampides_boeticus,0,5.395492910085054e-17,0
Viola,Celastrina_argiolus,0,2.0186475385096448e-17,0
Viola,Phengaris_arion,0,9.401167207696419e-22,0
Viola,Phengaris_teleius,0,-1.5246126980947398e-18,0
Viola,Phengaris_nausithous,0,1.5141160842252126e-18,0
Viola,Scolitantides_orion,0,-2.9378592216351853e-23,0
Viola,Iolana_iolas,0,5.2305552541238344e-17,0
Viola,Glaucopsyche_alexis,0,-1.878125332100715e-16,0
Viola,Pseudophilotes_baton,0,-1.8835001253867895e-22,0
Viola,Leptotes_pirithous,0,1.3924055331015852e-16,0
Viola,Cupido_argiades,0,2.5377780829727746e-16,0
Viola,Cupido_alcetas,0,1.183615669402892e-16,0
Viola,Cupido_osiris,0,4.5191777148325446e-17,0
Viola,Cupido_minimus,0,-1.0408888610627668e-16,0
Viola,Plebejus_argus,0,1.754942156312237e-16,0
Viola,Plebejus_idas,0,-3.877309766730749e-17,0
Viola,Plebejus_argyrognomon,0,-2.367065092617426e-16,0
Viola,Cyaniris_semiargus,0,-1.6197128334755897e-16,0
Viola,Aricia_nicias,0,-5.611837136710841e-16,0
Viola,Aricia_artaxerxes,0,-2.2713589253457437e-16,0
Viola,Aricia_agestis,0,7.931421243858632e-17,0
Viola,Polyommatus_escheri,0,1.1904834765075648e-16,0
Viola,Polyommatus_thersites,0,1.3748490277397194e-17,0
Viola,Polyommatus_amandus,0,-1.6620335183499803e-16,0
Viola,Polyommatus_icarus,0,-1.1466746259796194e-16,0
Viola,Polyommatus_eros,0,1.198553502389701e-16,0
Viola,Polyommatus_dorylas,0,-2.924792058735381e-16,0
Viola,Polyommatus_damon,0,1.3748490277397194e-17,0
Viola,Neptis_rivularis,0,1.302665504995755e-19,0
Viola,Limenitis_populi,0,5.924456252190778e-40,0
Viola,Limenitis_reducta,0,-5.0678738116012337e-45,0
Viola,Limenitis_camilla,0,2.4793616535437835e-41,0
Viola,Issoria_lathonia,1,0.9509304942909167,1
Viola,Brenthis_ino,0,1.1937997549132573e-18,0
Viola,Argynnis_paphia,1,0.9509304942909167,1
Viola,Fabriciana_adippe,1,0.9509304942909167,1
Viola,Boloria_pales,1,1.108638964606916,1
Viola,Boloria_napaea,1,0.9509304942909167,1
Viola,Boloria_aquilonaris,0,-4.371426840072243e-18,0
Viola,Boloria_selene,1,0.9509304942909167,1
Viola,Boloria_dia,1,0.9509304942909167,1
Viola,Boloria_euphrosyne,1,0.9509304942909167,1
Viola,Boloria_titania,1,0.9509304942909167,1
Viola,Apatura_iris,0,-6.870927053688621e-40,0
Viola,Apatura_ilia,0,7.90225958619004e-40,0
Viola,Araschnia_levana,0,0.008741467526495697,0
Viola,Vanessa_cardui,0,0.00947119004338187,0
Viola,Vanessa_atalanta,0,0.008741467526495697,0
Viola,Aglais_io,0,0.010607924677759825,0
Viola,Aglais_urticae,0,0.008741467526495697,0
Viola,Nymphalis_polychloros,0,-5.555527942163337e-41,0
Viola,Nymphalis_antiopa,0,-6.870927053688621e-40,0
Viola,Euphydryas_cynthia,1,1.108638964606916,1
Viola,Euphydryas_intermedia,0,6.449010778024607e-42,0
Viola,Melitaea_didyma,0,-0.17182831621566952,0
Viola,Melitaea_phoebe,0,-0.04712952680292925,0
Viola,Melitaea_cinxia,0,0.08730308786012475,1
Viola,Melitaea_diamina,0,0,0
Viola,Melitaea_aurelia,0,0.15770847031599958,1
Viola,Melitaea_varia,0,0.15770847031599958,1
Viola,Melitaea_parthenoides,0,0.12439845628442768,1
Viola,Melitaea_deione,0,-0.0777346540053937,0
Viola,Melitaea_athalia,0,-0.11716598642252457,0
Viola,Melitaea_britomartis,0,0.08730308786012475,1
Viola,Libythea_celtis,0,6.417762258799452e-40,0
Viola,Lasiommata_maera,0,-2.1670574211410396e-16,0
Viola,Lasiommata_petropolitana,0,-1.4767731024361403e-16,0
Viola,Lasiommata_megera,0,-2.9573670125739316e-16,0
Viola,Lopinga_achine,0,1.1495907593766824e-16,0
Viola,Coenonympha_glycerion,0,4.5147894046420065e-16,0
Viola,Coenonympha_pamphilus,0,-7.78572204995383e-16,0
Viola,Coenonympha_tullia,0,5.6858358164928e-16,0
Viola,Melanargia_galathea,0,-2.8559514049163506e-16,0
Viola,Hipparchia_statilinus,0,-4.2937676672008934e-16,0
Viola,Hipparchia_fagi,0,-2.9573670125739316e-16,0
Viola,Hipparchia_semele,0,-1.4767731024361403e-16,0
Viola,Oeneis_glacialis,0,-1.4767731024361403e-16,0
Viola,Brintesia_circe,0,-2.9573670125739316e-16,0
Viola,Satyrus_ferula,0,-1.4767731024361403e-16,0
Viola,Hyponephele_lycaon,0,-2.895716273718042e-16,0
Viola,Aphantopus_hyperantus,0,-2.9573670125739316e-16,0
Viola,Maniola_jurtina,0,-2.9573670125739316e-16,0
Viola,Erebia_nivalis,0,-1.4767731024361403e-16,0
Viola,Erebia_tyndarus,0,-1.6460302302269832e-16,0
Viola,Erebia_christi,0,-1.4767731024361403e-16,0
Viola,Erebia_pharte,0,2.5962449342811625e-16,0
Viola,Erebia_epiphron,0,-1.4767731024361403e-16,0
Viola,Erebia_meolans,0,-1.4767731024361403e-16,0
Viola,Erebia_triarius,0,-2.895716273718042e-16,0
Viola,Erebia_medusa,0,-4.718073836547702e-16,0
Viola,Erebia_aethiops,0,7.955704558822252e-16,0
Viola,Erebia_pandrose,0,-2.9628593565857473e-16,0
Viola,Erebia_flavofasciata,0,-1.4767731024361403e-16,0
Viola,Erebia_gorge,0,-1.3929321853797206e-16,0
Viola,Erebia_pluto,0,-1.3929321853797206e-16,0
Viola,Erebia_sudetica,0,-1.0110418063797539e-16,0
Viola,Erebia_melampus,0,-6.961899001432393e-17,0
Viola,Erebia_manto,0,8.008382703312573e-16,0
Viola,Erebia_eriphyle,0,8.695327844106433e-16,0
Viola,Erebia_euryale,0,1.117305471435387e-15,0
Viola,Erebia_ligea,0,8.401041738081449e-16,0
Viola,Erebia_oeme,0,7.534747460895412e-16,0
Viola,Erebia_mnestra,0,-2.6772151896866765e-17,0
Viola,Erebia_styx,0,5.4570909215328995e-17,0
Plantago,Parnassius_mnemosyne,0,0,0
Plantago,Parnassius_apollo,0,0,0
Plantago,Parnassius_phoebus,0,0,0
Plantago,Iphiclides_podalirius,0,-7.15006988588623e-35,0
Plantago,Papilio_machaon,0,-2.182256445096115e-19,0
Plantago,Carcharodus_alceae,0,1.3610658946178532e-19,0
Plantago,Spialia_sertorius,0,-8.583774107285884e-20,0
Plantago,Erynnis_tages,0,6.402919651265555e-17,0
Plantago,Pyrgus_carthami,0,7.500210776779597e-17,0
Plantago,Pyrgus_malvae,0,3.806169689716255e-17,0
Plantago,Pyrgus_andromedae,0,-4.5760919323262253e-17,0
Plantago,Pyrgus_cacaliae,0,1.1739479705141459e-16,0
Plantago,Pyrgus_serratulae,0,-1.9447049924046033e-16,0
Plantago,Pyrgus_armoricanus,0,8.893416352496554e-17,0
Plantago,Pyrgus_cirsii,0,1.1266331463373884e-16,0
Plantago,Pyrgus_carlinae,0,-4.748808342805888e-17,0
Plantago,Pyrgus_alveus,0,-1.403224046795363e-16,0
Plantago,Heteropterus_morpheus,0,1.1579487319262393e-16,0
Plantago,Carterocephalus_palaemon,0,-1.5759087333845827e-16,0
Plantago,Thymelicus_acteon,0,-8.251797570189721e-17,0
Plantago,Thymelicus_sylvestris,0,-1.2115398547719022e-15,0
Plantago,Thymelicus_lineola,0,-1.3429553572741561e-15,0
Plantago,Ochlodes_sylvanus,0,3.3429211251622684e-16,0
Plantago,Hesperia_comma,0,-9.70811457612997e-17,0
Plantago,Gonepteryx_rhamni,0,9.05677924106533e-17,0
Plantago,Colias_alfacariensis,0,3.661120721322422e-17,0
Plantago,Colias_phicomone,0,-2.3856920598140147e-17,0
Plantago,Colias_palaeno,0,6.282566235514553e-18,0
Plantago,Anthocharis_cardamines,0,1.5626309550563125e-16,0
Plantago,Aporia_crataegi,0,5.307702962224185e-19,0
Plantago,Pontia_callidice,0,1.8650718689975757e-16,0
Plantago,Pieris_brassicae,0,5.881128445569177e-17,0
Plantago,Pieris_mannii,0,3.797052508701379e-17,0
Plantago,Pieris_bryoniae,0,8.562246014219505e-16,0
Plantago,Hamearis_lucina,0,-3.1645283433525603e-16,0
Plantago,Lycaena_phlaeas,0,-5.6983092084028495e-18,0
Plantago,Lycaena_virgaureae,0,-7.729528388855954e-18,0
Plantago,Lycaena_helle,0,1.0501072845291249e-17,0
Plantago,Lycaena_alciphron,0,-2.441508444120529e-18,0
Plantago,Lycaena_dispar,0,-3.5232504850304005e-18,0
Plantago,Lycaena_hippothoe,0,-5.1925659817241005e-18,0
Plantago,Thecla_betulae,0,-9.970961753950378e-18,0
Plantago,Favonius_quercus,0,3.308901806243524e-32,0
Plantago,Satyrium_acaciae,0,8.730672275654955e-18,0
Plantago,Satyrium_spini,0,1.381521961293824e-17,0
Plantago,Satyrium_ilicis,0,-5.395933834469078e-18,0
Plantago,Lampides_boeticus,0,-1.8645205065084352e-17,0
Plantago,Celastrina_argiolus,0,4.7011208463083654e-18,0
Plantago,Phengaris_arion,0,-1.7564895286953135e-21,0
Plantago,Phengaris_teleius,0,-5.318712299955982e-19,0
Plantago,Phengaris_nausithous,0,6.098267371472832e-20,0
Plantago,Scolitantides_orion,0,5.489029601736933e-23,0
Plantago,Iolana_iolas,0,-2.5165286831885444e-17,0
Plantago,Glaucopsyche_alexis,0,-3.286746137707285e-17,0
Plantago,Pseudophilotes_baton,0,3.5190897628135255e-22,0
Plantago,Leptotes_pirithous,0,-2.4146217386897224e-16,0
Plantago,Cupido_argiades,0,9.45505833213316e-19,0
Plantago,Cupido_alcetas,0,-3.1466192217999e-16,0
Plantago,Cupido_osiris,0,-6.46252019384131e-17,0
Plantago,Cupido_minimus,0,-1.782739927773094e-16,0
Plantago,Plebejus_argus,0,2.0932604445740983e-17,0
Plantago,Plebejus_idas,0,1.3658846131099322e-16,0
Plantago,Plebejus_argyrognomon,0,-1.4016633491881166e-16,0
Plantago,Cyaniris_semiargus,0,1.4033837682156473e-16,0
Plantago,Aricia_nicias,0,-2.2529239611732915e-16,0
Plantago,Aricia_artaxerxes,0,-3.5719935979246863e-16,0
Plantago,Aricia_agestis,0,2.982513350879654e-16,0
Plantago,Polyommatus_escheri,0,1.6533796725972008e-16,0
Plantago,Polyommatus_thersites,0,-1.085926845281203e-16,0
Plantago,Polyommatus_amandus,0,3.3306269091847434e-16,0
Plantago,Polyommatus_icarus,0,-1.4011043393071447e-16,0
Plantago,Polyommatus_eros,0,8.017626302924867e-17,0
Plantago,Polyommatus_dorylas,0,-4.151074686206541e-16,0
Plantago,Polyommatus_damon,0,-1.085926845281203e-16,0
Plantago,Neptis_rivularis,0,-3.1014225898511704e-20,0
Plantago,Limenitis_populi,0,-1.106921148830613e-39,0
Plantago,Limenitis_reducta,0,4.480767711203313e-45,0
Plantago,Limenitis_camilla,0,-4.631988334429059e-41,0
Plantago,Issoria_lathonia,0,0.1577084703159995,1
Plantago,Brenthis_ino,0,3.2803532437563265e-18,0
Plantago,Argynnis_paphia,0,0.1577084703159995,1
Plantago,Fabriciana_adippe,0,0.1577084703159995,1
Plantago,Boloria_pales,1,0.6405187183421579,1
Plantago,Boloria_napaea,0,0.1577084703159995,1
Plantago,Boloria_aquilonaris,0,4.678965920441455e-19,0
Plantago,Boloria_selene,0,0.1577084703159995,1
Plantago,Boloria_dia,0,0.1577084703159995,1
Plantago,Boloria_euphrosyne,0,0.1577084703159995,1
Plantago,Boloria_titania,0,0.1577084703159995,1
Plantago,Apatura_iris,0,1.2837528378785026e-39,0
Plantago,Apatura_ilia,0,-1.4764417301466604e-39,0
Plantago,Araschnia_levana,0,-0.020555578982164154,0
Plantago,Vanessa_cardui,0,-0.03356216990298694,0
Plantago,Vanessa_atalanta,0,-0.020555578982164154,0
Plantago,Aglais_io,0,-0.0245839023996049,0
Plantago,Aglais_urticae,0,-0.020555578982164154,0
Plantago,Nymphalis_polychloros,0,1.0379648858522342e-40,0
Plantago,Nymphalis_antiopa,0,1.2837528378785026e-39,0
Plantago,Euphydryas_cynthia,1,0.6405187183421579,1
Plantago,Euphydryas_intermedia,0,-1.2048155801256277e-41,0
Plantago,Melitaea_didyma,1,1.5263304780018878,1
Plantago,Melitaea_phoebe,0,0.10733954412557309,1
Plantago,Melitaea_cinxia,1,0.7776430968465614,1
Plantago,Melitaea_diamina,0,0,0
Plantago,Melitaea_aurelia,1,0.48281024802615874,1
Plantago,Melitaea_varia,1,0.48281024802615874,1
Plantago,Melitaea_parthenoides,1,0.6256453882183973,1
Plantago,Melitaea_deione,0,0.20530879170517485,1
Plantago,Melitaea_athalia,1,1.3549608521963912,1
Plantago,Melitaea_britomartis,1,0.7776430968465614,1
Plantago,Libythea_celtis,0,-1.1990846623408284e-39,0
Plantago,Lasiommata_maera,0,-6.425426274034044e-16,0
Plantago,Lasiommata_petropolitana,0,-6.417663673500882e-16,0
Plantago,Lasiommata_megera,0,-4.4095268257611463e-16,0
Plantago,Lopinga_achine,0,3.092591626196773e-17,0
Plantago,Coenonympha_glycerion,0,-5.652056065970818e-16,0
Plantago,Coenonympha_pamphilus,0,-3.0438835843613483e-16,0
Plantago,Coenonympha_tullia,0,7.581100137184194e-16,0
Plantago,Melanargia_galathea,0,-5.727869094931343e-16,0
Plantago,Hipparchia_statilinus,0,-6.580937091333051e-16,0
Plantago,Hipparchia_fagi,0,-4.4095268257611463e-16,0
Plantago,Hipparchia_semele,0,-6.417663673500882e-16,0
Plantago,Oeneis_glacialis,0,-6.417663673500882e-16,0
Plantago,Brintesia_circe,0,-4.4095268257611463e-16,0
Plantago,Satyrus_ferula,0,-6.417663673500882e-16,0
Plantago,Hyponephele_lycaon,0,-6.962806591153043e-16,0
Plantago,Aphantopus_hyperantus,0,-4.4095268257611463e-16,0
Plantago,Maniola_jurtina,0,-4.4095268257611463e-16,0
Plantago,Erebia_nivalis,0,-6.417663673500882e-16,0
Plantago,Erebia_tyndarus,0,-2.6864776125230653e-16,0
Plantago,Erebia_christi,0,-6.417663673500882e-16,0
Plantago,Erebia_pharte,0,2.747400095277301e-16,0
Plantago,Erebia_epiphron,0,-6.417663673500882e-16,0
Plantago,Erebia_meolans,0,-6.417663673500882e-16,0
Plantago,Erebia_triarius,0,-6.962806591153043e-16,0
Plantago,Erebia_medusa,0,-1.2395994282782268e-15,0
Plantago,Erebia_aethiops,0,1.2293659373138117e-15,0
Plantago,Erebia_pandrose,0,-2.3792158440852096e-16,0
Plantago,Erebia_flavofasciata,0,-6.417663673500882e-16,0
Plantago,Erebia_gorge,0,8.817965213273704e-17,0
Plantago,Erebia_pluto,0,8.817965213273704e-17,0
Plantago,Erebia_sudetica,0,-4.1954301699825953e-16,0
Plantago,Erebia_melampus,0,9.159639443233549e-17,0
Plantago,Erebia_manto,0,1.570407148653938e-15,0
Plantago,Erebia_eriphyle,0,1.3211053554651977e-15,0
Plantago,Erebia_euryale,0,2.532413781555973e-15,0
Plantago,Erebia_ligea,0,1.4359569699033408e-15,0
Plantago,Erebia_oeme,0,1.888281272413011e-15,0
Plantago,Erebia_mnestra,0,-3.993694027524482e-16,0
Plantago,Erebia_styx,0,2.711067835926232e-16,0
Salix,Parnassius_mnemosyne,0,0,0
Salix,Parnassius_apollo,0,0,0
Salix,Parnassius_phoebus,0,0,0
Salix,Iphiclides_podalirius,0,2.4130044068154974e-77,0
Salix,Papilio_machaon,0,-9.611437055225339e-57,0
Salix,Carcharodus_alceae,0,2.2311739898315113e-57,0
Salix,Spialia_sertorius,0,-1.0439993537453743e-56,0
Salix,Erynnis_tages,0,4.65354556548205e-56,0
Salix,Pyrgus_carthami,0,-3.246566183436474e-56,0
Salix,Pyrgus_malvae,0,-1.1837570787437256e-54,0
Salix,Pyrgus_andromedae,0,-4.332857021713901e-55,0
Salix,Pyrgus_cacaliae,0,-3.399133429208151e-55,0
Salix,Pyrgus_serratulae,0,-4.1991066455463044e-55,0
Salix,Pyrgus_armoricanus,0,6.75056304878258e-55,0
Salix,Pyrgus_cirsii,0,2.588519794881705e-57,0
Salix,Pyrgus_carlinae,0,2.338625210421417e-55,0
Salix,Pyrgus_alveus,0,-7.919010373003131e-55,0
Salix,Heteropterus_morpheus,0,1.6406729131893321e-40,0
Salix,Carterocephalus_palaemon,0,3.4768191294842927e-41,0
Salix,Thymelicus_acteon,0,2.640243161586818e-40,0
Salix,Thymelicus_sylvestris,0,-3.9431655686436724e-40,0
Salix,Thymelicus_lineola,0,1.3581296620523318e-40,0
Salix,Ochlodes_sylvanus,0,4.229698292349193e-40,0
Salix,Hesperia_comma,0,3.067200093508793e-40,0
Salix,Gonepteryx_rhamni,0,-2.9566777639278726e-55,0
Salix,Colias_alfacariensis,0,-1.080828333482093e-54,0
Salix,Colias_phicomone,0,-7.96094355984374e-55,0
Salix,Colias_palaeno,0,1.4152935925754108e-55,0
Salix,Anthocharis_cardamines,0,-5.220087266287426e-41,0
Salix,Aporia_crataegi,0,-1.1563234991668537e-56,0
Salix,Pontia_callidice,0,-9.515569997469472e-41,0
Salix,Pieris_brassicae,0,-5.038549265392867e-55,0
Salix,Pieris_mannii,0,-1.0291864006433441e-54,0
Salix,Pieris_bryoniae,0,-1.4735657263756938e-40,0
Salix,Hamearis_lucina,0,-1.3862470217167702e-54,0
Salix,Lycaena_phlaeas,0,-1.9722530181757938e-54,0
Salix,Lycaena_virgaureae,0,-1.7972228677049255e-54,0
Salix,Lycaena_helle,0,2.5732263523511127e-55,0
Salix,Lycaena_alciphron,0,-1.9177566443095744e-54,0
Salix,Lycaena_dispar,0,-2.752411126771222e-54,0
Salix,Lycaena_hippothoe,0,-2.707722296269702e-54,0
Salix,Thecla_betulae,0,-1.6138306309100343e-54,0
Salix,Favonius_quercus,0,-5.073227710003122e-56,0
Salix,Satyrium_acaciae,0,1.663703332649112e-54,0
Salix,Satyrium_spini,0,2.0793793373779837e-54,0
Salix,Satyrium_ilicis,0,-1.5213917063034236e-54,0
Salix,Lampides_boeticus,0,-1.0774234530813925e-54,0
Salix,Celastrina_argiolus,0,-2.2824735073028652e-55,0
Salix,Phengaris_arion,0,-3.019388399594467e-56,0
Salix,Phengaris_teleius,0,-4.271809062283293e-56,0
Salix,Phengaris_nausithous,0,-2.1303299825887267e-56,0
Salix,Scolitantides_orion,0,-1.9694978455710911e-56,0
Salix,Iolana_iolas,0,-1.229791541383744e-54,0
Salix,Glaucopsyche_alexis,0,-2.0698785950986022e-54,0
Salix,Pseudophilotes_baton,0,-2.275449749215216e-56,0
Salix,Leptotes_pirithous,0,9.573579806466335e-56,0
Salix,Cupido_argiades,0,3.9287393274921605e-55,0
Salix,Cupido_alcetas,0,-4.755811801741848e-55,0
Salix,Cupido_osiris,0,-3.260852395193263e-54,0
Salix,Cupido_minimus,0,2.818465689211029e-54,0
Salix,Plebejus_argus,0,1.0896647964035561e-54,0
Salix,Plebejus_idas,0,4.628313646963989e-56,0
Salix,Plebejus_argyrognomon,0,-1.100958420269841e-54,0
Salix,Cyaniris_semiargus,0,3.078264091210718e-55,0
Salix,Aricia_nicias,0,-1.772511537392741e-55,0
Salix,Aricia_artaxerxes,0,1.2222569911503005e-54,0
Salix,Aricia_agestis,0,1.2889417342969804e-54,0
Salix,Polyommatus_escheri,0,2.1392915073061124e-54,0
Salix,Polyommatus_thersites,0,-2.1975450450936924e-54,0
Salix,Polyommatus_amandus,0,1.5101583807308718e-55,0
Salix,Polyommatus_icarus,0,1.2610611386045763e-54,0
Salix,Polyommatus_eros,0,-1.8328414493281715e-55,0
Salix,Polyommatus_dorylas,0,7.769390390100533e-55,0
Salix,Polyommatus_damon,0,-2.1975450450936924e-54,0
Salix,Neptis_rivularis,0,5.697292337684492e-56,0
Salix,Limenitis_populi,0,-2.954670459481641e-69,0
Salix,Limenitis_reducta,0,-2.4944964987751097e-69,0
Salix,Limenitis_camilla,0,1.9769614250411412e-69,0
Salix,Issoria_lathonia,0,-1.0429626364063225e-40,0
Salix,Brenthis_ino,0,-2.4489932050810847e-56,0
Salix,Argynnis_paphia,0,-1.0429626364063225e-40,0
Salix,Fabriciana_adippe,0,-1.0429626364063225e-40,0
Salix,Boloria_pales,0,9.056886127608003e-41,0
Salix,Boloria_napaea,0,-1.0429626364063225e-40,0
Salix,Boloria_aquilonaris,0,-3.9516222084413554e-56,0
Salix,Boloria_selene,0,-1.0429626364063225e-40,0
Salix,Boloria_dia,0,-1.0429626364063225e-40,0
Salix,Boloria_euphrosyne,0,-1.0429626364063225e-40,0
Salix,Boloria_titania,0,-1.0429626364063225e-40,0
Salix,Apatura_iris,1,3.69500420910966e-70,0
Salix,Apatura_ilia,1,1.3203184746491464e-69,0
Salix,Araschnia_levana,0,-6.283557070771882e-39,0
Salix,Vanessa_cardui,0,-1.302737461444562e-38,0
Salix,Vanessa_atalanta,0,-6.283557070771882e-39,0
Salix,Aglais_io,0,-7.477413100994254e-39,0
Salix,Aglais_urticae,0,-6.283557070771882e-39,0
Salix,Nymphalis_polychloros,1,-9.840850465424216e-70,0
Salix,Nymphalis_antiopa,1,3.69500420910966e-70,0
Salix,Euphydryas_cynthia,0,9.056886127608003e-41,0
Salix,Euphydryas_intermedia,0,5.156309394663642e-70,0
Salix,Melitaea_didyma,0,-4.276803025031911e-40,0
Salix,Melitaea_phoebe,0,-3.1560593109446696e-39,0
Salix,Melitaea_cinxia,0,2.745345625960113e-40,0
Salix,Melitaea_diamina,0,0,0
Salix,Melitaea_aurelia,0,1.9486512491671246e-40,0
Salix,Melitaea_varia,0,1.9486512491671246e-40,0
Salix,Melitaea_parthenoides,0,1.5063098837998993e-40,0
Salix,Melitaea_deione,0,-9.515026841834339e-42,0
Salix,Melitaea_athalia,0,3.776002606277885e-40,0
Salix,Melitaea_britomartis,0,2.745345625960113e-40,0
Salix,Libythea_celtis,0,-5.379631157356617e-70,0
Salix,Lasiommata_maera,0,1.962347666320871e-40,0
Salix,Lasiommata_petropolitana,0,1.0713259389137106e-40,0
Salix,Lasiommata_megera,0,-2.438290888880658e-40,0
Salix,Lopinga_achine,0,1.0572025238114597e-40,0
Salix,Coenonympha_glycerion,0,5.915926345597932e-41,0
Salix,Coenonympha_pamphilus,0,-1.8947321027297444e-40,0
Salix,Coenonympha_tullia,0,1.3237635006250288e-40,0
Salix,Melanargia_galathea,0,-1.4902888322308859e-40,0
Salix,Hipparchia_statilinus,0,-1.5287883057961213e-40,0
Salix,Hipparchia_fagi,0,-2.438290888880658e-40,0
Salix,Hipparchia_semele,0,1.0713259389137106e-40,0
Salix,Oeneis_glacialis,0,1.0713259389137106e-40,0
Salix,Brintesia_circe,0,-2.438290888880658e-40,0
Salix,Satyrus_ferula,0,1.0713259389137106e-40,0
Salix,Hyponephele_lycaon,0,1.980828521998247e-40,0
Salix,Aphantopus_hyperantus,0,-2.438290888880658e-40,0
Salix,Maniola_jurtina,0,-2.438290888880658e-40,0
Salix,Erebia_nivalis,0,1.0713259389137106e-40,0
Salix,Erebia_tyndarus,0,9.843122224119183e-41,0
Salix,Erebia_christi,0,1.0713259389137106e-40,0
Salix,Erebia_pharte,0,2.116444489948919e-40,0
Salix,Erebia_epiphron,0,1.0713259389137106e-40,0
Salix,Erebia_meolans,0,1.0713259389137106e-40,0
Salix,Erebia_triarius,0,1.980828521998247e-40,0
Salix,Erebia_medusa,0,-1.3669649499669492e-40,0
Salix,Erebia_aethiops,0,7.704973520156144e-41,0
Salix,Erebia_pandrose,0,-2.902158297357178e-40,0
Salix,Erebia_flavofasciata,0,1.0713259389137106e-40,0
Salix,Erebia_gorge,0,-2.9593504006413166e-40,0
Salix,Erebia_pluto,0,-2.9593504006413166e-40,0
Salix,Erebia_sudetica,0,1.0247693398680164e-40,0
Salix,Erebia_melampus,0,9.271201191277705e-41,0
Salix,Erebia_manto,0,9.41369848705371e-41,0
Salix,Erebia_eriphyle,0,1.1482195366072952e-40,0
Salix,Erebia_euryale,0,-1.6034975848626996e-40,0
Salix,Erebia_ligea,0,-4.450280085121477e-40,0
Salix,Erebia_oeme,0,3.1584816267113633e-40,0
Salix,Erebia_mnestra,0,-2.8617011799010793e-40,0
Salix,Erebia_styx,0,-3.93302711881479e-40,0
Urtica,Parnassius_mnemosyne,0,0,0
Urtica,Parnassius_apollo,0,0,0
Urtica,Parnassius_phoebus,0,0,0
Urtica,Iphiclides_podalirius,0,-1.7481365596826853e-37,0
Urtica,Papilio_machaon,0,-4.3485367635058335e-22,0
Urtica,Carcharodus_alceae,0,2.7389300809832936e-22,0
Urtica,Spialia_sertorius,0,6.708849654993673e-19,0
Urtica,Erynnis_tages,0,-5.2673350118281815e-18,0
Urtica,Pyrgus_carthami,0,2.209945262406859e-17,0
Urtica,Pyrgus_malvae,0,1.1875968664100903e-16,0
Urtica,Pyrgus_andromedae,0,4.6097290757557654e-17,0
Urtica,Pyrgus_cacaliae,0,4.308456654550139e-17,0
Urtica,Pyrgus_serratulae,0,4.8970593643205085e-17,0
Urtica,Pyrgus_armoricanus,0,-5.619178659002106e-17,0
Urtica,Pyrgus_cirsii,0,-6.734384153033272e-18,0
Urtica,Pyrgus_carlinae,0,-2.2800547624294282e-17,0
Urtica,Pyrgus_alveus,0,8.196799180157929e-17,0
Urtica,Heteropterus_morpheus,0,-2.1685940472600398e-17,0
Urtica,Carterocephalus_palaemon,0,-1.6687973334389106e-16,0
Urtica,Thymelicus_acteon,0,3.906526350218066e-16,0
Urtica,Thymelicus_sylvestris,0,-3.016558146180797e-16,0
Urtica,Thymelicus_lineola,0,7.68070615553501e-16,0
Urtica,Ochlodes_sylvanus,0,1.5273960685451332e-16,0
Urtica,Hesperia_comma,0,5.757359876036214e-17,0
Urtica,Gonepteryx_rhamni,0,2.005436823767773e-17,0
Urtica,Colias_alfacariensis,0,1.2291256469130775e-16,0
Urtica,Colias_phicomone,0,7.99500427892065e-17,0
Urtica,Colias_palaeno,0,-3.704096328847077e-18,0
Urtica,Anthocharis_cardamines,0,1.666280776592241e-16,0
Urtica,Aporia_crataegi,0,1.0582043203955849e-21,0
Urtica,Pontia_callidice,0,3.009200266180337e-16,0
Urtica,Pieris_brassicae,0,6.795406952196155e-17,0
Urtica,Pieris_mannii,0,1.1743751157400326e-16,0
Urtica,Pieris_bryoniae,0,5.218840224615116e-16,0
Urtica,Hamearis_lucina,0,1.5290610465136193e-16,0
Urtica,Lycaena_phlaeas,0,1.3007132927466031e-16,0
Urtica,Lycaena_virgaureae,0,9.814634626987903e-17,0
Urtica,Lycaena_helle,0,-1.3984665978307752e-17,0
Urtica,Lycaena_alciphron,0,1.2520901119893457e-16,0
Urtica,Lycaena_dispar,0,1.469209378159775e-16,0
Urtica,Lycaena_hippothoe,0,2.0675293302512242e-16,0
Urtica,Thecla_betulae,0,1.8124520933325803e-16,0
Urtica,Favonius_quercus,0,8.759054154753248e-32,0
Urtica,Satyrium_acaciae,0,-1.8124768986244922e-16,0
Urtica,Satyrium_spini,0,-2.3202208961563304e-16,0
Urtica,Satyrium_ilicis,0,1.7399557066023492e-16,0
Urtica,Lampides_boeticus,0,9.655621959557825e-17,0
Urtica,Celastrina_argiolus,0,2.4181295081331014e-17,0
Urtica,Phengaris_arion,0,5.663918308450016e-20,0
Urtica,Phengaris_teleius,0,1.898867458953801e-18,0
Urtica,Phengaris_nausithous,0,-1.3317624666438486e-18,0
Urtica,Scolitantides_orion,0,-1.7699744715212663e-21,0
Urtica,Iolana_iolas,0,1.1764572551671928e-16,0
Urtica,Glaucopsyche_alexis,0,1.8818457968370858e-16,0
Urtica,Pseudophilotes_baton,0,-1.1347541412173917e-20,0
Urtica,Leptotes_pirithous,0,-1.6667934433101437e-17,0
Urtica,Cupido_argiades,0,-4.336888838035255e-17,0
Urtica,Cupido_alcetas,0,5.0296521304835025e-17,0
Urtica,Cupido_osiris,0,2.917995311165518e-16,0
Urtica,Cupido_minimus,0,-2.514497504646005e-16,0
Urtica,Plebejus_argus,0,-1.2216031054472094e-16,0
Urtica,Plebejus_idas,0,7.053199766081999e-19,0
Urtica,Plebejus_argyrognomon,0,9.860620253272347e-17,0
Urtica,Cyaniris_semiargus,0,-2.234992503309294e-17,0
Urtica,Aricia_nicias,0,1.4624522669845368e-17,0
Urtica,Aricia_artaxerxes,0,-1.491109690954829e-16,0
Urtica,Aricia_agestis,0,-1.3696951170000938e-16,0
Urtica,Polyommatus_escheri,0,-1.823677957319564e-16,0
Urtica,Polyommatus_thersites,0,2.025493843678383e-16,0
Urtica,Polyommatus_amandus,0,-5.1987056539568625e-18,0
Urtica,Polyommatus_icarus,0,-1.1525735670251116e-16,0
Urtica,Polyommatus_eros,0,1.7126384509824286e-17,0
Urtica,Polyommatus_dorylas,0,-7.56426077079756e-17,0
Urtica,Polyommatus_damon,0,2.025493843678383e-16,0
Urtica,Neptis_rivularis,0,-1.96396237801482e-18,0
Urtica,Limenitis_populi,0,3.56935993069595e-38,0
Urtica,Limenitis_reducta,0,8.601231959574417e-45,0
Urtica,Limenitis_camilla,0,1.493494435391731e-39,0
Urtica,Issoria_lathonia,0,0.008741467526495732,0
Urtica,Brenthis_ino,0,-5.028252098424954e-20,0
Urtica,Argynnis_paphia,0,0.008741467526495732,0
Urtica,Fabriciana_adippe,0,0.008741467526495732,0
Urtica,Boloria_pales,0,-0.011814111455668448,0
Urtica,Boloria_napaea,0,0.008741467526495732,0
Urtica,Boloria_aquilonaris,0,6.153843355422777e-18,0
Urtica,Boloria_selene,0,0.008741467526495732,0
Urtica,Boloria_dia,0,0.008741467526495732,0
Urtica,Boloria_euphrosyne,0,0.008741467526495732,0
Urtica,Boloria_titania,0,0.008741467526495732,0
Urtica,Apatura_iris,0,-4.1395497499360086e-38,0
Urtica,Apatura_ilia,0,4.760877683306058e-38,0
Urtica,Araschnia_levana,1,0.6971760357837689,1
Urtica,Vanessa_cardui,1,1.445480193786025,1
Urtica,Vanessa_atalanta,1,0.6971760357837689,1
Urtica,Aglais_io,1,0.8296361433870606,1
Urtica,Aglais_urticae,1,0.6971760357837689,1
Urtica,Nymphalis_polychloros,0,-3.346927248095664e-39,0
Urtica,Nymphalis_antiopa,0,-4.1395497499360086e-38,0
Urtica,Euphydryas_cynthia,0,-0.011814111455668448,0
Urtica,Euphydryas_intermedia,0,3.884692348404465e-40,0
Urtica,Melitaea_didyma,0,0.05320730968311973,0
Urtica,Melitaea_phoebe,0,0.3507510080375176,1
Urtica,Melitaea_cinxia,0,-0.028154376873890826,0
Urtica,Melitaea_diamina,0,0,0
Urtica,Melitaea_aurelia,0,-0.02055557898216419,0
Urtica,Melitaea_varia,0,-0.02055557898216419,0
Urtica,Melitaea_parthenoides,0,-0.01504811634241565,0
Urtica,Melitaea_deione,0,0.0020222687582529134,0
Urtica,Melitaea_athalia,0,-0.036923867966341624,0
Urtica,Melitaea_britomartis,0,-0.028154376873890826,0
Urtica,Libythea_celtis,0,3.8665325503389744e-38,0
Urtica,Lasiommata_maera,0,1.2524653595643438e-16,0
Urtica,Lasiommata_petropolitana,0,-1.2387638371750013e-17,0
Urtica,Lasiommata_megera,0,-2.627231892980598e-16,0
Urtica,Lopinga_achine,0,6.111092735204944e-16,0
Urtica,Coenonympha_glycerion,0,-5.382038885875359e-16,0
Urtica,Coenonympha_pamphilus,0,-1.9271665886277616e-16,0
Urtica,Coenonympha_tullia,0,3.0026846792766426e-17,0
Urtica,Melanargia_galathea,0,-7.101297466594081e-17,0
Urtica,Hipparchia_statilinus,0,-2.6853287272802456e-16,0
Urtica,Hipparchia_fagi,0,-2.627231892980598e-16,0
Urtica,Hipparchia_semele,0,-1.2387638371750013e-17,0
Urtica,Oeneis_glacialis,0,-1.2387638371750013e-17,0
Urtica,Brintesia_circe,0,-2.627231892980598e-16,0
Urtica,Satyrus_ferula,0,-1.2387638371750013e-17,0
Urtica,Hyponephele_lycaon,0,-8.182321882947255e-20,0
Urtica,Aphantopus_hyperantus,0,-2.627231892980598e-16,0
Urtica,Maniola_jurtina,0,-2.627231892980598e-16,0
Urtica,Erebia_nivalis,0,-1.2387638371750013e-17,0
Urtica,Erebia_tyndarus,0,5.453824862620749e-16,0
Urtica,Erebia_christi,0,-1.2387638371750013e-17,0
Urtica,Erebia_pharte,0,2.7172015781998804e-16,0
Urtica,Erebia_epiphron,0,-1.2387638371750013e-17,0
Urtica,Erebia_meolans,0,-1.2387638371750013e-17,0
Urtica,Erebia_triarius,0,-8.182321882947255e-20,0
Urtica,Erebia_medusa,0,-2.6616640619201296e-16,0
Urtica,Erebia_aethiops,0,-5.937682962141655e-16,0
Urtica,Erebia_pandrose,0,5.070635488021716e-16,0
Urtica,Erebia_flavofasciata,0,-1.2387638371750013e-17,0
Urtica,Erebia_gorge,0,-3.271438509742944e-16,0
Urtica,Erebia_pluto,0,-3.271438509742944e-16,0
Urtica,Erebia_sudetica,0,3.021227008247281e-16,0
Urtica,Erebia_melampus,0,-1.5170639293407253e-16,0
Urtica,Erebia_manto,0,-1.6139356761863893e-16,0
Urtica,Erebia_eriphyle,0,8.330802455275269e-16,0
Urtica,Erebia_euryale,0,4.012985928723118e-16,0
Urtica,Erebia_ligea,0,8.581021629644165e-17,0
Urtica,Erebia_oeme,0,-1.0057064386394812e-15,0
Urtica,Erebia_mnestra,0,2.521109434666953e-16,0
Urtica,Erebia_styx,0,2.3127847308590387e-16,0
Echium,Parnassius_mnemosyne,0,0,0
Echium,Parnassius_apollo,0,0,0
Echium,Parnassius_phoebus,0,0,0
Echium,Iphiclides_podalirius,0,-1.289946397360754e-37,0
Echium,Papilio_machaon,0,-3.182570155142441e-22,0
Echium,Carcharodus_alceae,0,2.0003966911478164e-22,0
Echium,Spialia_sertorius,0,2.221868702775965e-19,0
Echium,Erynnis_tages,0,-1.735596239947359e-18,0
Echium,Pyrgus_carthami,0,7.239154577882047e-18,0
Echium,Pyrgus_malvae,0,3.9308788635432505e-17,0
Echium,Pyrgus_andromedae,0,1.515216151094638e-17,0
Echium,Pyrgus_cacaliae,0,1.4350631580230332e-17,0
Echium,Pyrgus_serratulae,0,1.6550227103455127e-17,0
Echium,Pyrgus_armoricanus,0,-1.8067014258444096e-17,0
Echium,Pyrgus_cirsii,0,-2.1524836317026237e-18,0
Echium,Pyrgus_carlinae,0,-7.966291996960958e-18,0
Echium,Pyrgus_alveus,0,2.6684599668849816e-17,0
Echium,Heteropterus_morpheus,0,-5.769815858520403e-18,0
Echium,Carterocephalus_palaemon,0,-5.512163521238441e-17,0
Echium,Thymelicus_acteon,0,1.3263479716901154e-16,0
Echium,Thymelicus_sylvestris,0,-1.0539237139651367e-16,0
Echium,Thymelicus_lineola,0,2.556623606244274e-16,0
Echium,Ochlodes_sylvanus,0,5.3265132373121025e-17,0
Echium,Hesperia_comma,0,2.2746650605930516e-17,0
Echium,Gonepteryx_rhamni,0,6.604620039512986e-18,0
Echium,Colias_alfacariensis,0,4.088345713041263e-17,0
Echium,Colias_phicomone,0,2.6444027173664887e-17,0
Echium,Colias_palaeno,0,-1.1819270540152286e-18,0
Echium,Anthocharis_cardamines,0,-2.1255033035720234e-16,0
Echium,Aporia_crataegi,0,7.744662418303487e-22,0
Echium,Pontia_callidice,0,-3.885626624025531e-16,0
Echium,Pieris_brassicae,0,2.2412406042279872e-17,0
Echium,Pieris_mannii,0,3.8959112535999096e-17,0
Echium,Pieris_bryoniae,0,-5.827928266270031e-16,0
Echium,Hamearis_lucina,0,5.003642659925123e-17,0
Echium,Lycaena_phlaeas,0,4.300831595053349e-17,0
Echium,Lycaena_virgaureae,0,3.248448275826315e-17,0
Echium,Lycaena_helle,0,-4.324584951165556e-18,0
Echium,Lycaena_alciphron,0,4.1484686796464705e-17,0
Echium,Lycaena_dispar,0,4.8662136851160995e-17,0
Echium,Lycaena_hippothoe,0,6.847297997176431e-17,0
Echium,Thecla_betulae,0,5.999413914696062e-17,0
Echium,Favonius_quercus,0,-7.617806710668312e-32,0
Echium,Satyrium_acaciae,0,-5.999595322772542e-17,0
Echium,Satyrium_spini,0,-7.680807232423483e-17,0
Echium,Satyrium_ilicis,0,5.759570701897257e-17,0
Echium,Lampides_boeticus,0,3.1897179902423385e-17,0
Echium,Celastrina_argiolus,0,7.993030545832699e-18,0
Echium,Phengaris_arion,0,1.8748602502197426e-20,0
Echium,Phengaris_teleius,0,6.294071872081859e-19,0
Echium,Phengaris_nausithous,0,-4.421866957751774e-19,0
Echium,Scolitantides_orion,0,-5.8589382839424775e-22,0
Echium,Iolana_iolas,0,3.887325496367359e-17,0
Echium,Glaucopsyche_alexis,0,6.24332321706423e-17,0
Echium,Pseudophilotes_baton,0,-3.756243147540407e-21,0
Echium,Leptotes_pirithous,0,-5.9185047123786365e-18,0
Echium,Cupido_argiades,0,-1.4580709025150878e-17,0
Echium,Cupido_alcetas,0,1.6184022571988034e-17,0
Echium,Cupido_osiris,0,9.649122798030847e-17,0
Echium,Cupido_minimus,0,-8.335997219417395e-17,0
Echium,Plebejus_argus,0,-4.057852609596507e-17,0
Echium,Plebejus_idas,0,4.24567262741412e-19,0
Echium,Plebejus_argyrognomon,0,3.2694508605029043e-17,0
Echium,Cyaniris_semiargus,0,-7.092723863839571e-18,0
Echium,Aricia_nicias,0,5.08450168665828e-18,0
Echium,Aricia_artaxerxes,0,-4.9573122394708284e-17,0
Echium,Aricia_agestis,0,-4.507605648116594e-17,0
Echium,Polyommatus_escheri,0,-6.029434405926543e-17,0
Echium,Polyommatus_thersites,0,6.692102055260224e-17,0
Echium,Polyommatus_amandus,0,-1.1907944455769486e-18,0
Echium,Polyommatus_icarus,0,-3.821235579598666e-17,0
Echium,Polyommatus_eros,0,5.653595415168886e-18,0
Echium,Polyommatus_dorylas,0,-2.525766103444967e-17,0
Echium,Polyommatus_damon,0,6.692102055260224e-17,0
Echium,Neptis_rivularis,0,-6.503580933593872e-19,0
Echium,Limenitis_populi,0,1.1815217144961238e-38,0
Echium,Limenitis_reducta,0,-9.947724085216607e-45,0
Echium,Limenitis_camilla,0,4.943840346196736e-40,0
Echium,Issoria_lathonia,0,0.002225703848507209,0
Echium,Brenthis_ino,0,-1.3954295457210102e-20,0
Echium,Argynnis_paphia,0,0.002225703848507209,0
Echium,Fabriciana_adippe,0,0.002225703848507209,0
Echium,Boloria_pales,0,-0.004167220372337873,0
Echium,Boloria_napaea,0,0.002225703848507209,0
Echium,Boloria_aquilonaris,0,2.041783274713941e-18,0
Echium,Boloria_selene,0,0.002225703848507209,0
Echium,Boloria_dia,0,0.002225703848507209,0
Echium,Boloria_euphrosyne,0,0.002225703848507209,0
Echium,Boloria_titania,0,0.002225703848507209,0
Echium,Apatura_iris,0,-1.3702662689748114e-38,0
Echium,Apatura_ilia,0,1.5759380125673387e-38,0
Echium,Araschnia_levana,0,0.23078172951796525,1
Echium,Vanessa_cardui,1,0.4785061768134931,1
Echium,Vanessa_atalanta,0,0.23078172951796525,1
Echium,Aglais_io,0,0.2746288284186365,1
Echium,Aglais_urticae,0,0.23078172951796525,1
Echium,Nymphalis_polychloros,0,-1.1078990032424568e-39,0
Echium,Nymphalis_antiopa,0,-1.3702662689748114e-38,0
Echium,Euphydryas_cynthia,0,-0.004167220372337873,0
Echium,Euphydryas_intermedia,0,1.2859304586807353e-40,0
Echium,Melitaea_didyma,0,0.019517504757437017,0
Echium,Melitaea_phoebe,0,0.1162877061307437,1
Echium,Melitaea_cinxia,0,-0.008507977106282734,0
Echium,Melitaea_diamina,0,0,0
Echium,Melitaea_aurelia,0,-0.0063929242208450865,0
Echium,Melitaea_varia,0,-0.0063929242208450865,0
Echium,Melitaea_parthenoides,0,-0.00437618006762228,0
Echium,Melitaea_deione,0,9.741499559342424e-4,0
Echium,Melitaea_athalia,0,-0.010567251193870359,0
Echium,Melitaea_britomartis,0,-0.008507977106282734,0
Echium,Libythea_celtis,0,1.2798925105973843e-38,0
Echium,Lasiommata_maera,0,4.2853535017637495e-17,0
Echium,Lasiommata_petropolitana,0,-3.768618047602427e-18,0
Echium,Lasiommata_megera,0,-8.897563969266644e-17,0
Echium,Lopinga_achine,0,2.029621888121318e-16,0
Echium,Coenonympha_glycerion,0,-1.8029948236745471e-16,0
Echium,Coenonympha_pamphilus,0,-6.315666858097532e-17,0
Echium,Coenonympha_tullia,0,1.1900522968892882e-17,0
Echium,Melanargia_galathea,0,-2.5063090307680792e-17,0
Echium,Hipparchia_statilinus,0,-8.982398410412004e-17,0
Echium,Hipparchia_fagi,0,-8.897563969266644e-17,0
Echium,Hipparchia_semele,0,-3.768618047602427e-18,0
Echium,Oeneis_glacialis,0,-3.768618047602427e-18,0
Echium,Brintesia_circe,0,-8.897563969266644e-17,0
Echium,Satyrus_ferula,0,-3.768618047602427e-18,0
Echium,Hyponephele_lycaon,0,1.5742124284768596e-18,0
Echium,Aphantopus_hyperantus,0,-8.897563969266644e-17,0
Echium,Maniola_jurtina,0,-8.897563969266644e-17,0
Echium,Erebia_nivalis,0,-3.768618047602427e-18,0
Echium,Erebia_tyndarus,0,1.8239646606078672e-16,0
Echium,Erebia_christi,0,-3.768618047602427e-18,0
Echium,Erebia_pharte,0,9.243920253081437e-17,0
Echium,Erebia_epiphron,0,-3.768618047602427e-18,0
Echium,Erebia_meolans,0,-3.768618047602427e-18,0
Echium,Erebia_triarius,0,1.5742124284768596e-18,0
Echium,Erebia_medusa,0,-8.9937439003704e-17,0
Echium,Erebia_aethiops,0,-1.9500058728741346e-16,0
Echium,Erebia_pandrose,0,1.6387118605644023e-16,0
Echium,Erebia_flavofasciata,0,-3.768618047602427e-18,0
Echium,Erebia_gorge,0,-1.120990577639577e-16,0
Echium,Erebia_pluto,0,-1.120990577639577e-16,0
Echium,Erebia_sudetica,0,1.0147208276012452e-16,0
Echium,Erebia_melampus,0,-4.808365959450597e-17,0
Echium,Erebia_manto,0,-5.0006503300897843e-17,0
Echium,Erebia_eriphyle,0,2.788571688572776e-16,0
Echium,Erebia_euryale,0,1.3196949317436935e-16,0
Echium,Erebia_ligea,0,2.2674931982734145e-17,0
Echium,Erebia_oeme,0,-3.285186502286462e-16,0
Echium,Erebia_mnestra,0,7.887965032061538e-17,0
Echium,Erebia_styx,0,7.174225386584511e-17,0
Carduus,Parnassius_mnemosyne,0,0,0
Carduus,Parnassius_apollo,0,0,0
Carduus,Parnassius_phoebus,0,0,0
Carduus,Iphiclides_podalirius,0,-1.289946397360754e-37,0
Carduus,Papilio_machaon,0,-3.182570155142441e-22,0
Carduus,Carcharodus_alceae,0,2.0003966911478164e-22,0
Carduus,Spialia_sertorius,0,2.221868702775965e-19,0
Carduus,Erynnis_tages,0,-1.735596239947359e-18,0
Carduus,Pyrgus_carthami,0,7.239154577882047e-18,0
Carduus,Pyrgus_malvae,0,3.9308788635432505e-17,0
Carduus,Pyrgus_andromedae,0,1.515216151094638e-17,0
Carduus,Pyrgus_cacaliae,0,1.4350631580230332e-17,0
Carduus,Pyrgus_serratulae,0,1.6550227103455127e-17,0
Carduus,Pyrgus_armoricanus,0,-1.8067014258444096e-17,0
Carduus,Pyrgus_cirsii,0,-2.1524836317026237e-18,0
Carduus,Pyrgus_carlinae,0,-7.966291996960958e-18,0
Carduus,Pyrgus_alveus,0,2.6684599668849816e-17,0
Carduus,Heteropterus_morpheus,0,-5.769815858520403e-18,0
Carduus,Carterocephalus_palaemon,0,-5.512163521238441e-17,0
Carduus,Thymelicus_acteon,0,1.3263479716901154e-16,0
Carduus,Thymelicus_sylvestris,0,-1.0539237139651367e-16,0
Carduus,Thymelicus_lineola,0,2.556623606244274e-16,0
Carduus,Ochlodes_sylvanus,0,5.3265132373121025e-17,0
Carduus,Hesperia_comma,0,2.2746650605930516e-17,0
Carduus,Gonepteryx_rhamni,0,6.604620039512986e-18,0
Carduus,Colias_alfacariensis,0,4.088345713041263e-17,0
Carduus,Colias_phicomone,0,2.6444027173664887e-17,0
Carduus,Colias_palaeno,0,-1.1819270540152286e-18,0
Carduus,Anthocharis_cardamines,0,-2.1255033035720234e-16,0
Carduus,Aporia_crataegi,0,7.744662418303487e-22,0
Carduus,Pontia_callidice,0,-3.885626624025531e-16,0
Carduus,Pieris_brassicae,0,2.2412406042279872e-17,0
Carduus,Pieris_mannii,0,3.8959112535999096e-17,0
Carduus,Pieris_bryoniae,0,-5.827928266270031e-16,0
Carduus,Hamearis_lucina,0,5.003642659925123e-17,0
Carduus,Lycaena_phlaeas,0,4.300831595053349e-17,0
Carduus,Lycaena_virgaureae,0,3.248448275826315e-17,0
Carduus,Lycaena_helle,0,-4.324584951165556e-18,0
Carduus,Lycaena_alciphron,0,4.1484686796464705e-17,0
Carduus,Lycaena_dispar,0,4.8662136851160995e-17,0
Carduus,Lycaena_hippothoe,0,6.847297997176431e-17,0
Carduus,Thecla_betulae,0,5.999413914696062e-17,0
Carduus,Favonius_quercus,0,-7.617806710668312e-32,0
Carduus,Satyrium_acaciae,0,-5.999595322772542e-17,0
Carduus,Satyrium_spini,0,-7.680807232423483e-17,0
Carduus,Satyrium_ilicis,0,5.759570701897257e-17,0
Carduus,Lampides_boeticus,0,3.1897179902423385e-17,0
Carduus,Celastrina_argiolus,0,7.993030545832699e-18,0
Carduus,Phengaris_arion,0,1.8748602502197426e-20,0
Carduus,Phengaris_teleius,0,6.294071872081859e-19,0
Carduus,Phengaris_nausithous,0,-4.421866957751774e-19,0
Carduus,Scolitantides_orion,0,-5.8589382839424775e-22,0
Carduus,Iolana_iolas,0,3.887325496367359e-17,0
Carduus,Glaucopsyche_alexis,0,6.24332321706423e-17,0
Carduus,Pseudophilotes_baton,0,-3.756243147540407e-21,0
Carduus,Leptotes_pirithous,0,-5.9185047123786365e-18,0
Carduus,Cupido_argiades,0,-1.4580709025150878e-17,0
Carduus,Cupido_alcetas,0,1.6184022571988034e-17,0
Carduus,Cupido_osiris,0,9.649122798030847e-17,0
Carduus,Cupido_minimus,0,-8.335997219417395e-17,0
Carduus,Plebejus_argus,0,-4.057852609596507e-17,0
Carduus,Plebejus_idas,0,4.24567262741412e-19,0
Carduus,Plebejus_argyrognomon,0,3.2694508605029043e-17,0
Carduus,Cyaniris_semiargus,0,-7.092723863839571e-18,0
Carduus,Aricia_nicias,0,5.08450168665828e-18,0
Carduus,Aricia_artaxerxes,0,-4.9573122394708284e-17,0
Carduus,Aricia_agestis,0,-4.507605648116594e-17,0
Carduus,Polyommatus_escheri,0,-6.029434405926543e-17,0
Carduus,Polyommatus_thersites,0,6.692102055260224e-17,0
Carduus,Polyommatus_amandus,0,-1.1907944455769486e-18,0
Carduus,Polyommatus_icarus,0,-3.821235579598666e-17,0
Carduus,Polyommatus_eros,0,5.653595415168886e-18,0
Carduus,Polyommatus_dorylas,0,-2.525766103444967e-17,0
Carduus,Polyommatus_damon,0,6.692102055260224e-17,0
Carduus,Neptis_rivularis,0,-6.503580933593872e-19,0
Carduus,Limenitis_populi,0,1.1815217144961238e-38,0
Carduus,Limenitis_reducta,0,-9.947724085216607e-45,0
Carduus,Limenitis_camilla,0,4.943840346196736e-40,0
Carduus,Issoria_lathonia,0,0.002225703848507209,0
Carduus,Brenthis_ino,0,-1.3954295457210102e-20,0
Carduus,Argynnis_paphia,0,0.002225703848507209,0
Carduus,Fabriciana_adippe,0,0.002225703848507209,0
Carduus,Boloria_pales,0,-0.004167220372337873,0
Carduus,Boloria_napaea,0,0.002225703848507209,0
Carduus,Boloria_aquilonaris,0,2.041783274713941e-18,0
Carduus,Boloria_selene,0,0.002225703848507209,0
Carduus,Boloria_dia,0,0.002225703848507209,0
Carduus,Boloria_euphrosyne,0,0.002225703848507209,0
Carduus,Boloria_titania,0,0.002225703848507209,0
Carduus,Apatura_iris,0,-1.3702662689748114e-38,0
Carduus,Apatura_ilia,0,1.5759380125673387e-38,0
Carduus,Araschnia_levana,0,0.23078172951796525,1
Carduus,Vanessa_cardui,1,0.4785061768134931,1
Carduus,Vanessa_atalanta,0,0.23078172951796525,1
Carduus,Aglais_io,0,0.2746288284186365,1
Carduus,Aglais_urticae,0,0.23078172951796525,1
Carduus,Nymphalis_polychloros,0,-1.1078990032424568e-39,0
Carduus,Nymphalis_antiopa,0,-1.3702662689748114e-38,0
Carduus,Euphydryas_cynthia,0,-0.004167220372337873,0
Carduus,Euphydryas_intermedia,0,1.2859304586807353e-40,0
Carduus,Melitaea_didyma,0,0.019517504757437017,0
Carduus,Melitaea_phoebe,0,0.1162877061307437,1
Carduus,Melitaea_cinxia,0,-0.008507977106282734,0
Carduus,Melitaea_diamina,0,0,0
Carduus,Melitaea_aurelia,0,-0.0063929242208450865,0
Carduus,Melitaea_varia,0,-0.0063929242208450865,0
Carduus,Melitaea_parthenoides,0,-0.00437618006762228,0
Carduus,Melitaea_deione,0,9.741499559342424e-4,0
Carduus,Melitaea_athalia,0,-0.010567251193870359,0
Carduus,Melitaea_britomartis,0,-0.008507977106282734,0
Carduus,Libythea_celtis,0,1.2798925105973843e-38,0
Carduus,Lasiommata_maera,0,4.2853535017637495e-17,0
Carduus,Lasiommata_petropolitana,0,-3.768618047602427e-18,0
Carduus,Lasiommata_megera,0,-8.897563969266644e-17,0
Carduus,Lopinga_achine,0,2.029621888121318e-16,0
Carduus,Coenonympha_glycerion,0,-1.8029948236745471e-16,0
Carduus,Coenonympha_pamphilus,0,-6.315666858097532e-17,0
Carduus,Coenonympha_tullia,0,1.1900522968892882e-17,0
Carduus,Melanargia_galathea,0,-2.5063090307680792e-17,0
Carduus,Hipparchia_statilinus,0,-8.982398410412004e-17,0
Carduus,Hipparchia_fagi,0,-8.897563969266644e-17,0
Carduus,Hipparchia_semele,0,-3.768618047602427e-18,0
Carduus,Oeneis_glacialis,0,-3.768618047602427e-18,0
Carduus,Brintesia_circe,0,-8.897563969266644e-17,0
Carduus,Satyrus_ferula,0,-3.768618047602427e-18,0
Carduus,Hyponephele_lycaon,0,1.5742124284768596e-18,0
Carduus,Aphantopus_hyperantus,0,-8.897563969266644e-17,0
Carduus,Maniola_jurtina,0,-8.897563969266644e-17,0
Carduus,Erebia_nivalis,0,-3.768618047602427e-18,0
Carduus,Erebia_tyndarus,0,1.8239646606078672e-16,0
Carduus,Erebia_christi,0,-3.768618047602427e-18,0
Carduus,Erebia_pharte,0,9.243920253081437e-17,0
Carduus,Erebia_epiphron,0,-3.768618047602427e-18,0
Carduus,Erebia_meolans,0,-3.768618047602427e-18,0
Carduus,Erebia_triarius,0,1.5742124284768596e-18,0
Carduus,Erebia_medusa,0,-8.9937439003704e-17,0
Carduus,Erebia_aethiops,0,-1.9500058728741346e-16,0
Carduus,Erebia_pandrose,0,1.6387118605644023e-16,0
Carduus,Erebia_flavofasciata,0,-3.768618047602427e-18,0
Carduus,Erebia_gorge,0,-1.120990577639577e-16,0
Carduus,Erebia_pluto,0,-1.120990577639577e-16,0
Carduus,Erebia_sudetica,0,1.0147208276012452e-16,0
Carduus,Erebia_melampus,0,-4.808365959450597e-17,0
Carduus,Erebia_manto,0,-5.0006503300897843e-17,0
Carduus,Erebia_eriphyle,0,2.788571688572776e-16,0
Carduus,Erebia_euryale,0,1.3196949317436935e-16,0
Carduus,Erebia_ligea,0,2.2674931982734145e-17,0
Carduus,Erebia_oeme,0,-3.285186502286462e-16,0
Carduus,Erebia_mnestra,0,7.887965032061538e-17,0
Carduus,Erebia_styx,0,7.174225386584511e-17,0
Cirsium,Parnassius_mnemosyne,0,0,0
Cirsium,Parnassius_apollo,0,0,0
Cirsium,Parnassius_phoebus,0,0,0
Cirsium,Iphiclides_podalirius,0,-1.5122759756368102e-36,0
Cirsium,Papilio_machaon,0,-3.756651970817031e-21,0
Cirsium,Carcharodus_alceae,0,2.3523204045742727e-21,0
Cirsium,Spialia_sertorius,0,2.7685140072532674e-19,0
Cirsium,Erynnis_tages,0,-1.6410915512196352e-18,0
Cirsium,Pyrgus_carthami,0,8.62187749903064e-18,0
Cirsium,Pyrgus_malvae,0,4.906633931349694e-17,0
Cirsium,Pyrgus_andromedae,0,1.7335200387833255e-17,0
Cirsium,Pyrgus_cacaliae,0,1.9586667692769034e-17,0
Cirsium,Pyrgus_serratulae,0,2.313660770632479e-17,0
Cirsium,Pyrgus_armoricanus,0,-1.5890795449702358e-17,0
Cirsium,Pyrgus_cirsii,0,-1.0912108727356914e-18,0
Cirsium,Pyrgus_carlinae,0,-1.491175115329679e-17,0
Cirsium,Pyrgus_alveus,0,2.7227465636201536e-17,0
Cirsium,Heteropterus_morpheus,0,-9.811873223836056e-18,0
Cirsium,Carterocephalus_palaemon,0,-7.119987936303881e-17,0
Cirsium,Thymelicus_acteon,0,1.609274210575117e-16,0
Cirsium,Thymelicus_sylvestris,0,-1.4640982949488275e-16,0
Cirsium,Thymelicus_lineola,0,3.0202137454845244e-16,0
Cirsium,Ochlodes_sylvanus,0,5.9148139784157e-17,0
Cirsium,Hesperia_comma,0,2.992239377821336e-17,0
Cirsium,Gonepteryx_rhamni,0,8.411985651512628e-18,0
Cirsium,Colias_alfacariensis,0,5.3274900829307e-17,0
Cirsium,Colias_phicomone,0,3.2484359661641063e-17,0
Cirsium,Colias_palaeno,0,-9.321465327526255e-19,0
Cirsium,Anthocharis_cardamines,0,-1.0534970071299739e-16,0
Cirsium,Aporia_crataegi,0,9.139893328515135e-21,0
Cirsium,Pontia_callidice,0,-1.960238210181067e-16,0
Cirsium,Pieris_brassicae,0,2.73168507164035e-17,0
Cirsium,Pieris_mannii,0,4.962428063833325e-17,0
Cirsium,Pieris_bryoniae,0,-2.715511253642102e-16,0
Cirsium,Hamearis_lucina,0,5.365831052564788e-17,0
Cirsium,Lycaena_phlaeas,0,5.288152757655679e-17,0
Cirsium,Lycaena_virgaureae,0,4.028206500261004e-17,0
Cirsium,Lycaena_helle,0,-1.8860079016671336e-18,0
Cirsium,Lycaena_alciphron,0,5.1973523049117107e-17,0
Cirsium,Lycaena_dispar,0,6.077941654553512e-17,0
Cirsium,Lycaena_hippothoe,0,8.545113098362017e-17,0
Cirsium,Thecla_betulae,0,7.448562254772808e-17,0
Cirsium,Favonius_quercus,0,-3.250064065896972e-32,0
Cirsium,Satyrium_acaciae,0,-7.450700560707942e-17,0
Cirsium,Satyrium_spini,0,-9.542419143994526e-17,0
Cirsium,Satyrium_ilicis,0,7.154905367890672e-17,0
Cirsium,Lampides_boeticus,0,3.8797410226253456e-17,0
Cirsium,Celastrina_argiolus,0,9.836228281350504e-18,0
Cirsium,Phengaris_arion,0,2.3290707310337587e-20,0
Cirsium,Phengaris_teleius,0,7.883677425692676e-19,0
Cirsium,Phengaris_nausithous,0,-5.64339702414853e-19,0
Cirsium,Scolitantides_orion,0,-7.278346042246779e-22,0
Cirsium,Iolana_iolas,0,4.7370370848892204e-17,0
Cirsium,Glaucopsyche_alexis,0,7.896096593979625e-17,0
Cirsium,Pseudophilotes_baton,0,-4.666244313600866e-21,0
Cirsium,Leptotes_pirithous,0,-1.3416399830241932e-17,0
Cirsium,Cupido_argiades,0,-2.065075935928122e-17,0
Cirsium,Cupido_alcetas,0,1.2872719886242206e-17,0
Cirsium,Cupido_osiris,0,1.1838976402678738e-16,0
Cirsium,Cupido_minimus,0,-1.0615643374554972e-16,0
Cirsium,Plebejus_argus,0,-5.1877105032109494e-17,0
Cirsium,Plebejus_idas,0,3.5524263916015705e-18,0
Cirsium,Plebejus_argyrognomon,0,4.034670524710015e-17,0
Cirsium,Cyaniris_semiargus,0,-4.485563774491495e-18,0
Cirsium,Aricia_nicias,0,7.606531834539964e-18,0
Cirsium,Aricia_artaxerxes,0,-6.631834790902246e-17,0
Cirsium,Aricia_agestis,0,-5.114541226881466e-17,0
Cirsium,Polyommatus_escheri,0,-7.305379328842009e-17,0
Cirsium,Polyommatus_thersites,0,8.10544392185779e-17,0
Cirsium,Polyommatus_amandus,0,6.614461276549133e-18,0
Cirsium,Polyommatus_icarus,0,-4.9081759627982193e-17,0
Cirsium,Polyommatus_eros,0,7.37150316424509e-18,0
Cirsium,Polyommatus_dorylas,0,-3.651517912225052e-17,0
Cirsium,Polyommatus_damon,0,8.10544392185779e-17,0
Cirsium,Neptis_rivularis,0,-8.113237189925277e-19,0
Cirsium,Limenitis_populi,0,1.46776236967837e-38,0
Cirsium,Limenitis_reducta,0,-4.8169202532221015e-45,0
Cirsium,Limenitis_camilla,0,6.141493378356809e-40,0
Cirsium,Issoria_lathonia,0,-0.0037216851801282107,0
Cirsium,Brenthis_ino,0,3.396547402042583e-20,0
Cirsium,Argynnis_paphia,0,-0.0037216851801282107,0
Cirsium,Fabriciana_adippe,0,-0.0037216851801282107,0
Cirsium,Boloria_pales,0,-0.003942427659260863,0
Cirsium,Boloria_napaea,0,-0.0037216851801282107,0
Cirsium,Boloria_aquilonaris,0,2.59401345861053e-18,0
Cirsium,Boloria_selene,0,-0.0037216851801282107,0
Cirsium,Boloria_dia,0,-0.0037216851801282107,0
Cirsium,Boloria_euphrosyne,0,-0.0037216851801282107,0
Cirsium,Boloria_titania,0,-0.0037216851801282107,0
Cirsium,Apatura_iris,0,-1.7022320871061655e-38,0
Cirsium,Apatura_ilia,0,1.9577301069080948e-38,0
Cirsium,Araschnia_levana,0,0.2867406989663258,1
Cirsium,Vanessa_cardui,1,0.5947938829442366,1
Cirsium,Vanessa_atalanta,0,0.2867406989663258,1
Cirsium,Aglais_io,0,0.34121522198032844,1
Cirsium,Aglais_urticae,0,0.2867406989663258,1
Cirsium,Nymphalis_polychloros,0,-1.3762996832692306e-39,0
Cirsium,Nymphalis_antiopa,0,-1.7022320871061655e-38,0
Cirsium,Euphydryas_cynthia,0,-0.003942427659260863,0
Cirsium,Euphydryas_intermedia,0,1.5974490747060837e-40,0
Cirsium,Melitaea_didyma,0,0.05546850766852055,0
Cirsium,Melitaea_phoebe,1,0.14727267353341236,1
Cirsium,Melitaea_cinxia,0,0.0035424605344705415,0
Cirsium,Melitaea_diamina,0,0,0
Cirsium,Melitaea_aurelia,0,-2.2074247913265533e-4,0
Cirsium,Melitaea_varia,0,-2.2074247913265533e-4,0
Cirsium,Melitaea_parthenoides,0,0.0053796312644879786,0
Cirsium,Melitaea_deione,0,0.005953834849379541,0
Cirsium,Melitaea_athalia,0,0.014170654497423545,0
Cirsium,Melitaea_britomartis,0,0.0035424605344705415,0
Cirsium,Libythea_celtis,0,1.5899641031825717e-38,0
Cirsium,Lasiommata_maera,0,4.264876933092668e-17,0
Cirsium,Lasiommata_petropolitana,0,-1.5046492019431698e-17,0
Cirsium,Lasiommata_megera,0,-1.0764478742759637e-16,0
Cirsium,Lopinga_achine,0,2.4727898148684995e-16,0
Cirsium,Coenonympha_glycerion,0,-2.4654430965654024e-16,0
Cirsium,Coenonympha_pamphilus,0,-6.39567649550761e-17,0
Cirsium,Coenonympha_tullia,0,1.8949223364229114e-17,0
Cirsium,Melanargia_galathea,0,-3.397579417462293e-17,0
Cirsium,Hipparchia_statilinus,0,-1.1124192390566337e-16,0
Cirsium,Hipparchia_fagi,0,-1.0764478742759637e-16,0
Cirsium,Hipparchia_semele,0,-1.5046492019431698e-17,0
Cirsium,Oeneis_glacialis,0,-1.5046492019431698e-17,0
Cirsium,Brintesia_circe,0,-1.0764478742759637e-16,0
Cirsium,Satyrus_ferula,0,-1.5046492019431698e-17,0
Cirsium,Hyponephele_lycaon,0,-7.717172608007652e-18,0
Cirsium,Aphantopus_hyperantus,0,-1.0764478742759637e-16,0
Cirsium,Maniola_jurtina,0,-1.0764478742759637e-16,0
Cirsium,Erebia_nivalis,0,-1.5046492019431698e-17,0
Cirsium,Erebia_tyndarus,0,2.263327243454545e-16,0
Cirsium,Erebia_christi,0,-1.5046492019431698e-17,0
Cirsium,Erebia_pharte,0,1.1471600505572503e-16,0
Cirsium,Erebia_epiphron,0,-1.5046492019431698e-17,0
Cirsium,Erebia_meolans,0,-1.5046492019431698e-17,0
Cirsium,Erebia_triarius,0,-7.717172608007652e-18,0
Cirsium,Erebia_medusa,0,-1.2194070013070726e-16,0
Cirsium,Erebia_aethiops,0,-2.341770564715429e-16,0
Cirsium,Erebia_pandrose,0,2.0653585473262756e-16,0
Cirsium,Erebia_flavofasciata,0,-1.5046492019431698e-17,0
Cirsium,Erebia_gorge,0,-1.3344768075602719e-16,0
Cirsium,Erebia_pluto,0,-1.3344768075602719e-16,0
Cirsium,Erebia_sudetica,0,1.2132704502253143e-16,0
Cirsium,Erebia_melampus,0,-5.575432694632587e-17,0
Cirsium,Erebia_manto,0,-4.320398452935802e-17,0
Cirsium,Erebia_eriphyle,0,3.595502771479457e-16,0
Cirsium,Erebia_euryale,0,1.9139564648078795e-16,0
Cirsium,Erebia_ligea,0,4.272873177833926e-17,0
Cirsium,Erebia_oeme,0,-3.9318077605286195e-16,0
Cirsium,Erebia_mnestra,0,9.419891579930701e-17,0
Cirsium,Erebia_styx,0,9.689123800824239e-17,0
Humulus,Parnassius_mnemosyne,0,0,0
Humulus,Parnassius_apollo,0,0,0
Humulus,Parnassius_phoebus,0,0,0
Humulus,Iphiclides_podalirius,0,-1.200119064778697e-38,0
Humulus,Papilio_machaon,0,-3.066248192952088e-23,0
Humulus,Carcharodus_alceae,0,1.943103407549761e-23,0
Humulus,Spialia_sertorius,0,1.2743138423535872e-19,0
Humulus,Erynnis_tages,0,-1.0027738164657349e-18,0
Humulus,Pyrgus_carthami,0,4.222648375359947e-18,0
Humulus,Pyrgus_malvae,0,2.2565103422849894e-17,0
Humulus,Pyrgus_andromedae,0,8.79078193014015e-18,0
Humulus,Pyrgus_cacaliae,0,8.159491123612336e-18,0
Humulus,Pyrgus_serratulae,0,9.198825345889988e-18,0
Humulus,Pyrgus_armoricanus,0,-1.083909619983709e-17,0
Humulus,Pyrgus_cirsii,0,-1.3022770394783769e-18,0
Humulus,Pyrgus_carlinae,0,-4.204043437462547e-18,0
Humulus,Pyrgus_alveus,0,1.5710067340154265e-17,0
Humulus,Heteropterus_morpheus,0,-4.5273781459255165e-18,0
Humulus,Carterocephalus_palaemon,0,-3.1687564088763347e-17,0
Humulus,Thymelicus_acteon,0,7.335715220969362e-17,0
Humulus,Thymelicus_sylvestris,0,-5.571784462319581e-17,0
Humulus,Thymelicus_lineola,0,1.4571108654872497e-16,0
Humulus,Ochlodes_sylvanus,0,2.783906737873215e-17,0
Humulus,Hesperia_comma,0,9.907610211685015e-18,0
Humulus,Gonepteryx_rhamni,0,3.82120025978493e-18,0
Humulus,Colias_alfacariensis,0,2.3292902699706523e-17,0
Humulus,Colias_phicomone,0,1.5196528403514336e-17,0
Humulus,Colias_palaeno,0,-7.172632664325799e-19,0
Humulus,Anthocharis_cardamines,0,1.4517590337289848e-16,0
Humulus,Aporia_crataegi,0,7.461551211516809e-23,0
Humulus,Pontia_callidice,0,2.641545508447638e-16,0
Humulus,Pieris_brassicae,0,1.2936461797803822e-17,0
Humulus,Pieris_mannii,0,2.2286953281554362e-17,0
Humulus,Pieris_bryoniae,0,4.1955519082340003e-16,0
Humulus,Hamearis_lucina,0,2.9226756478829826e-17,0
Humulus,Lycaena_phlaeas,0,2.4727731385814967e-17,0
Humulus,Lycaena_virgaureae,0,1.86486134607339e-17,0
Humulus,Lycaena_helle,0,-2.7502721513117046e-18,0
Humulus,Lycaena_alciphron,0,2.3777619969243772e-17,0
Humulus,Lycaena_dispar,0,2.7905753358075426e-17,0
Humulus,Lycaena_hippothoe,0,3.9272002784423323e-17,0
Humulus,Thecla_betulae,0,3.443639722011881e-17,0
Humulus,Favonius_quercus,0,6.117107965266131e-32,0
Humulus,Satyrium_acaciae,0,-3.443657251074305e-17,0
Humulus,Satyrium_spini,0,-4.408203463507324e-17,0
Humulus,Satyrium_ilicis,0,3.3058609770526087e-17,0
Humulus,Lampides_boeticus,0,1.8365088658934865e-17,0
Humulus,Celastrina_argiolus,0,4.5979032201175456e-18,0
Humulus,Phengaris_arion,0,1.0761266193231419e-20,0
Humulus,Phengaris_teleius,0,3.6051616114583803e-19,0
Humulus,Phengaris_nausithous,0,-2.526173381270059e-19,0
Humulus,Scolitantides_orion,0,-3.3628956850266213e-22,0
Humulus,Iolana_iolas,0,2.2373501646857634e-17,0
Humulus,Glaucopsyche_alexis,0,3.5711193214178605e-17,0
Humulus,Pseudophilotes_baton,0,-2.155997087439686e-21,0
Humulus,Leptotes_pirithous,0,-3.045589304551381e-18,0
Humulus,Cupido_argiades,0,-8.171115187018706e-18,0
Humulus,Cupido_alcetas,0,9.696575721483332e-18,0
Humulus,Cupido_osiris,0,5.547117523960161e-17,0
Humulus,Cupido_minimus,0,-4.773742468111607e-17,0
Humulus,Plebejus_argus,0,-2.3166683897264186e-17,0
Humulus,Plebejus_idas,0,7.637460948883687e-20,0
Humulus,Plebejus_argyrognomon,0,1.871742221076262e-17,0
Humulus,Cyaniris_semiargus,0,-4.339083305358629e-18,0
Humulus,Aricia_nicias,0,2.7025497153128905e-18,0
Humulus,Aricia_artaxerxes,0,-2.826723114394378e-17,0
Humulus,Aricia_agestis,0,-2.6102503060259058e-17,0
Humulus,Polyommatus_escheri,0,-3.467052358619111e-17,0
Humulus,Polyommatus_thersites,0,3.8521824903751586e-17,0
Humulus,Polyommatus_amandus,0,-1.1479129373558272e-18,0
Humulus,Polyommatus_icarus,0,-2.188110696517206e-17,0
Humulus,Polyommatus_eros,0,3.259260437189735e-18,0
Humulus,Polyommatus_dorylas,0,-1.4307646010883918e-17,0
Humulus,Polyommatus_damon,0,3.8521824903751586e-17,0
Humulus,Neptis_rivularis,0,-3.73070465078955e-19,0
Humulus,Limenitis_populi,0,6.78167774559108e-39,0
Humulus,Limenitis_reducta,0,7.059413638758308e-45,0
Humulus,Limenitis_camilla,0,2.837549338357582e-40,0
Humulus,Issoria_lathonia,0,0.0018664571512641333,0
Humulus,Brenthis_ino,0,-1.0355970845341755e-20,0
Humulus,Argynnis_paphia,0,0.0018664571512641333,0
Humulus,Fabriciana_adippe,0,0.0018664571512641333,0
Humulus,Boloria_pales,0,-0.002161866266176607,0
Humulus,Boloria_napaea,0,0.0018664571512641333,0
Humulus,Boloria_aquilonaris,0,1.1677605934637746e-18,0
Humulus,Boloria_selene,0,0.0018664571512641333,0
Humulus,Boloria_dia,0,0.0018664571512641333,0
Humulus,Boloria_euphrosyne,0,0.0018664571512641333,0
Humulus,Boloria_titania,0,0.0018664571512641333,0
Humulus,Apatura_iris,0,-7.865014800578915e-39,0
Humulus,Apatura_ilia,0,9.045514607204891e-39,0
Humulus,Araschnia_levana,0,0.13246010760329147,1
Humulus,Vanessa_cardui,0,0.27462882841863634,1
Humulus,Vanessa_atalanta,0,0.13246010760329147,1
Humulus,Aglais_io,1,0.15762699215854944,1
Humulus,Aglais_urticae,0,0.13246010760329147,1
Humulus,Nymphalis_polychloros,0,-6.359034833894491e-40,0
Humulus,Nymphalis_antiopa,0,-7.865014800578915e-39,0
Humulus,Euphydryas_cynthia,0,-0.002161866266176607,0
Humulus,Euphydryas_intermedia,0,7.380680827658909e-41,0
Humulus,Melitaea_didyma,0,0.009535786057189256,0
Humulus,Melitaea_phoebe,0,0.06658639356169196,0
Humulus,Melitaea_cinxia,0,-0.005592743232538817,0
Humulus,Melitaea_diamina,0,0,0
Humulus,Melitaea_aurelia,0,-0.004028323417440743,0
Humulus,Melitaea_varia,0,-0.004028323417440743,0
Humulus,Melitaea_parthenoides,0,-0.0030403053255454757,0
Humulus,Melitaea_deione,0,2.9223192251853796e-4,0
Humulus,Melitaea_athalia,0,-0.007513517298936365,0
Humulus,Melitaea_britomartis,0,-0.005592743232538817,0
Humulus,Libythea_celtis,0,7.346291096481273e-39,0
Humulus,Lasiommata_maera,0,2.344650838905201e-17,0
Humulus,Lasiommata_petropolitana,0,-2.4469968560267335e-18,0
Humulus,Lasiommata_megera,0,-4.949852759933917e-17,0
Humulus,Lopinga_achine,0,1.1600190876546238e-16,0
Humulus,Coenonympha_glycerion,0,-1.0164993789795665e-16,0
Humulus,Coenonympha_pamphilus,0,-3.665295241163655e-17,0
Humulus,Coenonympha_tullia,0,5.3212399146090945e-18,0
Humulus,Melanargia_galathea,0,-1.3175022339276768e-17,0
Humulus,Hipparchia_statilinus,0,-5.087750485582346e-17,0
Humulus,Hipparchia_fagi,0,-4.949852759933917e-17,0
Humulus,Hipparchia_semele,0,-2.4469968560267335e-18,0
Humulus,Oeneis_glacialis,0,-2.4469968560267335e-18,0
Humulus,Brintesia_circe,0,-4.949852759933917e-17,0
Humulus,Satyrus_ferula,0,-2.4469968560267335e-18,0
Humulus,Hyponephele_lycaon,0,-4.4262464590037845e-19,0
Humulus,Aphantopus_hyperantus,0,-4.949852759933917e-17,0
Humulus,Maniola_jurtina,0,-4.949852759933917e-17,0
Humulus,Erebia_nivalis,0,-2.4469968560267335e-18,0
Humulus,Erebia_tyndarus,0,1.0336089749008887e-16,0
Humulus,Erebia_christi,0,-2.4469968560267335e-18,0
Humulus,Erebia_pharte,0,5.105743641441113e-17,0
Humulus,Erebia_epiphron,0,-2.4469968560267335e-18,0
Humulus,Erebia_meolans,0,-2.4469968560267335e-18,0
Humulus,Erebia_triarius,0,-4.4262464590037845e-19,0
Humulus,Erebia_medusa,0,-5.0199987182620344e-17,0
Humulus,Erebia_aethiops,0,-1.1306712127066124e-16,0
Humulus,Erebia_pandrose,0,9.70240742382982e-17,0
Humulus,Erebia_flavofasciata,0,-2.4469968560267335e-18,0
Humulus,Erebia_gorge,0,-6.149353966870607e-17,0
Humulus,Erebia_pluto,0,-6.149353966870607e-17,0
Humulus,Erebia_sudetica,0,5.72620539283953e-17,0
Humulus,Erebia_melampus,0,-2.913543223088577e-17,0
Humulus,Erebia_manto,0,-3.119271763322837e-17,0
Humulus,Erebia_eriphyle,0,1.5788223152738983e-16,0
Humulus,Erebia_euryale,0,7.641184355192802e-17,0
Humulus,Erebia_ligea,0,1.7434032332468943e-17,0
Humulus,Erebia_oeme,0,-1.9213596576907777e-16,0
Humulus,Erebia_mnestra,0,4.8763782564404995e-17,0
Humulus,Erebia_styx,0,4.487154165299481e-17,0
Parietaria,Parnassius_mnemosyne,0,0,0
Parietaria,Parnassius_apollo,0,0,0
Parietaria,Parnassius_phoebus,0,0,0
Parietaria,Iphiclides_podalirius,0,0,0
Parietaria,Papilio_machaon,0,0,0
Parietaria,Carcharodus_alceae,0,0,0
Parietaria,Spialia_sertorius,0,0,0
Parietaria,Erynnis_tages,0,0,0
Parietaria,Pyrgus_carthami,0,0,0
Parietaria,Pyrgus_malvae,0,0,0
Parietaria,Pyrgus_andromedae,0,0,0
Parietaria,Pyrgus_cacaliae,0,0,0
Parietaria,Pyrgus_serratulae,0,0,0
Parietaria,Pyrgus_armoricanus,0,0,0
Parietaria,Pyrgus_cirsii,0,0,0
Parietaria,Pyrgus_carlinae,0,0,0
Parietaria,Pyrgus_alveus,0,0,0
Parietaria,Heteropterus_morpheus,0,0,0
Parietaria,Carterocephalus_palaemon,0,0,0
Parietaria,Thymelicus_acteon,0,0,0
Parietaria,Thymelicus_sylvestris,0,0,0
Parietaria,Thymelicus_lineola,0,0,0
Parietaria,Ochlodes_sylvanus,0,0,0
Parietaria,Hesperia_comma,0,0,0
Parietaria,Gonepteryx_rhamni,0,0,0
Parietaria,Colias_alfacariensis,0,0,0
Parietaria,Colias_phicomone,0,0,0
Parietaria,Colias_palaeno,0,0,0
Parietaria,Anthocharis_cardamines,0,0,0
Parietaria,Aporia_crataegi,0,0,0
Parietaria,Pontia_callidice,0,0,0
Parietaria,Pieris_brassicae,0,0,0
Parietaria,Pieris_mannii,0,0,0
Parietaria,Pieris_bryoniae,0,0,0
Parietaria,Hamearis_lucina,0,0,0
Parietaria,Lycaena_phlaeas,0,0,0
Parietaria,Lycaena_virgaureae,0,0,0
Parietaria,Lycaena_helle,0,0,0
Parietaria,Lycaena_alciphron,0,0,0
Parietaria,Lycaena_dispar,0,0,0
Parietaria,Lycaena_hippothoe,0,0,0
Parietaria,Thecla_betulae,0,0,0
Parietaria,Favonius_quercus,0,0,0
Parietaria,Satyrium_acaciae,0,0,0
Parietaria,Satyrium_spini,0,0,0
Parietaria,Satyrium_ilicis,0,0,0
Parietaria,Lampides_boeticus,0,0,0
Parietaria,Celastrina_argiolus,0,0,0
Parietaria,Phengaris_arion,0,0,0
Parietaria,Phengaris_teleius,0,0,0
Parietaria,Phengaris_nausithous,0,0,0
Parietaria,Scolitantides_orion,0,0,0
Parietaria,Iolana_iolas,0,0,0
Parietaria,Glaucopsyche_alexis,0,0,0
Parietaria,Pseudophilotes_baton,0,0,0
Parietaria,Leptotes_pirithous,0,0,0
Parietaria,Cupido_argiades,0,0,0
Parietaria,Cupido_alcetas,0,0,0
Parietaria,Cupido_osiris,0,0,0
Parietaria,Cupido_minimus,0,0,0
Parietaria,Plebejus_argus,0,0,0
Parietaria,Plebejus_idas,0,0,0
Parietaria,Plebejus_argyrognomon,0,0,0
Parietaria,Cyaniris_semiargus,0,0,0
Parietaria,Aricia_nicias,0,0,0
Parietaria,Aricia_artaxerxes,0,0,0
Parietaria,Aricia_agestis,0,0,0
Parietaria,Polyommatus_escheri,0,0,0
Parietaria,Polyommatus_thersites,0,0,0
Parietaria,Polyommatus_amandus,0,0,0
Parietaria,Polyommatus_icarus,0,0,0
Parietaria,Polyommatus_eros,0,0,0
Parietaria,Polyommatus_dorylas,0,0,0
Parietaria,Polyommatus_damon,0,0,0
Parietaria,Neptis_rivularis,0,0,0
Parietaria,Limenitis_populi,0,0,0
Parietaria,Limenitis_reducta,0,0,0
Parietaria,Limenitis_camilla,0,0,0
Parietaria,Issoria_lathonia,0,0,0
Parietaria,Brenthis_ino,0,0,0
Parietaria,Argynnis_paphia,0,0,0
Parietaria,Fabriciana_adippe,0,0,0
Parietaria,Boloria_pales,0,0,0
Parietaria,Boloria_napaea,0,0,0
Parietaria,Boloria_aquilonaris,0,0,0
Parietaria,Boloria_selene,0,0,0
Parietaria,Boloria_dia,0,0,0
Parietaria,Boloria_euphrosyne,0,0,0
Parietaria,Boloria_titania,0,0,0
Parietaria,Apatura_iris,0,0,0
Parietaria,Apatura_ilia,0,0,0
Parietaria,Araschnia_levana,0,0,0
Parietaria,Vanessa_cardui,0,0,0
Parietaria,Vanessa_atalanta,0,0,0
Parietaria,Aglais_io,0,0,0
Parietaria,Aglais_urticae,0,0,0
Parietaria,Nymphalis_polychloros,0,0,0
Parietaria,Nymphalis_antiopa,0,0,0
Parietaria,Euphydryas_cynthia,0,0,0
Parietaria,Euphydryas_intermedia,0,0,0
Parietaria,Melitaea_didyma,0,0,0
Parietaria,Melitaea_phoebe,0,0,0
Parietaria,Melitaea_cinxia,0,0,0
Parietaria,Melitaea_diamina,0,0,0
Parietaria,Melitaea_aurelia,0,0,0
Parietaria,Melitaea_varia,0,0,0
Parietaria,Melitaea_parthenoides,0,0,0
Parietaria,Melitaea_deione,0,0,0
Parietaria,Melitaea_athalia,0,0,0
Parietaria,Melitaea_britomartis,0,0,0
Parietaria,Libythea_celtis,0,0,0
Parietaria,Lasiommata_maera,0,0,0
Parietaria,Lasiommata_petropolitana,0,0,0
Parietaria,Lasiommata_megera,0,0,0
Parietaria,Lopinga_achine,0,0,0
Parietaria,Coenonympha_glycerion,0,0,0
Parietaria,Coenonympha_pamphilus,0,0,0
Parietaria,Coenonympha_tullia,0,0,0
Parietaria,Melanargia_galathea,0,0,0
Parietaria,Hipparchia_statilinus,0,0,0
Parietaria,Hipparchia_fagi,0,0,0
Parietaria,Hipparchia_semele,0,0,0
Parietaria,Oeneis_glacialis,0,0,0
Parietaria,Brintesia_circe,0,0,0
Parietaria,Satyrus_ferula,0,0,0
Parietaria,Hyponephele_lycaon,0,0,0
Parietaria,Aphantopus_hyperantus,0,0,0
Parietaria,Maniola_jurtina,0,0,0
Parietaria,Erebia_nivalis,0,0,0
Parietaria,Erebia_tyndarus,0,0,0
Parietaria,Erebia_christi,0,0,0
Parietaria,Erebia_pharte,0,0,0
Parietaria,Erebia_epiphron,0,0,0
Parietaria,Erebia_meolans,0,0,0
Parietaria,Erebia_triarius,0,0,0
Parietaria,Erebia_medusa,0,0,0
Parietaria,Erebia_aethiops,0,0,0
Parietaria,Erebia_pandrose,0,0,0
Parietaria,Erebia_flavofasciata,0,0,0
Parietaria,Erebia_gorge,0,0,0
Parietaria,Erebia_pluto,0,0,0
Parietaria,Erebia_sudetica,0,0,0
Parietaria,Erebia_melampus,0,0,0
Parietaria,Erebia_manto,0,0,0
Parietaria,Erebia_eriphyle,0,0,0
Parietaria,Erebia_euryale,0,0,0
Parietaria,Erebia_ligea,0,0,0
Parietaria,Erebia_oeme,0,0,0
Parietaria,Erebia_mnestra,0,0,0
Parietaria,Erebia_styx,0,0,0
Celtis,Parnassius_mnemosyne,0,0,0
Celtis,Parnassius_apollo,0,0,0
Celtis,Parnassius_phoebus,0,0,0
Celtis,Iphiclides_podalirius,0,-2.236780796777203e-77,0
Celtis,Papilio_machaon,0,8.91430208722314e-57,0
Celtis,Carcharodus_alceae,0,-1.9520570941490507e-57,0
Celtis,Spialia_sertorius,0,9.631264421489323e-57,0
Celtis,Erynnis_tages,0,-4.431463679979196e-56,0
Celtis,Pyrgus_carthami,0,2.44304660092223e-56,0
Celtis,Pyrgus_malvae,0,1.0968947308481155e-54,0
Celtis,Pyrgus_andromedae,0,3.9821291369768e-55,0
Celtis,Pyrgus_cacaliae,0,3.107960758597497e-55,0
Celtis,Pyrgus_serratulae,0,3.989642306173811e-55,0
Celtis,Pyrgus_armoricanus,0,-6.304430509593775e-55,0
Celtis,Pyrgus_cirsii,0,4.4908679502736615e-57,0
Celtis,Pyrgus_carlinae,0,-2.1850327806392575e-55,0
Celtis,Pyrgus_alveus,0,7.349334479510814e-55,0
Celtis,Heteropterus_morpheus,0,-1.5208554262813814e-40,0
Celtis,Carterocephalus_palaemon,0,-3.2229102819604805e-41,0
Celtis,Thymelicus_acteon,0,-2.447429582526214e-40,0
Celtis,Thymelicus_sylvestris,0,3.6551997384489856e-40,0
Celtis,Thymelicus_lineola,0,-1.2589456919974744e-40,0
Celtis,Ochlodes_sylvanus,0,-3.920805243595413e-40,0
Celtis,Hesperia_comma,0,-2.843203958296557e-40,0
Celtis,Gonepteryx_rhamni,0,2.6859487673275397e-55,0
Celtis,Colias_alfacariensis,0,1.0008177187560854e-54,0
Celtis,Colias_phicomone,0,7.363908541997262e-55,0
Celtis,Colias_palaeno,0,-1.2798614238982517e-55,0
Celtis,Anthocharis_cardamines,0,5.882082809935787e-41,0
Celtis,Aporia_crataegi,0,1.1444321770102436e-56,0
Celtis,Pontia_callidice,0,1.072230555805694e-40,0
Celtis,Pieris_brassicae,0,4.6750442465566105e-55,0
Celtis,Pieris_mannii,0,9.532527164396479e-55,0
Celtis,Pieris_bryoniae,0,1.6604388367992768e-40,0
Celtis,Hamearis_lucina,0,1.2735263254002907e-54,0
Celtis,Lycaena_phlaeas,0,1.8324340262317548e-54,0
Celtis,Lycaena_virgaureae,0,1.675559353676566e-54,0
Celtis,Lycaena_helle,0,-2.347682711611485e-55,0
Celtis,Lycaena_alciphron,0,1.7946740569256617e-54,0
Celtis,Lycaena_dispar,0,2.5806124226601745e-54,0
Celtis,Lycaena_hippothoe,0,2.5189865558929344e-54,0
Celtis,Thecla_betulae,0,1.490978299417015e-54,0
Celtis,Favonius_quercus,0,5.111204684080795e-56,0
Celtis,Satyrium_acaciae,0,-1.5371840064267662e-54,0
Celtis,Satyrium_spini,0,-1.9322100892043683e-54,0
Celtis,Satyrium_ilicis,0,1.4005504956687913e-54,0
Celtis,Lampides_boeticus,0,9.95184330562459e-55,0
Celtis,Celastrina_argiolus,0,2.056574137014453e-55,0
Celtis,Phengaris_arion,0,3.3915053546907174e-56,0
Celtis,Phengaris_teleius,0,3.8765301148723904e-56,0
Celtis,Phengaris_nausithous,0,2.0437050531738288e-56,0
Celtis,Scolitantides_orion,0,2.219579284603349e-56,0
Celtis,Iolana_iolas,0,1.1369331779574459e-54,0
Celtis,Glaucopsyche_alexis,0,1.915692927034524e-54,0
Celtis,Pseudophilotes_baton,0,2.56608880026313e-56,0
Celtis,Leptotes_pirithous,0,-8.703892973076142e-56,0
Celtis,Cupido_argiades,0,-3.5544007239706596e-55,0
Celtis,Cupido_alcetas,0,4.41142309580438e-55,0
Celtis,Cupido_osiris,0,3.0346702876849933e-54,0
Celtis,Cupido_minimus,0,-2.6070531738197497e-54,0
Celtis,Plebejus_argus,0,-1.0055801263989154e-54,0
Celtis,Plebejus_idas,0,-4.777395384097293e-56,0
Celtis,Plebejus_argyrognomon,0,1.026345274258269e-54,0
Celtis,Cyaniris_semiargus,0,-2.9787801745511833e-55,0
Celtis,Aricia_nicias,0,1.6593228685733577e-55,0
Celtis,Aricia_artaxerxes,0,-1.1286972044317387e-54,0
Celtis,Aricia_agestis,0,-1.191461685836623e-54,0
Celtis,Polyommatus_escheri,0,-1.983425727652138e-54,0
Celtis,Polyommatus_thersites,0,2.036949113971749e-54,0
Celtis,Polyommatus_amandus,0,-1.4302019055769815e-55,0
Celtis,Polyommatus_icarus,0,-1.1660842565776411e-54,0
Celtis,Polyommatus_eros,0,1.68032232473343e-55,0
Celtis,Polyommatus_dorylas,0,-7.121354543442834e-55,0
Celtis,Polyommatus_damon,0,2.036949113971749e-54,0
Celtis,Neptis_rivularis,0,-5.212486297830066e-56,0
Celtis,Limenitis_populi,0,3.329372680682196e-69,0
Celtis,Limenitis_reducta,0,2.8108409286532156e-69,0
Celtis,Limenitis_camilla,0,-2.227673639208191e-69,0
Celtis,Issoria_lathonia,0,9.667986408113683e-41,0
Celtis,Brenthis_ino,0,2.316561635642575e-56,0
Celtis,Argynnis_paphia,0,9.667986408113683e-41,0
Celtis,Fabriciana_adippe,0,9.667986408113683e-41,0
Celtis,Boloria_pales,0,-8.395492697286863e-41,0
Celtis,Boloria_napaea,0,9.667986408113683e-41,0
Celtis,Boloria_aquilonaris,0,4.148529963837556e-56,0
Celtis,Boloria_selene,0,9.667986408113683e-41,0
Celtis,Boloria_dia,0,9.667986408113683e-41,0
Celtis,Boloria_euphrosyne,0,9.667986408113683e-41,0
Celtis,Boloria_titania,0,9.667986408113683e-41,0
Celtis,Apatura_iris,0,-4.163592610504477e-70,0
Celtis,Apatura_ilia,0,-1.4877573184021968e-69,0
Celtis,Araschnia_levana,0,5.82469038027824e-39,0
Celtis,Vanessa_cardui,0,1.2076029984672485e-38,0
Celtis,Vanessa_atalanta,0,5.82469038027824e-39,0
Celtis,Aglais_io,0,6.931363186198852e-39,0
Celtis,Aglais_urticae,0,5.82469038027824e-39,0
Celtis,Nymphalis_polychloros,1,1.1088837133997293e-69,0
Celtis,Nymphalis_antiopa,0,-4.163592610504477e-70,0
Celtis,Euphydryas_cynthia,0,-8.395492697286863e-41,0
Celtis,Euphydryas_intermedia,0,-5.810216814835721e-70,0
Celtis,Melitaea_didyma,0,3.964482721727123e-40,0
Celtis,Melitaea_phoebe,0,2.9255830894818958e-39,0
Celtis,Melitaea_cinxia,0,-2.544862420762038e-40,0
Celtis,Melitaea_diamina,0,0,0
Celtis,Melitaea_aurelia,0,-1.8063479105400557e-40,0
Celtis,Melitaea_varia,0,-1.8063479105400557e-40,0
Celtis,Melitaea_parthenoides,0,-1.3963092228011348e-40,0
Celtis,Melitaea_deione,0,8.820176961179225e-42,0
Celtis,Melitaea_athalia,0,-3.5002540454601606e-40,0
Celtis,Melitaea_britomartis,0,-2.544862420762038e-40,0
Celtis,Libythea_celtis,1,6.061858853949945e-70,0
Celtis,Lasiommata_maera,0,-1.8190389755523432e-40,0
Celtis,Lasiommata_petropolitana,0,-9.9308769787608e-41,0
Celtis,Lasiommata_megera,0,2.2602235050398716e-40,0
Celtis,Lopinga_achine,0,-9.79995363802837e-41,0
Celtis,Coenonympha_glycerion,0,-5.48388340346418e-41,0
Celtis,Coenonympha_pamphilus,0,1.7563609814660068e-40,0
Celtis,Coenonympha_tullia,0,-1.2270904502363504e-40,0
Celtis,Melanargia_galathea,0,1.3814537072955729e-40,0
Celtis,Hipparchia_statilinus,0,1.4171407565756938e-40,0
Celtis,Hipparchia_fagi,0,2.2602235050398716e-40,0
Celtis,Hipparchia_semele,0,-9.9308769787608e-41,0
Celtis,Oeneis_glacialis,0,-9.9308769787608e-41,0
Celtis,Brintesia_circe,0,2.2602235050398716e-40,0
Celtis,Satyrus_ferula,0,-9.9308769787608e-41,0
Celtis,Hyponephele_lycaon,0,-1.8361704463402573e-40,0
Celtis,Aphantopus_hyperantus,0,2.2602235050398716e-40,0
Celtis,Maniola_jurtina,0,2.2602235050398716e-40,0
Celtis,Erebia_nivalis,0,-9.9308769787608e-41,0
Celtis,Erebia_tyndarus,0,-9.124280499463525e-41,0
Celtis,Erebia_christi,0,-9.9308769787608e-41,0
Celtis,Erebia_pharte,0,-1.9618823756007908e-40,0
Celtis,Erebia_epiphron,0,-9.9308769787608e-41,0
Celtis,Erebia_meolans,0,-9.9308769787608e-41,0
Celtis,Erebia_triarius,0,-1.8361704463402573e-40,0
Celtis,Erebia_medusa,0,1.267135807163793e-40,0
Celtis,Erebia_aethiops,0,-7.142281357778448e-41,0
Celtis,Erebia_pandrose,0,2.6902149622419234e-40,0
Celtis,Erebia_flavofasciata,0,-9.9308769787608e-41,0
Celtis,Erebia_gorge,0,2.7432303988576803e-40,0
Celtis,Erebia_pluto,0,2.7432303988576803e-40,0
Celtis,Erebia_sudetica,0,-9.499306161275364e-41,0
Celtis,Erebia_melampus,0,-8.594126133305872e-41,0
Celtis,Erebia_manto,0,-8.726221593604064e-41,0
Celtis,Erebia_eriphyle,0,-1.0643657282158855e-40,0
Celtis,Erebia_euryale,0,1.486395250986046e-40,0
Celtis,Erebia_ligea,0,4.125278062481814e-40,0
Celtis,Erebia_oeme,0,-2.9278198359677467e-40,0
Celtis,Erebia_mnestra,0,2.652712396060739e-40,0
Celtis,Erebia_styx,0,3.6458000939368185e-40,0
Scabiosa,Parnassius_mnemosyne,0,0,0
Scabiosa,Parnassius_apollo,0,0,0
Scabiosa,Parnassius_phoebus,0,0,0
Scabiosa,Iphiclides_podalirius,0,0,0
Scabiosa,Papilio_machaon,0,0,0
Scabiosa,Carcharodus_alceae,0,0,0
Scabiosa,Spialia_sertorius,0,0,0
Scabiosa,Erynnis_tages,0,0,0
Scabiosa,Pyrgus_carthami,0,0,0
Scabiosa,Pyrgus_malvae,0,0,0
Scabiosa,Pyrgus_andromedae,0,0,0
Scabiosa,Pyrgus_cacaliae,0,0,0
Scabiosa,Pyrgus_serratulae,0,0,0
Scabiosa,Pyrgus_armoricanus,0,0,0
Scabiosa,Pyrgus_cirsii,0,0,0
Scabiosa,Pyrgus_carlinae,0,0,0
Scabiosa,Pyrgus_alveus,0,0,0
Scabiosa,Heteropterus_morpheus,0,0,0
Scabiosa,Carterocephalus_palaemon,0,0,0
Scabiosa,Thymelicus_acteon,0,0,0
Scabiosa,Thymelicus_sylvestris,0,0,0
Scabiosa,Thymelicus_lineola,0,0,0
Scabiosa,Ochlodes_sylvanus,0,0,0
Scabiosa,Hesperia_comma,0,0,0
Scabiosa,Gonepteryx_rhamni,0,0,0
Scabiosa,Colias_alfacariensis,0,0,0
Scabiosa,Colias_phicomone,0,0,0
Scabiosa,Colias_palaeno,0,0,0
Scabiosa,Anthocharis_cardamines,0,0,0
Scabiosa,Aporia_crataegi,0,0,0
Scabiosa,Pontia_callidice,0,0,0
Scabiosa,Pieris_brassicae,0,0,0
Scabiosa,Pieris_mannii,0,0,0
Scabiosa,Pieris_bryoniae,0,0,0
Scabiosa,Hamearis_lucina,0,0,0
Scabiosa,Lycaena_phlaeas,0,0,0
Scabiosa,Lycaena_virgaureae,0,0,0
Scabiosa,Lycaena_helle,0,0,0
Scabiosa,Lycaena_alciphron,0,0,0
Scabiosa,Lycaena_dispar,0,0,0
Scabiosa,Lycaena_hippothoe,0,0,0
Scabiosa,Thecla_betulae,0,0,0
Scabiosa,Favonius_quercus,0,0,0
Scabiosa,Satyrium_acaciae,0,0,0
Scabiosa,Satyrium_spini,0,0,0
Scabiosa,Satyrium_ilicis,0,0,0
Scabiosa,Lampides_boeticus,0,0,0
Scabiosa,Celastrina_argiolus,0,0,0
Scabiosa,Phengaris_arion,0,0,0
Scabiosa,Phengaris_teleius,0,0,0
Scabiosa,Phengaris_nausithous,0,0,0
Scabiosa,Scolitantides_orion,0,0,0
Scabiosa,Iolana_iolas,0,0,0
Scabiosa,Glaucopsyche_alexis,0,0,0
Scabiosa,Pseudophilotes_baton,0,0,0
Scabiosa,Leptotes_pirithous,0,0,0
Scabiosa,Cupido_argiades,0,0,0
Scabiosa,Cupido_alcetas,0,0,0
Scabiosa,Cupido_osiris,0,0,0
Scabiosa,Cupido_minimus,0,0,0
Scabiosa,Plebejus_argus,0,0,0
Scabiosa,Plebejus_idas,0,0,0
Scabiosa,Plebejus_argyrognomon,0,0,0
Scabiosa,Cyaniris_semiargus,0,0,0
Scabiosa,Aricia_nicias,0,0,0
Scabiosa,Aricia_artaxerxes,0,0,0
Scabiosa,Aricia_agestis,0,0,0
Scabiosa,Polyommatus_escheri,0,0,0
Scabiosa,Polyommatus_thersites,0,0,0
Scabiosa,Polyommatus_amandus,0,0,0
Scabiosa,Polyommatus_icarus,0,0,0
Scabiosa,Polyommatus_eros,0,0,0
Scabiosa,Polyommatus_dorylas,0,0,0
Scabiosa,Polyommatus_damon,0,0,0
Scabiosa,Neptis_rivularis,0,0,0
Scabiosa,Limenitis_populi,0,0,0
Scabiosa,Limenitis_reducta,0,0,0
Scabiosa,Limenitis_camilla,0,0,0
Scabiosa,Issoria_lathonia,0,0,0
Scabiosa,Brenthis_ino,0,0,0
Scabiosa,Argynnis_paphia,0,0,0
Scabiosa,Fabriciana_adippe,0,0,0
Scabiosa,Boloria_pales,0,0,0
Scabiosa,Boloria_napaea,0,0,0
Scabiosa,Boloria_aquilonaris,0,0,0
Scabiosa,Boloria_selene,0,0,0
Scabiosa,Boloria_dia,0,0,0
Scabiosa,Boloria_euphrosyne,0,0,0
Scabiosa,Boloria_titania,0,0,0
Scabiosa,Apatura_iris,0,0,0
Scabiosa,Apatura_ilia,0,0,0
Scabiosa,Araschnia_levana,0,0,0
Scabiosa,Vanessa_cardui,0,0,0
Scabiosa,Vanessa_atalanta,0,0,0
Scabiosa,Aglais_io,0,0,0
Scabiosa,Aglais_urticae,0,0,0
Scabiosa,Nymphalis_polychloros,0,0,0
Scabiosa,Nymphalis_antiopa,0,0,0
Scabiosa,Euphydryas_cynthia,0,0,0
Scabiosa,Euphydryas_intermedia,0,0,0
Scabiosa,Melitaea_didyma,0,0,0
Scabiosa,Melitaea_phoebe,0,0,0
Scabiosa,Melitaea_cinxia,0,0,0
Scabiosa,Melitaea_diamina,0,0,0
Scabiosa,Melitaea_aurelia,0,0,0
Scabiosa,Melitaea_varia,0,0,0
Scabiosa,Melitaea_parthenoides,0,0,0
Scabiosa,Melitaea_deione,0,0,0
Scabiosa,Melitaea_athalia,0,0,0
Scabiosa,Melitaea_britomartis,0,0,0
Scabiosa,Libythea_celtis,0,0,0
Scabiosa,Lasiommata_maera,0,0,0
Scabiosa,Lasiommata_petropolitana,0,0,0
Scabiosa,Lasiommata_megera,0,0,0
Scabiosa,Lopinga_achine,0,0,0
Scabiosa,Coenonympha_glycerion,0,0,0
Scabiosa,Coenonympha_pamphilus,0,0,0
Scabiosa,Coenonympha_tullia,0,0,0
Scabiosa,Melanargia_galathea,0,0,0
Scabiosa,Hipparchia_statilinus,0,0,0
Scabiosa,Hipparchia_fagi,0,0,0
Scabiosa,Hipparchia_semele,0,0,0
Scabiosa,Oeneis_glacialis,0,0,0
Scabiosa,Brintesia_circe,0,0,0
Scabiosa,Satyrus_ferula,0,0,0
Scabiosa,Hyponephele_lycaon,0,0,0
Scabiosa,Aphantopus_hyperantus,0,0,0
Scabiosa,Maniola_jurtina,0,0,0
Scabiosa,Erebia_nivalis,0,0,0
Scabiosa,Erebia_tyndarus,0,0,0
Scabiosa,Erebia_christi,0,0,0
Scabiosa,Erebia_pharte,0,0,0
Scabiosa,Erebia_epiphron,0,0,0
Scabiosa,Erebia_meolans,0,0,0
Scabiosa,Erebia_triarius,0,0,0
Scabiosa,Erebia_medusa,0,0,0
Scabiosa,Erebia_aethiops,0,0,0
Scabiosa,Erebia_pandrose,0,0,0
Scabiosa,Erebia_flavofasciata,0,0,0
Scabiosa,Erebia_gorge,0,0,0
Scabiosa,Erebia_pluto,0,0,0
Scabiosa,Erebia_sudetica,0,0,0
Scabiosa,Erebia_melampus,0,0,0
Scabiosa,Erebia_manto,0,0,0
Scabiosa,Erebia_eriphyle,0,0,0
Scabiosa,Erebia_euryale,0,0,0
Scabiosa,Erebia_ligea,0,0,0
Scabiosa,Erebia_oeme,0,0,0
Scabiosa,Erebia_mnestra,0,0,0
Scabiosa,Erebia_styx,0,0,0
Succisa,Parnassius_mnemosyne,0,0,0
Succisa,Parnassius_apollo,0,0,0
Succisa,Parnassius_phoebus,0,0,0
Succisa,Iphiclides_podalirius,0,0,0
Succisa,Papilio_machaon,0,0,0
Succisa,Carcharodus_alceae,0,0,0
Succisa,Spialia_sertorius,0,0,0
Succisa,Erynnis_tages,0,0,0
Succisa,Pyrgus_carthami,0,0,0
Succisa,Pyrgus_malvae,0,0,0
Succisa,Pyrgus_andromedae,0,0,0
Succisa,Pyrgus_cacaliae,0,0,0
Succisa,Pyrgus_serratulae,0,0,0
Succisa,Pyrgus_armoricanus,0,0,0
Succisa,Pyrgus_cirsii,0,0,0
Succisa,Pyrgus_carlinae,0,0,0
Succisa,Pyrgus_alveus,0,0,0
Succisa,Heteropterus_morpheus,0,0,0
Succisa,Carterocephalus_palaemon,0,0,0
Succisa,Thymelicus_acteon,0,0,0
Succisa,Thymelicus_sylvestris,0,0,0
Succisa,Thymelicus_lineola,0,0,0
Succisa,Ochlodes_sylvanus,0,0,0
Succisa,Hesperia_comma,0,0,0
Succisa,Gonepteryx_rhamni,0,0,0
Succisa,Colias_alfacariensis,0,0,0
Succisa,Colias_phicomone,0,0,0
Succisa,Colias_palaeno,0,0,0
Succisa,Anthocharis_cardamines,0,0,0
Succisa,Aporia_crataegi,0,0,0
Succisa,Pontia_callidice,0,0,0
Succisa,Pieris_brassicae,0,0,0
Succisa,Pieris_mannii,0,0,0
Succisa,Pieris_bryoniae,0,0,0
Succisa,Hamearis_lucina,0,0,0
Succisa,Lycaena_phlaeas,0,0,0
Succisa,Lycaena_virgaureae,0,0,0
Succisa,Lycaena_helle,0,0,0
Succisa,Lycaena_alciphron,0,0,0
Succisa,Lycaena_dispar,0,0,0
Succisa,Lycaena_hippothoe,0,0,0
Succisa,Thecla_betulae,0,0,0
Succisa,Favonius_quercus,0,0,0
Succisa,Satyrium_acaciae,0,0,0
Succisa,Satyrium_spini,0,0,0
Succisa,Satyrium_ilicis,0,0,0
Succisa,Lampides_boeticus,0,0,0
Succisa,Celastrina_argiolus,0,0,0
Succisa,Phengaris_arion,0,0,0
Succisa,Phengaris_teleius,0,0,0
Succisa,Phengaris_nausithous,0,0,0
Succisa,Scolitantides_orion,0,0,0
Succisa,Iolana_iolas,0,0,0
Succisa,Glaucopsyche_alexis,0,0,0
Succisa,Pseudophilotes_baton,0,0,0
Succisa,Leptotes_pirithous,0,0,0
Succisa,Cupido_argiades,0,0,0
Succisa,Cupido_alcetas,0,0,0
Succisa,Cupido_osiris,0,0,0
Succisa,Cupido_minimus,0,0,0
Succisa,Plebejus_argus,0,0,0
Succisa,Plebejus_idas,0,0,0
Succisa,Plebejus_argyrognomon,0,0,0
Succisa,Cyaniris_semiargus,0,0,0
Succisa,Aricia_nicias,0,0,0
Succisa,Aricia_artaxerxes,0,0,0
Succisa,Aricia_agestis,0,0,0
Succisa,Polyommatus_escheri,0,0,0
Succisa,Polyommatus_thersites,0,0,0
Succisa,Polyommatus_amandus,0,0,0
Succisa,Polyommatus_icarus,0,0,0
Succisa,Polyommatus_eros,0,0,0
Succisa,Polyommatus_dorylas,0,0,0
Succisa,Polyommatus_damon,0,0,0
Succisa,Neptis_rivularis,0,0,0
Succisa,Limenitis_populi,0,0,0
Succisa,Limenitis_reducta,0,0,0
Succisa,Limenitis_camilla,0,0,0
Succisa,Issoria_lathonia,0,0,0
Succisa,Brenthis_ino,0,0,0
Succisa,Argynnis_paphia,0,0,0
Succisa,Fabriciana_adippe,0,0,0
Succisa,Boloria_pales,0,0,0
Succisa,Boloria_napaea,0,0,0
Succisa,Boloria_aquilonaris,0,0,0
Succisa,Boloria_selene,0,0,0
Succisa,Boloria_dia,0,0,0
Succisa,Boloria_euphrosyne,0,0,0
Succisa,Boloria_titania,0,0,0
Succisa,Apatura_iris,0,0,0
Succisa,Apatura_ilia,0,0,0
Succisa,Araschnia_levana,0,0,0
Succisa,Vanessa_cardui,0,0,0
Succisa,Vanessa_atalanta,0,0,0
Succisa,Aglais_io,0,0,0
Succisa,Aglais_urticae,0,0,0
Succisa,Nymphalis_polychloros,0,0,0
Succisa,Nymphalis_antiopa,0,0,0
Succisa,Euphydryas_cynthia,0,0,0
Succisa,Euphydryas_intermedia,0,0,0
Succisa,Melitaea_didyma,0,0,0
Succisa,Melitaea_phoebe,0,0,0
Succisa,Melitaea_cinxia,0,0,0
Succisa,Melitaea_diamina,0,0,0
Succisa,Melitaea_aurelia,0,0,0
Succisa,Melitaea_varia,0,0,0
Succisa,Melitaea_parthenoides,0,0,0
Succisa,Melitaea_deione,0,0,0
Succisa,Melitaea_athalia,0,0,0
Succisa,Melitaea_britomartis,0,0,0
Succisa,Libythea_celtis,0,0,0
Succisa,Lasiommata_maera,0,0,0
Succisa,Lasiommata_petropolitana,0,0,0
Succisa,Lasiommata_megera,0,0,0
Succisa,Lopinga_achine,0,0,0
Succisa,Coenonympha_glycerion,0,0,0
Succisa,Coenonympha_pamphilus,0,0,0
Succisa,Coenonympha_tullia,0,0,0
Succisa,Melanargia_galathea,0,0,0
Succisa,Hipparchia_statilinus,0,0,0
Succisa,Hipparchia_fagi,0,0,0
Succisa,Hipparchia_semele,0,0,0
Succisa,Oeneis_glacialis,0,0,0
Succisa,Brintesia_circe,0,0,0
Succisa,Satyrus_ferula,0,0,0
Succisa,Hyponephele_lycaon,0,0,0
Succisa,Aphantopus_hyperantus,0,0,0
Succisa,Maniola_jurtina,0,0,0
Succisa,Erebia_nivalis,0,0,0
Succisa,Erebia_tyndarus,0,0,0
Succisa,Erebia_christi,0,0,0
Succisa,Erebia_pharte,0,0,0
Succisa,Erebia_epiphron,0,0,0
Succisa,Erebia_meolans,0,0,0
Succisa,Erebia_triarius,0,0,0
Succisa,Erebia_medusa,0,0,0
Succisa,Erebia_aethiops,0,0,0
Succisa,Erebia_pandrose,0,0,0
Succisa,Erebia_flavofasciata,0,0,0
Succisa,Erebia_gorge,0,0,0
Succisa,Erebia_pluto,0,0,0
Succisa,Erebia_sudetica,0,0,0
Succisa,Erebia_melampus,0,0,0
Succisa,Erebia_manto,0,0,0
Succisa,Erebia_eriphyle,0,0,0
Succisa,Erebia_euryale,0,0,0
Succisa,Erebia_ligea,0,0,0
Succisa,Erebia_oeme,0,0,0
Succisa,Erebia_mnestra,0,0,0
Succisa,Erebia_styx,0,0,0
Centaurea,Parnassius_mnemosyne,0,0,0
Centaurea,Parnassius_apollo,0,0,0
Centaurea,Parnassius_phoebus,0,0,0
Centaurea,Iphiclides_podalirius,0,-1.9224833192446616e-35,0
Centaurea,Papilio_machaon,0,-4.838639763256152e-20,0
Centaurea,Carcharodus_alceae,0,3.024431317676795e-20,0
Centaurea,Spialia_sertorius,0,6.300785016156618e-20,0
Centaurea,Erynnis_tages,0,9.557156518464401e-18,0
Centaurea,Pyrgus_carthami,0,5.1270026870126425e-18,0
Centaurea,Pyrgus_malvae,0,1.6428104021501517e-17,0
Centaurea,Pyrgus_andromedae,0,-1.2777820791398442e-17,0
Centaurea,Pyrgus_cacaliae,0,2.9603846236544536e-17,0
Centaurea,Pyrgus_serratulae,0,1.0974553823668673e-17,0
Centaurea,Pyrgus_armoricanus,0,6.046204842486127e-17,0
Centaurea,Pyrgus_cirsii,0,2.2966613371619847e-17,0
Centaurea,Pyrgus_carlinae,0,-5.0696402192235764e-17,0
Centaurea,Pyrgus_alveus,0,-5.679809063403355e-17,0
Centaurea,Heteropterus_morpheus,0,-2.616869689473578e-18,0
Centaurea,Carterocephalus_palaemon,0,-4.200714949089354e-17,0
Centaurea,Thymelicus_acteon,0,3.095388988655111e-17,0
Centaurea,Thymelicus_sylvestris,0,-3.0746638728569795e-16,0
Centaurea,Thymelicus_lineola,0,-2.1360433367423193e-16,0
Centaurea,Ochlodes_sylvanus,0,-1.6275160638107493e-17,0
Centaurea,Hesperia_comma,0,5.374181946566316e-18,0
Centaurea,Gonepteryx_rhamni,0,1.1397379682779234e-17,0
Centaurea,Colias_alfacariensis,0,3.6742649449129165e-17,0
Centaurea,Colias_phicomone,0,2.2383940582845884e-18,0
Centaurea,Colias_palaeno,0,4.9459092263896725e-18,0
Centaurea,Anthocharis_cardamines,0,-6.441570848729241e-17,0
Centaurea,Aporia_crataegi,0,1.1770750060859883e-19,0
Centaurea,Pontia_callidice,0,-1.4915974508946377e-16,0
Centaurea,Pieris_brassicae,0,6.68825496950719e-18,0
Centaurea,Pieris_mannii,0,2.5123777457351646e-17,0
Centaurea,Pieris_bryoniae,0,-1.0223479109898351e-16,0
Centaurea,Hamearis_lucina,0,-8.797613512481141e-17,0
Centaurea,Lycaena_phlaeas,0,6.85395687174594e-18,0
Centaurea,Lycaena_virgaureae,0,7.898725875939539e-18,0
Centaurea,Lycaena_helle,0,3.0535553882756784e-17,0
Centaurea,Lycaena_alciphron,0,1.5418327055067716e-17,0
Centaurea,Lycaena_dispar,0,1.6380609405716837e-17,0
Centaurea,Lycaena_hippothoe,0,2.23901455509664e-17,0
Centaurea,Thecla_betulae,0,1.575449119694539e-17,0
Centaurea,Favonius_quercus,0,-2.8269797529208757e-32,0
Centaurea,Satyrium_acaciae,0,-1.6029723651350314e-17,0
Centaurea,Satyrium_spini,0,-2.0640768884634128e-17,0
Centaurea,Satyrium_ilicis,0,1.584418070279884e-17,0
Centaurea,Lampides_boeticus,0,1.1971142653992348e-19,0
Centaurea,Celastrina_argiolus,0,1.8363176989796057e-18,0
Centaurea,Phengaris_arion,0,5.1576089431859685e-21,0
Centaurea,Phengaris_teleius,0,1.9033652430413312e-19,0
Centaurea,Phengaris_nausithous,0,-2.5303403007948124e-19,0
Centaurea,Scolitantides_orion,0,-1.611752849129233e-22,0
Centaurea,Iolana_iolas,0,7.15623626567784e-19,0
Centaurea,Glaucopsyche_alexis,0,2.7282466297578977e-17,0
Centaurea,Pseudophilotes_baton,0,-1.0333161617969374e-21,0
Centaurea,Leptotes_pirithous,0,-7.588384070811775e-17,0
Centaurea,Cupido_argiades,0,-2.6547547597827232e-17,0
Centaurea,Cupido_alcetas,0,-8.616160941103211e-17,0
Centaurea,Cupido_osiris,0,8.737577207266343e-18,0
Centaurea,Cupido_minimus,0,-6.175392964847177e-17,0
Centaurea,Plebejus_argus,0,-2.267588458983148e-17,0
Centaurea,Plebejus_idas,0,3.850475115272295e-17,0
Centaurea,Plebejus_argyrognomon,0,-5.00814081988769e-18,0
Centaurea,Cyaniris_semiargus,0,4.8196133516329353e-17,0
Centaurea,Aricia_nicias,0,-6.27078159804764e-18,0
Centaurea,Aricia_artaxerxes,0,-8.629062337740552e-17,0
Centaurea,Aricia_agestis,0,5.553189161643328e-17,0
Centaurea,Polyommatus_escheri,0,1.3349064200104446e-17,0
Centaurea,Polyommatus_thersites,0,-8.690729151933365e-18,0
Centaurea,Polyommatus_amandus,0,9.961113025935845e-17,0
Centaurea,Polyommatus_icarus,0,-3.703280161340744e-17,0
Centaurea,Polyommatus_eros,0,1.1505571258530372e-17,0
Centaurea,Polyommatus_dorylas,0,-8.790046827757802e-17,0
Centaurea,Polyommatus_damon,0,-8.690729151933365e-18,0
Centaurea,Neptis_rivularis,0,-2.1688859048383034e-19,0
Centaurea,Limenitis_populi,0,3.250282498609301e-39,0
Centaurea,Limenitis_reducta,0,-3.650208343675767e-45,0
Centaurea,Limenitis_camilla,0,1.360023065172143e-40,0
Centaurea,Issoria_lathonia,0,-0.04340784162280104,0
Centaurea,Brenthis_ino,0,7.288872457670897e-19,0
Centaurea,Argynnis_paphia,0,-0.04340784162280104,0
Centaurea,Fabriciana_adippe,0,-0.04340784162280104,0
Centaurea,Boloria_pales,0,0.06415244498190467,0
Centaurea,Boloria_napaea,0,-0.04340784162280104,0
Centaurea,Boloria_aquilonaris,0,1.1274897068956084e-18,0
Centaurea,Boloria_selene,0,-0.04340784162280104,0
Centaurea,Boloria_dia,0,-0.04340784162280104,0
Centaurea,Boloria_euphrosyne,0,-0.04340784162280104,0
Centaurea,Boloria_titania,0,-0.04340784162280104,0
Centaurea,Apatura_iris,0,-3.7695065043735914e-39,0
Centaurea,Apatura_ilia,0,4.3352956948864443e-39,0
Centaurea,Araschnia_levana,0,0.06401030907119179,0
Centaurea,Vanessa_cardui,0,0.13580521088818073,1
Centaurea,Vanessa_atalanta,0,0.06401030907119179,0
Centaurea,Aglais_io,0,0.07612217961888128,1
Centaurea,Aglais_urticae,0,0.06401030907119179,0
Centaurea,Nymphalis_polychloros,0,-3.0477562175926112e-40,0
Centaurea,Nymphalis_antiopa,0,-3.7695065043735914e-39,0
Centaurea,Euphydryas_cynthia,0,0.06415244498190467,0
Centaurea,Euphydryas_intermedia,0,3.537523436864876e-41,0
Centaurea,Melitaea_didyma,1,0.41161210990716623,1
Centaurea,Melitaea_phoebe,1,0.06693597031375222,1
Centaurea,Melitaea_cinxia,0,0.18858686747498662,1
Centaurea,Melitaea_diamina,0,0,0
Centaurea,Melitaea_aurelia,0,0.10756028660470576,1
Centaurea,Melitaea_varia,0,0.10756028660470576,1
Centaurea,Melitaea_parthenoides,0,0.14766672710427894,1
Centaurea,Melitaea_deione,0,0.05971475864644317,0
Centaurea,Melitaea_athalia,0,0.35379198699282144,1
Centaurea,Melitaea_britomartis,0,0.18858686747498662,1
Centaurea,Libythea_celtis,0,3.520894556730234e-39,0
Centaurea,Lasiommata_maera,0,-1.4093831905187435e-16,0
Centaurea,Lasiommata_petropolitana,0,-1.6206205634561274e-16,0
Centaurea,Lasiommata_megera,0,-8.022938995907733e-17,0
Centaurea,Lopinga_achine,0,4.113290408292857e-17,0
Centaurea,Coenonympha_glycerion,0,-2.8452433215741555e-16,0
Centaurea,Coenonympha_pamphilus,0,4.355031688616268e-17,0
Centaurea,Coenonympha_tullia,0,1.5750833829926152e-16,0
Centaurea,Melanargia_galathea,0,-1.1504397645506293e-16,0
Centaurea,Hipparchia_statilinus,0,-1.169355542503798e-16,0
Centaurea,Hipparchia_fagi,0,-8.022938995907733e-17,0
Centaurea,Hipparchia_semele,0,-1.6206205634561274e-16,0
Centaurea,Oeneis_glacialis,0,-1.6206205634561274e-16,0
Centaurea,Brintesia_circe,0,-8.022938995907733e-17,0
Centaurea,Satyrus_ferula,0,-1.6206205634561274e-16,0
Centaurea,Hyponephele_lycaon,0,-1.5455662449739974e-16,0
Centaurea,Aphantopus_hyperantus,0,-8.022938995907733e-17,0
Centaurea,Maniola_jurtina,0,-8.022938995907733e-17,0
Centaurea,Erebia_nivalis,0,-1.6206205634561274e-16,0
Centaurea,Erebia_tyndarus,0,2.5112552438214114e-17,0
Centaurea,Erebia_christi,0,-1.6206205634561274e-16,0
Centaurea,Erebia_pharte,0,7.786931331939042e-17,0
Centaurea,Erebia_epiphron,0,-1.6206205634561274e-16,0
Centaurea,Erebia_meolans,0,-1.6206205634561274e-16,0
Centaurea,Erebia_triarius,0,-1.5455662449739974e-16,0
Centaurea,Erebia_medusa,0,-2.7904852633985494e-16,0
Centaurea,Erebia_aethiops,0,1.8037881131061546e-16,0
Centaurea,Erebia_pandrose,0,5.197530693967449e-18,0
Centaurea,Erebia_flavofasciata,0,-1.6206205634561274e-16,0
Centaurea,Erebia_gorge,0,-7.796995146279053e-18,0
Centaurea,Erebia_pluto,0,-7.796995146279053e-18,0
Centaurea,Erebia_sudetica,0,-4.731426972889438e-17,0
Centaurea,Erebia_melampus,0,4.016364604632661e-17,0
Centaurea,Erebia_manto,0,3.5926561213752223e-16,0
Centaurea,Erebia_eriphyle,0,3.857095963667796e-16,0
Centaurea,Erebia_euryale,0,5.719449349767221e-16,0
Centaurea,Erebia_ligea,0,2.800034474611943e-16,0
Centaurea,Erebia_oeme,0,2.9042941414730025e-16,0
Centaurea,Erebia_mnestra,0,-8.945334333729346e-17,0
Centaurea,Erebia_styx,0,8.253181354997892e-17,0
Linaria,Parnassius_mnemosyne,0,0,0
Linaria,Parnassius_apollo,0,0,0
Linaria,Parnassius_phoebus,0,0,0
Linaria,Iphiclides_podalirius,0,-3.305612828753327e-35,0
Linaria,Papilio_machaon,0,-9.079612411741062e-20,0
Linaria,Carcharodus_alceae,0,5.674814204958248e-20,0
Linaria,Spialia_sertorius,0,3.5296144534196284e-21,0
Linaria,Erynnis_tages,0,1.933870328771308e-17,0
Linaria,Pyrgus_carthami,0,6.755359714433141e-18,0
Linaria,Pyrgus_malvae,0,1.0928870676130868e-17,0
Linaria,Pyrgus_andromedae,0,-3.136967873523469e-17,0
Linaria,Pyrgus_cacaliae,0,4.829946213080173e-17,0
Linaria,Pyrgus_serratulae,0,8.992182151700555e-18,0
Linaria,Pyrgus_armoricanus,0,1.1999140064312442e-16,0
Linaria,Pyrgus_cirsii,0,4.43261722934055e-17,0
Linaria,Pyrgus_carlinae,0,-8.882374730989182e-17,0
Linaria,Pyrgus_alveus,0,-1.183203966247212e-16,0
Linaria,Heteropterus_morpheus,0,2.2038108415784513e-17,0
Linaria,Carterocephalus_palaemon,0,-8.695583313256406e-17,0
Linaria,Thymelicus_acteon,0,-6.805742890380545e-17,0
Linaria,Thymelicus_sylvestris,0,-6.005406117644402e-16,0
Linaria,Thymelicus_lineola,0,-6.096078388581596e-16,0
Linaria,Ochlodes_sylvanus,0,5.2055949331260896e-17,0
Linaria,Hesperia_comma,0,1.9798968184807148e-17,0
Linaria,Gonepteryx_rhamni,0,1.8712074568360882e-17,0
Linaria,Colias_alfacariensis,0,4.7257738647416e-17,0
Linaria,Colias_phicomone,0,-9.235953158488378e-18,0
Linaria,Colias_palaeno,0,9.655791137363444e-18,0
Linaria,Anthocharis_cardamines,0,-2.558209592681023e-16,0
Linaria,Aporia_crataegi,0,2.2087431260123886e-19,0
Linaria,Pontia_callidice,0,-5.2481188580369425e-16,0
Linaria,Pieris_brassicae,0,1.9066799912752432e-18,0
Linaria,Pieris_mannii,0,2.697218335948993e-17,0
Linaria,Pieris_bryoniae,0,-5.802306710642236e-16,0
Linaria,Hamearis_lucina,0,-1.8895246109403186e-16,0
Linaria,Lycaena_phlaeas,0,-8.86775044429032e-18,0
Linaria,Lycaena_virgaureae,0,-1.8017634537719825e-18,0
Linaria,Lycaena_helle,0,5.774919118325699e-17,0
Linaria,Lycaena_alciphron,0,7.487082899184607e-18,0
Linaria,Lycaena_dispar,0,5.67559083670814e-18,0
Linaria,Lycaena_hippothoe,0,6.7855264005047904e-18,0
Linaria,Thecla_betulae,0,-1.1479743943046146e-18,0
Linaria,Favonius_quercus,0,-1.086070447365751e-31,0
Linaria,Satyrium_acaciae,0,6.315223560263095e-19,0
Linaria,Satyrium_spini,0,6.290117012499032e-19,0
Linaria,Satyrium_ilicis,0,2.634859825110265e-19,0
Linaria,Lampides_boeticus,0,-1.5793269534662594e-17,0
Linaria,Celastrina_argiolus,0,-5.454520378976447e-19,0
Linaria,Phengaris_arion,0,8.576662348811619e-23,0
Linaria,Phengaris_teleius,0,2.747105039985748e-20,0
Linaria,Phengaris_nausithous,0,-2.404149045030165e-19,0
Linaria,Scolitantides_orion,0,-2.6802168853341185e-24,0
Linaria,Iolana_iolas,0,-1.824711579443415e-17,0
Linaria,Glaucopsyche_alexis,0,1.8200803162525807e-17,0
Linaria,Pseudophilotes_baton,0,-1.718323360826748e-23,0
Linaria,Leptotes_pirithous,0,-1.3834414322326114e-16,0
Linaria,Cupido_argiades,0,-4.117404492891054e-17,0
Linaria,Cupido_alcetas,0,-1.688408339359891e-16,0
Linaria,Cupido_osiris,0,-3.267764784825471e-17,0
Linaria,Cupido_minimus,0,-7.34191234633926e-17,0
Linaria,Plebejus_argus,0,-2.072613900684752e-17,0
Linaria,Plebejus_idas,0,7.165442717607921e-17,0
Linaria,Plebejus_argyrognomon,0,-2.711755518958188e-17,0
Linaria,Cyaniris_semiargus,0,9.294770837142543e-17,0
Linaria,Aricia_nicias,0,-1.705508988508724e-17,0
Linaria,Aricia_artaxerxes,0,-1.3723632743303504e-16,0
Linaria,Aricia_agestis,0,1.2735148065719156e-16,0
Linaria,Polyommatus_escheri,0,5.641562693190867e-17,0
Linaria,Polyommatus_thersites,0,-5.035213604559175e-17,0
Linaria,Polyommatus_amandus,0,1.8618007534115681e-16,0
Linaria,Polyommatus_icarus,0,-5.0586854489180984e-17,0
Linaria,Polyommatus_eros,0,1.9310415297295494e-17,0
Linaria,Polyommatus_dorylas,0,-1.5300139803269895e-16,0
Linaria,Polyommatus_damon,0,-5.035213604559175e-17,0
Linaria,Neptis_rivularis,0,-7.325327634727068e-20,0
Linaria,Limenitis_populi,0,5.403411265207121e-41,0
Linaria,Limenitis_reducta,0,-1.3409069112185737e-44,0
Linaria,Limenitis_camilla,0,2.2721896280662005e-42,0
Linaria,Issoria_lathonia,0,-0.07773465400539387,0
Linaria,Brenthis_ino,0,1.3769028335256698e-18,0
Linaria,Argynnis_paphia,0,-0.07773465400539387,0
Linaria,Fabriciana_adippe,0,-0.07773465400539387,0
Linaria,Boloria_pales,0,0.12757413769978093,1
Linaria,Boloria_napaea,0,-0.07773465400539387,0
Linaria,Boloria_aquilonaris,0,1.0463542812951427e-18,0
Linaria,Boloria_selene,0,-0.07773465400539387,0
Linaria,Boloria_dia,0,-0.07773465400539387,0
Linaria,Boloria_euphrosyne,0,-0.07773465400539387,0
Linaria,Boloria_titania,0,-0.07773465400539387,0
Linaria,Apatura_iris,0,-6.268226643156583e-41,0
Linaria,Apatura_ilia,0,7.209997481097435e-41,0
Linaria,Araschnia_levana,0,0.0020222687582529364,0
Linaria,Vanessa_cardui,0,0.009924403519500991,0
Linaria,Vanessa_atalanta,0,0.0020222687582529364,0
Linaria,Aglais_io,0,0.0023145006807714797,0
Linaria,Aglais_urticae,0,0.0020222687582529364,0
Linaria,Nymphalis_polychloros,0,-5.073464168864616e-42,0
Linaria,Nymphalis_antiopa,0,-6.268226643156583e-41,0
Linaria,Euphydryas_cynthia,0,0.12757413769978093,1
Linaria,Euphydryas_intermedia,0,5.910213317925401e-43,0
Linaria,Melitaea_didyma,1,0.759450262050608,1
Linaria,Melitaea_phoebe,0,0.06566859349582273,0
Linaria,Melitaea_cinxia,0,0.35767061890701884,1
Linaria,Melitaea_diamina,0,0,0
Linaria,Melitaea_aurelia,0,0.20530879170517488,1
Linaria,Melitaea_varia,0,0.20530879170517488,1
Linaria,Melitaea_parthenoides,0,0.2791683186687233,1
Linaria,Melitaea_deione,1,0.11086843909132502,1
Linaria,Melitaea_athalia,1,0.6668744445601724,1
Linaria,Melitaea_britomartis,0,0.35767061890701884,1
Linaria,Libythea_celtis,0,5.854712419049066e-41,0
Linaria,Lasiommata_maera,0,-3.6349635732383953e-16,0
Linaria,Lasiommata_petropolitana,0,-3.5706244091238063e-16,0
Linaria,Lasiommata_megera,0,-1.3178583771249122e-16,0
Linaria,Lopinga_achine,0,-1.802243995360058e-17,0
Linaria,Coenonympha_glycerion,0,-4.897186673936886e-16,0
Linaria,Coenonympha_pamphilus,0,9.509467140410554e-17,0
Linaria,Coenonympha_tullia,0,3.172359001463406e-16,0
Linaria,Melanargia_galathea,0,-2.3750850519717663e-16,0
Linaria,Hipparchia_statilinus,0,-2.342621044921141e-16,0
Linaria,Hipparchia_fagi,0,-1.3178583771249122e-16,0
Linaria,Hipparchia_semele,0,-3.5706244091238063e-16,0
Linaria,Oeneis_glacialis,0,-3.5706244091238063e-16,0
Linaria,Brintesia_circe,0,-1.3178583771249122e-16,0
Linaria,Satyrus_ferula,0,-3.5706244091238063e-16,0
Linaria,Hyponephele_lycaon,0,-3.8000603711868935e-16,0
Linaria,Aphantopus_hyperantus,0,-1.3178583771249122e-16,0
Linaria,Maniola_jurtina,0,-1.3178583771249122e-16,0
Linaria,Erebia_nivalis,0,-3.5706244091238063e-16,0
Linaria,Erebia_tyndarus,0,-8.075924503615208e-17,0
Linaria,Erebia_christi,0,-3.5706244091238063e-16,0
Linaria,Erebia_pharte,0,8.868310372133866e-17,0
Linaria,Erebia_epiphron,0,-3.5706244091238063e-16,0
Linaria,Erebia_meolans,0,-3.5706244091238063e-16,0
Linaria,Erebia_triarius,0,-3.8000603711868935e-16,0
Linaria,Erebia_medusa,0,-5.592028047435051e-16,0
Linaria,Erebia_aethiops,0,5.301377007126148e-16,0
Linaria,Erebia_pandrose,0,-6.692686715647179e-17,0
Linaria,Erebia_flavofasciata,0,-3.5706244091238063e-16,0
Linaria,Erebia_gorge,0,7.886117037084457e-17,0
Linaria,Erebia_pluto,0,7.886117037084457e-17,0
Linaria,Erebia_sudetica,0,-1.9158912339904624e-16,0
Linaria,Erebia_melampus,0,9.398812699378547e-17,0
Linaria,Erebia_manto,0,7.783174298566163e-16,0
Linaria,Erebia_eriphyle,0,6.309294446973153e-16,0
Linaria,Erebia_euryale,0,1.2106549263431696e-15,0
Linaria,Erebia_ligea,0,6.356918619980774e-16,0
Linaria,Erebia_oeme,0,8.361840976250018e-16,0
Linaria,Erebia_mnestra,0,-2.162653413445023e-16,0
Linaria,Erebia_styx,0,1.6461016962232165e-16,0
Verbascum,Parnassius_mnemosyne,0,0,0
Verbascum,Parnassius_apollo,0,0,0
Verbascum,Parnassius_phoebus,0,0,0
Verbascum,Iphiclides_podalirius,0,-2.3842716306882954e-35,0
Verbascum,Papilio_machaon,0,-6.353175434123255e-20,0
Verbascum,Carcharodus_alceae,0,3.969033195058966e-20,0
Verbascum,Spialia_sertorius,0,2.1478194512696977e-21,0
Verbascum,Erynnis_tages,0,1.4476123780911186e-17,0
Verbascum,Pyrgus_carthami,0,8.501771619537812e-18,0
Verbascum,Pyrgus_malvae,0,9.34006399453102e-18,0
Verbascum,Pyrgus_andromedae,0,-1.9755603322262727e-17,0
Verbascum,Pyrgus_cacaliae,0,3.423569066394236e-17,0
Verbascum,Pyrgus_serratulae,0,-6.4724022849297975e-18,0
Verbascum,Pyrgus_armoricanus,0,7.134018437339956e-17,0
Verbascum,Pyrgus_cirsii,0,3.1346264382586495e-17,0
Verbascum,Pyrgus_carlinae,0,-5.220953753052859e-17,0
Verbascum,Pyrgus_alveus,0,-7.333766547490644e-17,0
Verbascum,Heteropterus_morpheus,0,2.0001831682969323e-17,0
Verbascum,Carterocephalus_palaemon,0,-4.4071149882125565e-17,0
Verbascum,Thymelicus_acteon,0,-4.390664188376344e-18,0
Verbascum,Thymelicus_sylvestris,0,-4.1340317634073773e-16,0
Verbascum,Thymelicus_lineola,0,-4.117987041193936e-16,0
Verbascum,Ochlodes_sylvanus,0,3.604148123307865e-17,0
Verbascum,Hesperia_comma,0,7.745725858858615e-19,0
Verbascum,Gonepteryx_rhamni,0,1.6034883709464867e-17,0
Verbascum,Colias_alfacariensis,0,2.92960851412319e-17,0
Verbascum,Colias_phicomone,0,-5.9497672523813645e-18,0
Verbascum,Colias_palaeno,0,5.693984683693354e-18,0
Verbascum,Anthocharis_cardamines,0,-8.243163015506043e-17,0
Verbascum,Aporia_crataegi,0,1.5454416599524424e-19,0
Verbascum,Pontia_callidice,0,-1.886298786834493e-16,0
Verbascum,Pieris_brassicae,0,5.190647744762739e-18,0
Verbascum,Pieris_mannii,0,1.8169445382695684e-17,0
Verbascum,Pieris_bryoniae,0,-1.28465708684592e-16,0
Verbascum,Hamearis_lucina,0,-1.2257314267081998e-16,0
Verbascum,Lycaena_phlaeas,0,-4.1997762673635074e-18,0
Verbascum,Lycaena_virgaureae,0,-6.736136063034237e-19,0
Verbascum,Lycaena_helle,0,3.246976687072486e-17,0
Verbascum,Lycaena_alciphron,0,5.0057578696527275e-18,0
Verbascum,Lycaena_dispar,0,4.11352853517838e-18,0
Verbascum,Lycaena_hippothoe,0,5.1098996168671195e-18,0
Verbascum,Thecla_betulae,0,2.2386521808064238e-19,0
Verbascum,Favonius_quercus,0,-3.963722026397303e-32,0
Verbascum,Satyrium_acaciae,0,-5.851762985419992e-19,0
Verbascum,Satyrium_spini,0,-6.874512482966785e-19,0
Verbascum,Satyrium_ilicis,0,1.2248756127531658e-18,0
Verbascum,Lampides_boeticus,0,-9.091891012521708e-18,0
Verbascum,Celastrina_argiolus,0,1.8065006900301023e-19,0
Verbascum,Phengaris_arion,0,3.9872052465565364e-22,0
Verbascum,Phengaris_teleius,0,-1.8685807503788598e-21,0
Verbascum,Phengaris_nausithous,0,-1.4003953363597058e-19,0
Verbascum,Scolitantides_orion,0,-1.2460021961159702e-23,0
Verbascum,Iolana_iolas,0,-1.0676067328513723e-17,0
Verbascum,Glaucopsyche_alexis,0,9.610369514126995e-18,0
Verbascum,Pseudophilotes_baton,0,-7.988285981420632e-23,0
Verbascum,Leptotes_pirithous,0,-9.136539463715554e-17,0
Verbascum,Cupido_argiades,0,-2.300648243248987e-17,0
Verbascum,Cupido_alcetas,0,-1.12197310484207e-16,0
Verbascum,Cupido_osiris,0,-1.9656124941493644e-17,0
Verbascum,Cupido_minimus,0,-5.3549728372365834e-17,0
Verbascum,Plebejus_argus,0,-1.1225197482922836e-17,0
Verbascum,Plebejus_idas,0,4.796600897244631e-17,0
Verbascum,Plebejus_argyrognomon,0,-2.2781623369211246e-17,0
Verbascum,Cyaniris_semiargus,0,5.981404654802189e-17,0
Verbascum,Aricia_nicias,0,-2.3055248222549092e-17,0
Verbascum,Aricia_artaxerxes,0,-9.891059496158747e-17,0
Verbascum,Aricia_agestis,0,8.750533274134221e-17,0
Verbascum,Polyommatus_escheri,0,3.978286256824791e-17,0
Verbascum,Polyommatus_thersites,0,-3.283487421224478e-17,0
Verbascum,Polyommatus_amandus,0,1.2325520919863528e-16,0
Verbascum,Polyommatus_icarus,0,-3.73745738077189e-17,0
Verbascum,Polyommatus_eros,0,1.56792128375144e-17,0
Verbascum,Polyommatus_dorylas,0,-1.1055926911913897e-16,0
Verbascum,Polyommatus_damon,0,-3.283487421224478e-17,0
Verbascum,Neptis_rivularis,0,-5.830392272081102e-20,0
Verbascum,Limenitis_populi,0,2.5126532669446396e-40,0
Verbascum,Limenitis_reducta,0,-4.7711122551792316e-45,0
Verbascum,Limenitis_camilla,0,1.0517525443281123e-41,0
Verbascum,Issoria_lathonia,0,-0.03331001403157194,0
Verbascum,Brenthis_ino,0,9.612168173080557e-19,0
Verbascum,Argynnis_paphia,0,-0.03331001403157194,0
Verbascum,Fabriciana_adippe,0,-0.03331001403157194,0
Verbascum,Boloria_pales,0,0.10952512616066641,1
Verbascum,Boloria_napaea,0,-0.03331001403157194,0
Verbascum,Boloria_aquilonaris,0,6.571004459227242e-19,0
Verbascum,Boloria_selene,0,-0.03331001403157194,0
Verbascum,Boloria_dia,0,-0.03331001403157194,0
Verbascum,Boloria_euphrosyne,0,-0.03331001403157194,0
Verbascum,Boloria_titania,0,-0.03331001403157194,0
Verbascum,Apatura_iris,0,-2.914097913269599e-40,0
Verbascum,Apatura_ilia,0,3.351524742250391e-40,0
Verbascum,Araschnia_levana,0,0.005507462639748542,0
Verbascum,Vanessa_cardui,0,0.015141324689814788,0
Verbascum,Vanessa_atalanta,0,0.005507462639748542,0
Verbascum,Aglais_io,0,0.006495480731643812,0
Verbascum,Aglais_urticae,0,0.005507462639748542,0
Verbascum,Nymphalis_polychloros,0,-2.356315502767169e-41,0
Verbascum,Nymphalis_antiopa,0,-2.914097913269599e-40,0
Verbascum,Euphydryas_cynthia,0,0.10952512616066641,1
Verbascum,Euphydryas_intermedia,0,2.7356908945254243e-42,0
Verbascum,Melitaea_didyma,1,0.5135720227682512,1
Verbascum,Melitaea_phoebe,0,0.04570681424319377,0
Verbascum,Melitaea_cinxia,0,0.2450267028384576,1
Verbascum,Melitaea_diamina,0,0,0
Verbascum,Melitaea_aurelia,0,0.1428351401922384,1
Verbascum,Melitaea_varia,0,0.1428351401922384,1
Verbascum,Melitaea_parthenoides,1,0.19244287408177646,1
Verbascum,Melitaea_deione,0,0.07385952696354837,1
Verbascum,Melitaea_athalia,0,0.4511870309875316,1
Verbascum,Melitaea_britomartis,0,0.2450267028384576,1
Verbascum,Libythea_celtis,0,2.7218996469281478e-40,0
Verbascum,Lasiommata_maera,0,-2.108869072460612e-16,0
Verbascum,Lasiommata_petropolitana,0,-2.202076162091077e-16,0
Verbascum,Lasiommata_megera,0,-1.1170612320754212e-16,0
Verbascum,Lopinga_achine,0,1.1904722603300708e-18,0
Verbascum,Coenonympha_glycerion,0,-2.8431978531942235e-16,0
Verbascum,Coenonympha_pamphilus,0,6.572126861193706e-18,0
Verbascum,Coenonympha_tullia,0,2.316880543051091e-16,0
Verbascum,Melanargia_galathea,0,-1.7088264296912655e-16,0
Verbascum,Hipparchia_statilinus,0,-1.6703189740423079e-16,0
Verbascum,Hipparchia_fagi,0,-1.1170612320754212e-16,0
Verbascum,Hipparchia_semele,0,-2.202076162091077e-16,0
Verbascum,Oeneis_glacialis,0,-2.202076162091077e-16,0
Verbascum,Brintesia_circe,0,-1.1170612320754212e-16,0
Verbascum,Satyrus_ferula,0,-2.202076162091077e-16,0
Verbascum,Hyponephele_lycaon,0,-2.2147884503859654e-16,0
Verbascum,Aphantopus_hyperantus,0,-1.1170612320754212e-16,0
Verbascum,Maniola_jurtina,0,-1.1170612320754212e-16,0
Verbascum,Erebia_nivalis,0,-2.202076162091077e-16,0
Verbascum,Erebia_tyndarus,0,-5.63866076782251e-17,0
Verbascum,Erebia_christi,0,-2.202076162091077e-16,0
Verbascum,Erebia_pharte,0,8.537315028201168e-17,0
Verbascum,Erebia_epiphron,0,-2.202076162091077e-16,0
Verbascum,Erebia_meolans,0,-2.202076162091077e-16,0
Verbascum,Erebia_triarius,0,-2.2147884503859654e-16,0
Verbascum,Erebia_medusa,0,-3.8032222036664527e-16,0
Verbascum,Erebia_aethiops,0,3.482455536056556e-16,0
Verbascum,Erebia_pandrose,0,-5.128873548511606e-17,0
Verbascum,Erebia_flavofasciata,0,-2.202076162091077e-16,0
Verbascum,Erebia_gorge,0,3.651371663631027e-17,0
Verbascum,Erebia_pluto,0,3.651371663631027e-17,0
Verbascum,Erebia_sudetica,0,-1.2230083187313953e-16,0
Verbascum,Erebia_melampus,0,5.062562728435489e-17,0
Verbascum,Erebia_manto,0,5.101154774547728e-16,0
Verbascum,Erebia_eriphyle,0,4.3250541934208595e-16,0
Verbascum,Erebia_euryale,0,7.943222522537726e-16,0
Verbascum,Erebia_ligea,0,4.265065165665101e-16,0
Verbascum,Erebia_oeme,0,5.656752245529182e-16,0
Verbascum,Erebia_mnestra,0,-1.3924118292634452e-16,0
Verbascum,Erebia_styx,0,9.56198324982255e-17,0
Rhinanthus,Parnassius_mnemosyne,0,0,0
Rhinanthus,Parnassius_apollo,0,0,0
Rhinanthus,Parnassius_phoebus,0,0,0
Rhinanthus,Iphiclides_podalirius,0,-3.0922556441423836e-35,0
Rhinanthus,Papilio_machaon,0,-8.480873152192003e-20,0
Rhinanthus,Carcharodus_alceae,0,5.300151723173537e-20,0
Rhinanthus,Spialia_sertorius,0,2.0904905003190083e-21,0
Rhinanthus,Erynnis_tages,0,1.8331127631213352e-17,0
Rhinanthus,Pyrgus_carthami,0,7.238221440347879e-18,0
Rhinanthus,Pyrgus_malvae,0,1.04408159020835e-17,0
Rhinanthus,Pyrgus_andromedae,0,-2.881848331501685e-17,0
Rhinanthus,Pyrgus_cacaliae,0,4.515280527756216e-17,0
Rhinanthus,Pyrgus_serratulae,0,5.041487623711913e-18,0
Rhinanthus,Pyrgus_armoricanus,0,1.089378655480981e-16,0
Rhinanthus,Pyrgus_cirsii,0,4.14969427852684e-17,0
Rhinanthus,Pyrgus_carlinae,0,-8.038009015746541e-17,0
Rhinanthus,Pyrgus_alveus,0,-1.0823269544675199e-16,0
Rhinanthus,Heteropterus_morpheus,0,2.2594238964581607e-17,0
Rhinanthus,Carterocephalus_palaemon,0,-8.729557270858905e-17,0
Rhinanthus,Thymelicus_acteon,0,-5.3846077702600114e-17,0
Rhinanthus,Thymelicus_sylvestris,0,-6.084228810945047e-16,0
Rhinanthus,Thymelicus_lineola,0,-5.761925213377518e-16,0
Rhinanthus,Ochlodes_sylvanus,0,3.65865980378725e-17,0
Rhinanthus,Hesperia_comma,0,3.850130906786267e-17,0
Rhinanthus,Gonepteryx_rhamni,0,1.819892797534953e-17,0
Rhinanthus,Colias_alfacariensis,0,4.298314516253511e-17,0
Rhinanthus,Colias_phicomone,0,-8.622662690297209e-18,0
Rhinanthus,Colias_palaeno,0,8.752957857329062e-18,0
Rhinanthus,Anthocharis_cardamines,0,-1.7200728569020762e-16,0
Rhinanthus,Aporia_crataegi,0,2.0630766729837632e-19,0
Rhinanthus,Pontia_callidice,0,-3.675144559633042e-16,0
Rhinanthus,Pieris_brassicae,0,2.6559131807135428e-18,0
Rhinanthus,Pieris_mannii,0,2.4819733018626366e-17,0
Rhinanthus,Pieris_bryoniae,0,-3.5181633913369626e-16,0
Rhinanthus,Hamearis_lucina,0,-1.742782271950668e-16,0
Rhinanthus,Lycaena_phlaeas,0,-7.986837058999123e-18,0
Rhinanthus,Lycaena_virgaureae,0,-1.6968448510646483e-18,0
Rhinanthus,Lycaena_helle,0,5.192954401351514e-17,0
Rhinanthus,Lycaena_alciphron,0,6.723907214735988e-18,0
Rhinanthus,Lycaena_dispar,0,5.091710941966312e-18,0
Rhinanthus,Lycaena_hippothoe,0,6.0845697412274204e-18,0
Rhinanthus,Thecla_betulae,0,-1.1125538077790381e-18,0
Rhinanthus,Favonius_quercus,0,-7.559113727075543e-32,0
Rhinanthus,Satyrium_acaciae,0,6.301737268230858e-19,0
Rhinanthus,Satyrium_spini,0,6.871131055521874e-19,0
Rhinanthus,Satyrium_ilicis,0,2.2141796541617263e-19,0
Rhinanthus,Lampides_boeticus,0,-1.4411308572504104e-17,0
Rhinanthus,Celastrina_argiolus,0,-4.0582193169294274e-19,0
Rhinanthus,Phengaris_arion,0,7.207296516209692e-23,0
Rhinanthus,Phengaris_teleius,0,1.7071268706433423e-20,0
Rhinanthus,Phengaris_nausithous,0,-2.151060994462597e-19,0
Rhinanthus,Scolitantides_orion,0,-2.252289043461021e-24,0
Rhinanthus,Iolana_iolas,0,-1.6704632995673915e-17,0
Rhinanthus,Glaucopsyche_alexis,0,1.587936868945585e-17,0
Rhinanthus,Pseudophilotes_baton,0,-1.4439730769511784e-23,0
Rhinanthus,Leptotes_pirithous,0,-1.2780346312476706e-16,0
Rhinanthus,Cupido_argiades,0,-3.691054899436589e-17,0
Rhinanthus,Cupido_alcetas,0,-1.562630684148977e-16,0
Rhinanthus,Cupido_osiris,0,-3.0188758724416476e-17,0
Rhinanthus,Cupido_minimus,0,-6.870855583576505e-17,0
Rhinanthus,Plebejus_argus,0,-1.8304900079880704e-17,0
Rhinanthus,Plebejus_idas,0,6.637218397058561e-17,0
Rhinanthus,Plebejus_argyrognomon,0,-2.64641114571389e-17,0
Rhinanthus,Cyaniris_semiargus,0,8.551231939748989e-17,0
Rhinanthus,Aricia_nicias,0,-1.8806019334090456e-17,0
Rhinanthus,Aricia_artaxerxes,0,-1.28674368571607e-16,0
Rhinanthus,Aricia_agestis,0,1.1877523788067035e-16,0
Rhinanthus,Polyommatus_escheri,0,5.308562740644352e-17,0
Rhinanthus,Polyommatus_thersites,0,-4.675656099214083e-17,0
Rhinanthus,Polyommatus_amandus,0,1.7211203836662763e-16,0
Rhinanthus,Polyommatus_icarus,0,-4.758171167064005e-17,0
Rhinanthus,Polyommatus_eros,0,1.8569755910320518e-17,0
Rhinanthus,Polyommatus_dorylas,0,-1.436829770003016e-16,0
Rhinanthus,Polyommatus_damon,0,-4.675656099214083e-17,0
Rhinanthus,Neptis_rivularis,0,-6.694016240728552e-20,0
Rhinanthus,Limenitis_populi,0,4.5409254437603274e-41,0
Rhinanthus,Limenitis_reducta,0,-9.327745162517277e-45,0
Rhinanthus,Limenitis_camilla,0,1.907870300103497e-42,0
Rhinanthus,Issoria_lathonia,0,-0.06721844182186222,0
Rhinanthus,Brenthis_ino,0,1.285629410071777e-18,0
Rhinanthus,Argynnis_paphia,0,-0.06721844182186222,0
Rhinanthus,Fabriciana_adippe,0,-0.06721844182186222,0
Rhinanthus,Boloria_pales,0,0.12437661596835167,1
Rhinanthus,Boloria_napaea,0,-0.06721844182186222,0
Rhinanthus,Boloria_aquilonaris,0,9.478105634896728e-19,0
Rhinanthus,Boloria_selene,0,-0.06721844182186222,0
Rhinanthus,Boloria_dia,0,-0.06721844182186222,0
Rhinanthus,Boloria_euphrosyne,0,-0.06721844182186222,0
Rhinanthus,Boloria_titania,0,-0.06721844182186222,0
Rhinanthus,Apatura_iris,0,-5.267462111272723e-41,0
Rhinanthus,Apatura_ilia,0,6.058737073363593e-41,0
Rhinanthus,Araschnia_levana,0,0.0017703064649862092,0
Rhinanthus,Vanessa_cardui,0,0.008950253563566712,0
Rhinanthus,Vanessa_atalanta,0,0.0017703064649862092,0
Rhinanthus,Aglais_io,0,0.002022268758252922,0
Rhinanthus,Aglais_urticae,0,0.0017703064649862092,0
Rhinanthus,Nymphalis_polychloros,0,-4.2626623700789763e-42,0
Rhinanthus,Nymphalis_antiopa,0,-5.267462111272723e-41,0
Rhinanthus,Euphydryas_cynthia,0,0.12437661596835167,1
Rhinanthus,Euphydryas_intermedia,0,4.9625680581892274e-43,0
Rhinanthus,Melitaea_didyma,1,0.70471518829761,1
Rhinanthus,Melitaea_phoebe,0,0.060688908602377405,0
Rhinanthus,Melitaea_cinxia,0,0.33279062765073436,1
Rhinanthus,Melitaea_diamina,0,0,0
Rhinanthus,Melitaea_aurelia,0,0.19159505779021396,1
Rhinanthus,Melitaea_varia,0,0.19159505779021396,1
Rhinanthus,Melitaea_parthenoides,0,0.2600438654581728,1
Rhinanthus,Melitaea_deione,0,0.10260184468927477,1
Rhinanthus,Melitaea_athalia,1,0.6190076736238953,1
Rhinanthus,Melitaea_britomartis,0,0.33279062765073436,1
Rhinanthus,Libythea_celtis,0,4.919983221027535e-41,0
Rhinanthus,Lasiommata_maera,0,-3.231737857586194e-16,0
Rhinanthus,Lasiommata_petropolitana,0,-3.2086629818874386e-16,0
Rhinanthus,Lasiommata_megera,0,-1.2270690700098463e-16,0
Rhinanthus,Lopinga_achine,0,-2.9597716309153876e-17,0
Rhinanthus,Coenonympha_glycerion,0,-4.752592367458916e-16,0
Rhinanthus,Coenonympha_pamphilus,0,9.202097652636655e-17,0
Rhinanthus,Coenonympha_tullia,0,2.984493679380531e-16,0
Rhinanthus,Melanargia_galathea,0,-2.3018610446522977e-16,0
Rhinanthus,Hipparchia_statilinus,0,-2.0904700629872802e-16,0
Rhinanthus,Hipparchia_fagi,0,-1.2270690700098463e-16,0
Rhinanthus,Hipparchia_semele,0,-3.2086629818874386e-16,0
Rhinanthus,Oeneis_glacialis,0,-3.2086629818874386e-16,0
Rhinanthus,Brintesia_circe,0,-1.2270690700098463e-16,0
Rhinanthus,Satyrus_ferula,0,-3.2086629818874386e-16,0
Rhinanthus,Hyponephele_lycaon,0,-3.3335727418483404e-16,0
Rhinanthus,Aphantopus_hyperantus,0,-1.2270690700098463e-16,0
Rhinanthus,Maniola_jurtina,0,-1.2270690700098463e-16,0
Rhinanthus,Erebia_nivalis,0,-3.2086629818874386e-16,0
Rhinanthus,Erebia_tyndarus,0,-7.211580487034223e-17,0
Rhinanthus,Erebia_christi,0,-3.2086629818874386e-16,0
Rhinanthus,Erebia_pharte,0,1.0028862249598656e-16,0
Rhinanthus,Erebia_epiphron,0,-3.2086629818874386e-16,0
Rhinanthus,Erebia_meolans,0,-3.2086629818874386e-16,0
Rhinanthus,Erebia_triarius,0,-3.3335727418483404e-16,0
Rhinanthus,Erebia_medusa,0,-5.090936539568544e-16,0
Rhinanthus,Erebia_aethiops,0,4.723203633402215e-16,0
Rhinanthus,Erebia_pandrose,0,-4.493905324753331e-17,0
Rhinanthus,Erebia_flavofasciata,0,-3.2086629818874386e-16,0
Rhinanthus,Erebia_gorge,0,8.858452346843532e-17,0
Rhinanthus,Erebia_pluto,0,8.858452346843532e-17,0
Rhinanthus,Erebia_sudetica,0,-1.7958491483992694e-16,0
Rhinanthus,Erebia_melampus,0,8.795782708732144e-17,0
Rhinanthus,Erebia_manto,0,7.167445559784178e-16,0
Rhinanthus,Erebia_eriphyle,0,5.739431150774438e-16,0
Rhinanthus,Erebia_euryale,0,1.1172940276277583e-15,0
Rhinanthus,Erebia_ligea,0,5.838247658550996e-16,0
Rhinanthus,Erebia_oeme,0,7.796787106859913e-16,0
Rhinanthus,Erebia_mnestra,0,-1.8709998011446429e-16,0
Rhinanthus,Erebia_styx,0,1.5554980785894566e-16,0
Veronica,Parnassius_mnemosyne,0,0,0
Veronica,Parnassius_apollo,0,0,0
Veronica,Parnassius_phoebus,0,0,0
Veronica,Iphiclides_podalirius,0,-4.5592585542262047e-35,0
Veronica,Papilio_machaon,0,-1.308557946621186e-19,0
Veronica,Carcharodus_alceae,0,8.175105342613168e-20,0
Veronica,Spialia_sertorius,0,-1.3490206638839555e-20,0
Veronica,Erynnis_tages,0,3.015899053100383e-17,0
Veronica,Pyrgus_carthami,0,1.6600452880336725e-17,0
Veronica,Pyrgus_malvae,0,1.5896496589287494e-17,0
Veronica,Pyrgus_andromedae,0,-4.213109663965203e-17,0
Veronica,Pyrgus_cacaliae,0,6.929433960850826e-17,0
Veronica,Pyrgus_serratulae,0,-1.3749024957822542e-17,0
Veronica,Pyrgus_armoricanus,0,1.4938119788774205e-16,0
Veronica,Pyrgus_cirsii,0,6.468262036918523e-17,0
Veronica,Pyrgus_carlinae,0,-1.0767427856613998e-16,0
Veronica,Pyrgus_alveus,0,-1.5396077914242958e-16,0
Veronica,Heteropterus_morpheus,0,3.7749060044229527e-17,0
Veronica,Carterocephalus_palaemon,0,-1.0530494802723281e-16,0
Veronica,Thymelicus_acteon,0,-1.0238047121342887e-16,0
Veronica,Thymelicus_sylvestris,0,-8.552990764577907e-16,0
Veronica,Thymelicus_lineola,0,-8.6358583067868e-16,0
Veronica,Ochlodes_sylvanus,0,4.52610777343917e-17,0
Veronica,Hesperia_comma,0,3.961918479339497e-17,0
Veronica,Gonepteryx_rhamni,0,3.2276343599915006e-17,0
Veronica,Colias_alfacariensis,0,5.756881122767757e-17,0
Veronica,Colias_phicomone,0,-1.4321764933089697e-17,0
Veronica,Colias_palaeno,0,1.19064017387521e-17,0
Veronica,Anthocharis_cardamines,0,2.418628999474396e-16,0
Veronica,Aporia_crataegi,0,3.1831367042053036e-19,0
Veronica,Pontia_callidice,0,3.61741082441741e-16,0
Veronica,Pieris_brassicae,0,8.590261157657804e-18,0
Veronica,Pieris_mannii,0,3.438867272622284e-17,0
Veronica,Pieris_bryoniae,0,8.95705448071703e-16,0
Veronica,Hamearis_lucina,0,-2.57285755361405e-16,0
Veronica,Lycaena_phlaeas,0,-1.2276984695953225e-17,0
Veronica,Lycaena_virgaureae,0,-4.055177111715949e-18,0
Veronica,Lycaena_helle,0,6.78439172098836e-17,0
Veronica,Lycaena_alciphron,0,6.980591387920716e-18,0
Veronica,Lycaena_dispar,0,4.534453166152407e-18,0
Veronica,Lycaena_hippothoe,0,4.9708255829692974e-18,0
Veronica,Thecla_betulae,0,-4.460894037002893e-18,0
Veronica,Favonius_quercus,0,7.997198152252563e-32,0
Veronica,Satyrium_acaciae,0,3.716700547451801e-18,0
Veronica,Satyrium_spini,0,4.871065102468998e-18,0
Veronica,Satyrium_ilicis,0,-2.2060852887993086e-18,0
Veronica,Lampides_boeticus,0,-2.145234024465964e-17,0
Veronica,Celastrina_argiolus,0,-3.1598093114743415e-19,0
Veronica,Phengaris_arion,0,-7.18130886074983e-22,0
Veronica,Phengaris_teleius,0,-5.306342372105443e-20,0
Veronica,Phengaris_nausithous,0,-2.549366682695487e-19,0
Veronica,Scolitantides_orion,0,2.244157879544881e-23,0
Veronica,Iolana_iolas,0,-2.5289249491600436e-17,0
Veronica,Glaucopsyche_alexis,0,1.491629256025897e-17,0
Veronica,Pseudophilotes_baton,0,1.4387593269204696e-22,0
Veronica,Leptotes_pirithous,0,-1.882049300004967e-16,0
Veronica,Cupido_argiades,0,-4.685858501364536e-17,0
Veronica,Cupido_alcetas,0,-2.3280702626722574e-16,0
Veronica,Cupido_osiris,0,-4.852170199474429e-17,0
Veronica,Cupido_minimus,0,-1.033109758834557e-16,0
Veronica,Plebejus_argus,0,-1.9939154815031175e-17,0
Veronica,Plebejus_idas,0,9.895247203333436e-17,0
Veronica,Plebejus_argyrognomon,0,-4.9173312415817554e-17,0
Veronica,Cyaniris_semiargus,0,1.2410884881581284e-16,0
Veronica,Aricia_nicias,0,-4.7051917298843004e-17,0
Veronica,Aricia_artaxerxes,0,-1.9949695643666637e-16,0
Veronica,Aricia_agestis,0,1.8407572875444097e-16,0
Veronica,Polyommatus_escheri,0,8.689097137804842e-17,0
Veronica,Polyommatus_thersites,0,-7.322417913387108e-17,0
Veronica,Polyommatus_amandus,0,2.545239042934804e-16,0
Veronica,Polyommatus_icarus,0,-7.402708488120902e-17,0
Veronica,Polyommatus_eros,0,3.177343766899441e-17,0
Veronica,Polyommatus_dorylas,0,-2.2543623262963456e-16,0
Veronica,Polyommatus_damon,0,-7.322417913387108e-17,0
Veronica,Neptis_rivularis,0,-6.706549575055398e-20,0
Veronica,Limenitis_populi,0,-4.525484683298492e-40,0
Veronica,Limenitis_reducta,0,9.827145233450414e-45,0
Veronica,Limenitis_camilla,0,-1.894395119002485e-41,0
Veronica,Issoria_lathonia,0,-0.07040538245587502,0
Veronica,Brenthis_ino,0,1.9814947522567042e-18,0
Veronica,Argynnis_paphia,0,-0.07040538245587502,0
Veronica,Fabriciana_adippe,0,-0.07040538245587502,0
Veronica,Boloria_pales,0,0.22442746636452707,1
Veronica,Boloria_napaea,0,-0.07040538245587502,0
Veronica,Boloria_aquilonaris,0,1.19454555486571e-18,0
Veronica,Boloria_selene,0,-0.07040538245587502,0
Veronica,Boloria_dia,0,-0.07040538245587502,0
Veronica,Boloria_euphrosyne,0,-0.07040538245587502,0
Veronica,Boloria_titania,0,-0.07040538245587502,0
Veronica,Apatura_iris,0,5.248533211209479e-40,0
Veronica,Apatura_ilia,0,-6.036384254669134e-40,0
Veronica,Araschnia_levana,0,-0.007598797891726623,0
Veronica,Vanessa_cardui,0,-0.00806570064899872,0
Veronica,Vanessa_atalanta,0,-0.007598797891726623,0
Veronica,Aglais_io,0,-0.009163217706824697,0
Veronica,Aglais_urticae,0,-0.007598797891726623,0
Veronica,Nymphalis_polychloros,0,4.2439721233068506e-41,0
Veronica,Nymphalis_antiopa,0,5.248533211209479e-40,0
Veronica,Euphydryas_cynthia,0,0.22442746636452707,1
Veronica,Euphydryas_intermedia,0,-4.927471065262694e-42,0
Veronica,Melitaea_didyma,1,1.0577880479660768,1
Veronica,Melitaea_phoebe,0,0.08478978388388395,1
Veronica,Melitaea_cinxia,1,0.5058641824159731,1
Veronica,Melitaea_diamina,0,0,0
Veronica,Melitaea_aurelia,0,0.2948328488204022,1
Veronica,Melitaea_varia,0,0.2948328488204022,1
Veronica,Melitaea_parthenoides,0,0.3970244114666215,1
Veronica,Melitaea_deione,0,0.15236182720184374,1
Veronica,Melitaea_athalia,1,0.9315160692568973,1
Veronica,Melitaea_britomartis,1,0.5058641824159731,1
Veronica,Libythea_celtis,0,-4.9023671354080555e-40,0
Veronica,Lasiommata_maera,0,-4.3900449362144823e-16,0
Veronica,Lasiommata_petropolitana,0,-4.4065247261920376e-16,0
Veronica,Lasiommata_megera,0,-2.2025306033235153e-16,0
Veronica,Lopinga_achine,0,-3.624521940352216e-17,0
Veronica,Coenonympha_glycerion,0,-5.949033980642648e-16,0
Veronica,Coenonympha_pamphilus,0,5.61617134682269e-17,0
Veronica,Coenonympha_tullia,0,4.3887670872767494e-16,0
Veronica,Melanargia_galathea,0,-3.627851178063005e-16,0
Veronica,Hipparchia_statilinus,0,-3.486318800823014e-16,0
Veronica,Hipparchia_fagi,0,-2.2025306033235153e-16,0
Veronica,Hipparchia_semele,0,-4.4065247261920376e-16,0
Veronica,Oeneis_glacialis,0,-4.4065247261920376e-16,0
Veronica,Brintesia_circe,0,-2.2025306033235153e-16,0
Veronica,Satyrus_ferula,0,-4.4065247261920376e-16,0
Veronica,Hyponephele_lycaon,0,-4.580522210242473e-16,0
Veronica,Aphantopus_hyperantus,0,-2.2025306033235153e-16,0
Veronica,Maniola_jurtina,0,-2.2025306033235153e-16,0
Veronica,Erebia_nivalis,0,-4.4065247261920376e-16,0
Veronica,Erebia_tyndarus,0,-1.0833110119946563e-16,0
Veronica,Erebia_christi,0,-4.4065247261920376e-16,0
Veronica,Erebia_pharte,0,1.5901470606114114e-16,0
Veronica,Erebia_epiphron,0,-4.4065247261920376e-16,0
Veronica,Erebia_meolans,0,-4.4065247261920376e-16,0
Veronica,Erebia_triarius,0,-4.580522210242473e-16,0
Veronica,Erebia_medusa,0,-7.609206320491472e-16,0
Veronica,Erebia_aethiops,0,6.892912998740579e-16,0
Veronica,Erebia_pandrose,0,-8.151409047744305e-17,0
Veronica,Erebia_flavofasciata,0,-4.4065247261920376e-16,0
Veronica,Erebia_gorge,0,1.179774386544564e-16,0
Veronica,Erebia_pluto,0,1.179774386544564e-16,0
Veronica,Erebia_sudetica,0,-2.482381467396217e-16,0
Veronica,Erebia_melampus,0,1.2714169144559678e-16,0
Veronica,Erebia_manto,0,1.0280781795512157e-15,0
Veronica,Erebia_eriphyle,0,8.277626543594928e-16,0
Veronica,Erebia_euryale,0,1.6124397833979523e-15,0
Veronica,Erebia_ligea,0,8.491894277038306e-16,0
Veronica,Erebia_oeme,0,1.151807365244524e-15,0
Veronica,Erebia_mnestra,0,-2.6686690352254483e-16,0
Veronica,Erebia_styx,0,2.0500636755112375e-16,0
Valeriana,Parnassius_mnemosyne,0,0,0
Valeriana,Parnassius_apollo,0,0,0
Valeriana,Parnassius_phoebus,0,0,0
Valeriana,Iphiclides_podalirius,0,0,0
Valeriana,Papilio_machaon,0,0,0
Valeriana,Carcharodus_alceae,0,0,0
Valeriana,Spialia_sertorius,0,0,0
Valeriana,Erynnis_tages,0,0,0
Valeriana,Pyrgus_carthami,0,0,0
Valeriana,Pyrgus_malvae,0,0,0
Valeriana,Pyrgus_andromedae,0,0,0
Valeriana,Pyrgus_cacaliae,0,0,0
Valeriana,Pyrgus_serratulae,0,0,0
Valeriana,Pyrgus_armoricanus,0,0,0
Valeriana,Pyrgus_cirsii,0,0,0
Valeriana,Pyrgus_carlinae,0,0,0
Valeriana,Pyrgus_alveus,0,0,0
Valeriana,Heteropterus_morpheus,0,0,0
Valeriana,Carterocephalus_palaemon,0,0,0
Valeriana,Thymelicus_acteon,0,0,0
Valeriana,Thymelicus_sylvestris,0,0,0
Valeriana,Thymelicus_lineola,0,0,0
Valeriana,Ochlodes_sylvanus,0,0,0
Valeriana,Hesperia_comma,0,0,0
Valeriana,Gonepteryx_rhamni,0,0,0
Valeriana,Colias_alfacariensis,0,0,0
Valeriana,Colias_phicomone,0,0,0
Valeriana,Colias_palaeno,0,0,0
Valeriana,Anthocharis_cardamines,0,0,0
Valeriana,Aporia_crataegi,0,0,0
Valeriana,Pontia_callidice,0,0,0
Valeriana,Pieris_brassicae,0,0,0
Valeriana,Pieris_mannii,0,0,0
Valeriana,Pieris_bryoniae,0,0,0
Valeriana,Hamearis_lucina,0,0,0
Valeriana,Lycaena_phlaeas,0,0,0
Valeriana,Lycaena_virgaureae,0,0,0
Valeriana,Lycaena_helle,0,0,0
Valeriana,Lycaena_alciphron,0,0,0
Valeriana,Lycaena_dispar,0,0,0
Valeriana,Lycaena_hippothoe,0,0,0
Valeriana,Thecla_betulae,0,0,0
Valeriana,Favonius_quercus,0,0,0
Valeriana,Satyrium_acaciae,0,0,0
Valeriana,Satyrium_spini,0,0,0
Valeriana,Satyrium_ilicis,0,0,0
Valeriana,Lampides_boeticus,0,0,0
Valeriana,Celastrina_argiolus,0,0,0
Valeriana,Phengaris_arion,0,0,0
Valeriana,Phengaris_teleius,0,0,0
Valeriana,Phengaris_nausithous,0,0,0
Valeriana,Scolitantides_orion,0,0,0
Valeriana,Iolana_iolas,0,0,0
Valeriana,Glaucopsyche_alexis,0,0,0
Valeriana,Pseudophilotes_baton,0,0,0
Valeriana,Leptotes_pirithous,0,0,0
Valeriana,Cupido_argiades,0,0,0
Valeriana,Cupido_alcetas,0,0,0
Valeriana,Cupido_osiris,0,0,0
Valeriana,Cupido_minimus,0,0,0
Valeriana,Plebejus_argus,0,0,0
Valeriana,Plebejus_idas,0,0,0
Valeriana,Plebejus_argyrognomon,0,0,0
Valeriana,Cyaniris_semiargus,0,0,0
Valeriana,Aricia_nicias,0,0,0
Valeriana,Aricia_artaxerxes,0,0,0
Valeriana,Aricia_agestis,0,0,0
Valeriana,Polyommatus_escheri,0,0,0
Valeriana,Polyommatus_thersites,0,0,0
Valeriana,Polyommatus_amandus,0,0,0
Valeriana,Polyommatus_icarus,0,0,0
Valeriana,Polyommatus_eros,0,0,0
Valeriana,Polyommatus_dorylas,0,0,0
Valeriana,Polyommatus_damon,0,0,0
Valeriana,Neptis_rivularis,0,0,0
Valeriana,Limenitis_populi,0,0,0
Valeriana,Limenitis_reducta,0,0,0
Valeriana,Limenitis_camilla,0,0,0
Valeriana,Issoria_lathonia,0,0,0
Valeriana,Brenthis_ino,0,0,0
Valeriana,Argynnis_paphia,0,0,0
Valeriana,Fabriciana_adippe,0,0,0
Valeriana,Boloria_pales,0,0,0
Valeriana,Boloria_napaea,0,0,0
Valeriana,Boloria_aquilonaris,0,0,0
Valeriana,Boloria_selene,0,0,0
Valeriana,Boloria_dia,0,0,0
Valeriana,Boloria_euphrosyne,0,0,0
Valeriana,Boloria_titania,0,0,0
Valeriana,Apatura_iris,0,0,0
Valeriana,Apatura_ilia,0,0,0
Valeriana,Araschnia_levana,0,0,0
Valeriana,Vanessa_cardui,0,0,0
Valeriana,Vanessa_atalanta,0,0,0
Valeriana,Aglais_io,0,0,0
Valeriana,Aglais_urticae,0,0,0
Valeriana,Nymphalis_polychloros,0,0,0
Valeriana,Nymphalis_antiopa,0,0,0
Valeriana,Euphydryas_cynthia,0,0,0
Valeriana,Euphydryas_intermedia,0,0,0
Valeriana,Melitaea_didyma,0,0,0
Valeriana,Melitaea_phoebe,0,0,0
Valeriana,Melitaea_cinxia,0,0,0
Valeriana,Melitaea_diamina,1,0,0
Valeriana,Melitaea_aurelia,0,0,0
Valeriana,Melitaea_varia,0,0,0
Valeriana,Melitaea_parthenoides,0,0,0
Valeriana,Melitaea_deione,0,0,0
Valeriana,Melitaea_athalia,0,0,0
Valeriana,Melitaea_britomartis,0,0,0
Valeriana,Libythea_celtis,0,0,0
Valeriana,Lasiommata_maera,0,0,0
Valeriana,Lasiommata_petropolitana,0,0,0
Valeriana,Lasiommata_megera,0,0,0
Valeriana,Lopinga_achine,0,0,0
Valeriana,Coenonympha_glycerion,0,0,0
Valeriana,Coenonympha_pamphilus,0,0,0
Valeriana,Coenonympha_tullia,0,0,0
Valeriana,Melanargia_galathea,0,0,0
Valeriana,Hipparchia_statilinus,0,0,0
Valeriana,Hipparchia_fagi,0,0,0
Valeriana,Hipparchia_semele,0,0,0
Valeriana,Oeneis_glacialis,0,0,0
Valeriana,Brintesia_circe,0,0,0
Valeriana,Satyrus_ferula,0,0,0
Valeriana,Hyponephele_lycaon,0,0,0
Valeriana,Aphantopus_hyperantus,0,0,0
Valeriana,Maniola_jurtina,0,0,0
Valeriana,Erebia_nivalis,0,0,0
Valeriana,Erebia_tyndarus,0,0,0
Valeriana,Erebia_christi,0,0,0
Valeriana,Erebia_pharte,0,0,0
Valeriana,Erebia_epiphron,0,0,0
Valeriana,Erebia_meolans,0,0,0
Valeriana,Erebia_triarius,0,0,0
Valeriana,Erebia_medusa,0,0,0
Valeriana,Erebia_aethiops,0,0,0
Valeriana,Erebia_pandrose,0,0,0
Valeriana,Erebia_flavofasciata,0,0,0
Valeriana,Erebia_gorge,0,0,0
Valeriana,Erebia_pluto,0,0,0
Valeriana,Erebia_sudetica,0,0,0
Valeriana,Erebia_melampus,0,0,0
Valeriana,Erebia_manto,0,0,0
Valeriana,Erebia_eriphyle,0,0,0
Valeriana,Erebia_euryale,0,0,0
Valeriana,Erebia_ligea,0,0,0
Valeriana,Erebia_oeme,0,0,0
Valeriana,Erebia_mnestra,0,0,0
Valeriana,Erebia_styx,0,0,0
Digitalis,Parnassius_mnemosyne,0,0,0
Digitalis,Parnassius_apollo,0,0,0
Digitalis,Parnassius_phoebus,0,0,0
Digitalis,Iphiclides_podalirius,0,-1.308100458487798e-35,0
Digitalis,Papilio_machaon,0,-3.986072884465877e-20,0
Digitalis,Carcharodus_alceae,0,2.4909484790425184e-20,0
Digitalis,Spialia_sertorius,0,-6.2528292135161486e-21,0
Digitalis,Erynnis_tages,0,8.868475801473146e-18,0
Digitalis,Pyrgus_carthami,0,3.4939416744844036e-18,0
Digitalis,Pyrgus_malvae,0,3.770262558646954e-18,0
Digitalis,Pyrgus_andromedae,0,-1.3857623646730966e-17,0
Digitalis,Pyrgus_cacaliae,0,2.0784995153556918e-17,0
Digitalis,Pyrgus_serratulae,0,6.533144029134339e-19,0
Digitalis,Pyrgus_armoricanus,0,5.065203593197867e-17,0
Digitalis,Pyrgus_cirsii,0,1.9591602172615957e-17,0
Digitalis,Pyrgus_carlinae,0,-3.662914712156544e-17,0
Digitalis,Pyrgus_alveus,0,-5.0891738845366715e-17,0
Digitalis,Heteropterus_morpheus,0,1.7455243074880466e-17,0
Digitalis,Carterocephalus_palaemon,0,-4.465265410590163e-17,0
Digitalis,Thymelicus_acteon,0,-3.9081906194987485e-17,0
Digitalis,Thymelicus_sylvestris,0,-2.9654184846498036e-16,0
Digitalis,Thymelicus_lineola,0,-2.985826111121596e-16,0
Digitalis,Ochlodes_sylvanus,0,4.765779624730374e-17,0
Digitalis,Hesperia_comma,0,1.911154850251718e-17,0
Digitalis,Gonepteryx_rhamni,0,8.608913904570008e-18,0
Digitalis,Colias_alfacariensis,0,1.8631939412297368e-17,0
Digitalis,Colias_phicomone,0,-4.8207242606070825e-18,0
Digitalis,Colias_palaeno,0,4.056829152201963e-18,0
Digitalis,Anthocharis_cardamines,0,-9.447246602858252e-17,0
Digitalis,Aporia_crataegi,0,9.696559377645277e-20,0
Digitalis,Pontia_callidice,0,-1.9731477914363646e-16,0
Digitalis,Pieris_brassicae,0,8.721028853299832e-19,0
Digitalis,Pieris_mannii,0,1.0361123663608268e-17,0
Digitalis,Pieris_bryoniae,0,-2.0392027489603468e-16,0
Digitalis,Hamearis_lucina,0,-8.268020814385863e-17,0
Digitalis,Lycaena_phlaeas,0,-4.967582304721794e-18,0
Digitalis,Lycaena_virgaureae,0,-1.7979884826573874e-18,0
Digitalis,Lycaena_helle,0,2.3832567180256763e-17,0
Digitalis,Lycaena_alciphron,0,1.7944164123205158e-18,0
Digitalis,Lycaena_dispar,0,8.283812306233413e-19,0
Digitalis,Lycaena_hippothoe,0,6.725752021168059e-19,0
Digitalis,Thecla_betulae,0,-2.3755616039568988e-18,0
Digitalis,Favonius_quercus,0,-4.093391268982998e-32,0
Digitalis,Satyrium_acaciae,0,2.148844998819329e-18,0
Digitalis,Satyrium_spini,0,2.7117628744759028e-18,0
Digitalis,Satyrium_ilicis,0,-1.669416077448415e-18,0
Digitalis,Lampides_boeticus,0,-7.630789675213927e-18,0
Digitalis,Celastrina_argiolus,0,-3.9894189515468433e-19,0
Digitalis,Phengaris_arion,0,-5.434311699371477e-22,0
Digitalis,Phengaris_teleius,0,-1.4304700236609722e-20,0
Digitalis,Phengaris_nausithous,0,-8.422507600646008e-20,0
Digitalis,Scolitantides_orion,0,1.6982220003507141e-23,0
Digitalis,Iolana_iolas,0,-8.923140737023064e-18,0
Digitalis,Glaucopsyche_alexis,0,5.124636161031959e-18,0
Digitalis,Pseudophilotes_baton,0,1.088752649257674e-22,0
Digitalis,Leptotes_pirithous,0,-5.941751753451201e-17,0
Digitalis,Cupido_argiades,0,-1.6433051730666726e-17,0
Digitalis,Cupido_alcetas,0,-7.341276168961262e-17,0
Digitalis,Cupido_osiris,0,-1.7027799885203958e-17,0
Digitalis,Cupido_minimus,0,-2.975108773867036e-17,0
Digitalis,Plebejus_argus,0,-6.927594426195737e-18,0
Digitalis,Plebejus_idas,0,3.0995291946722853e-17,0
Digitalis,Plebejus_argyrognomon,0,-1.3803773995181563e-17,0
Digitalis,Cyaniris_semiargus,0,3.992334597050977e-17,0
Digitalis,Aricia_nicias,0,-1.001320758816124e-17,0
Digitalis,Aricia_artaxerxes,0,-5.912897070851633e-17,0
Digitalis,Aricia_agestis,0,5.717399047658775e-17,0
Digitalis,Polyommatus_escheri,0,2.6977113977183413e-17,0
Digitalis,Polyommatus_thersites,0,-2.3932413174231775e-17,0
Digitalis,Polyommatus_amandus,0,8.030616382939561e-17,0
Digitalis,Polyommatus_icarus,0,-2.1418313889224952e-17,0
Digitalis,Polyommatus_eros,0,8.782092400865391e-18,0
Digitalis,Polyommatus_dorylas,0,-6.70400268105248e-17,0
Digitalis,Polyommatus_damon,0,-2.3932413174231775e-17,0
Digitalis,Neptis_rivularis,0,-1.1017197556601163e-20,0
Digitalis,Limenitis_populi,0,-3.4247201754466875e-40,0
Digitalis,Limenitis_reducta,0,-5.042558502033099e-45,0
Digitalis,Limenitis_camilla,0,-1.432556992788524e-41,0
Digitalis,Issoria_lathonia,0,-0.029757989227696614,0
Digitalis,Brenthis_ino,0,6.0466193378231815e-19,0
Digitalis,Argynnis_paphia,0,-0.029757989227696614,0
Digitalis,Fabriciana_adippe,0,-0.029757989227696614,0
Digitalis,Boloria_pales,0,0.06044896369952397,0
Digitalis,Boloria_napaea,0,-0.029757989227696614,0
Digitalis,Boloria_aquilonaris,0,3.72551040490609e-19,0
Digitalis,Boloria_selene,0,-0.029757989227696614,0
Digitalis,Boloria_dia,0,-0.029757989227696614,0
Digitalis,Boloria_euphrosyne,0,-0.029757989227696614,0
Digitalis,Boloria_titania,0,-0.029757989227696614,0
Digitalis,Apatura_iris,0,3.971743678964316e-40,0
Digitalis,Apatura_ilia,0,-4.567850011374007e-40,0
Digitalis,Araschnia_levana,0,-0.006281033157844935,0
Digitalis,Vanessa_cardui,0,-0.010567251193870291,0
Digitalis,Vanessa_atalanta,0,-0.006281033157844935,0
Digitalis,Aglais_io,0,-0.007513517298936331,0
Digitalis,Aglais_urticae,0,-0.006281033157844935,0
Digitalis,Nymphalis_polychloros,0,3.2110505748055704e-41,0
Digitalis,Nymphalis_antiopa,0,3.971743678964316e-40,0
Digitalis,Euphydryas_cynthia,0,0.06044896369952397,0
Digitalis,Euphydryas_intermedia,0,-3.726186639789497e-42,0
Digitalis,Melitaea_didyma,0,0.3290540813015274,1
Digitalis,Melitaea_phoebe,0,0.02473790569129389,0
Digitalis,Melitaea_cinxia,0,0.15625419781650096,1
Digitalis,Melitaea_diamina,0,0,0
Digitalis,Melitaea_aurelia,0,0.09020695292722063,1
Digitalis,Melitaea_varia,0,0.09020695292722063,1
Digitalis,Melitaea_parthenoides,0,0.1221329496860041,1
Digitalis,Melitaea_deione,0,0.04786677093627691,0
Digitalis,Melitaea_athalia,1,0.2899535923223679,1
Digitalis,Melitaea_britomartis,0,0.15625419781650096,1
Digitalis,Libythea_celtis,0,-3.7097976823717795e-40,0
Digitalis,Lasiommata_maera,0,-1.673515979992375e-16,0
Digitalis,Lasiommata_petropolitana,0,-1.609215293006043e-16,0
Digitalis,Lasiommata_megera,0,-6.375613909051757e-17,0
Digitalis,Lopinga_achine,0,-1.5689243387481516e-17,0
Digitalis,Coenonympha_glycerion,0,-2.1815966426220831e-16,0
Digitalis,Coenonympha_pamphilus,0,2.928516973086605e-17,0
Digitalis,Coenonympha_tullia,0,1.4655035616702265e-16,0
Digitalis,Melanargia_galathea,0,-1.1529518716691342e-16,0
Digitalis,Hipparchia_statilinus,0,-1.1119261568214485e-16,0
Digitalis,Hipparchia_fagi,0,-6.375613909051757e-17,0
Digitalis,Hipparchia_semele,0,-1.609215293006043e-16,0
Digitalis,Oeneis_glacialis,0,-1.609215293006043e-16,0
Digitalis,Brintesia_circe,0,-6.375613909051757e-17,0
Digitalis,Satyrus_ferula,0,-1.609215293006043e-16,0
Digitalis,Hyponephele_lycaon,0,-1.7398519772813605e-16,0
Digitalis,Aphantopus_hyperantus,0,-6.375613909051757e-17,0
Digitalis,Maniola_jurtina,0,-6.375613909051757e-17,0
Digitalis,Erebia_nivalis,0,-1.609215293006043e-16,0
Digitalis,Erebia_tyndarus,0,-5.1539825682239035e-17,0
Digitalis,Erebia_christi,0,-1.609215293006043e-16,0
Digitalis,Erebia_pharte,0,4.234684349160458e-17,0
Digitalis,Erebia_epiphron,0,-1.609215293006043e-16,0
Digitalis,Erebia_meolans,0,-1.609215293006043e-16,0
Digitalis,Erebia_triarius,0,-1.7398519772813605e-16,0
Digitalis,Erebia_medusa,0,-2.5549727654332704e-16,0
Digitalis,Erebia_aethiops,0,2.4789209697262473e-16,0
Digitalis,Erebia_pandrose,0,-2.2582270917384952e-17,0
Digitalis,Erebia_flavofasciata,0,-1.609215293006043e-16,0
Digitalis,Erebia_gorge,0,5.436423235197251e-17,0
Digitalis,Erebia_pluto,0,5.436423235197251e-17,0
Digitalis,Erebia_sudetica,0,-1.0122964635595675e-16,0
Digitalis,Erebia_melampus,0,3.63174794122238e-17,0
Digitalis,Erebia_manto,0,3.492387502478893e-16,0
Digitalis,Erebia_eriphyle,0,2.682314507124136e-16,0
Digitalis,Erebia_euryale,0,5.662271385139882e-16,0
Digitalis,Erebia_ligea,0,3.0734191015690057e-16,0
Digitalis,Erebia_oeme,0,4.0404861403540266e-16,0
Digitalis,Erebia_mnestra,0,-8.800396379953155e-17,0
Digitalis,Erebia_styx,0,8.332979943595564e-17,0
Melampyrum,Parnassius_mnemosyne,0,0,0
Melampyrum,Parnassius_apollo,0,0,0
Melampyrum,Parnassius_phoebus,0,0,0
Melampyrum,Iphiclides_podalirius,0,-1.308100458487798e-35,0
Melampyrum,Papilio_machaon,0,-3.986072884465877e-20,0
Melampyrum,Carcharodus_alceae,0,2.4909484790425184e-20,0
Melampyrum,Spialia_sertorius,0,-6.2528292135161486e-21,0
Melampyrum,Erynnis_tages,0,8.868475801473146e-18,0
Melampyrum,Pyrgus_carthami,0,3.4939416744844036e-18,0
Melampyrum,Pyrgus_malvae,0,3.770262558646954e-18,0
Melampyrum,Pyrgus_andromedae,0,-1.3857623646730966e-17,0
Melampyrum,Pyrgus_cacaliae,0,2.0784995153556918e-17,0
Melampyrum,Pyrgus_serratulae,0,6.533144029134339e-19,0
Melampyrum,Pyrgus_armoricanus,0,5.065203593197867e-17,0
Melampyrum,Pyrgus_cirsii,0,1.9591602172615957e-17,0
Melampyrum,Pyrgus_carlinae,0,-3.662914712156544e-17,0
Melampyrum,Pyrgus_alveus,0,-5.0891738845366715e-17,0
Melampyrum,Heteropterus_morpheus,0,1.7455243074880466e-17,0
Melampyrum,Carterocephalus_palaemon,0,-4.465265410590163e-17,0
Melampyrum,Thymelicus_acteon,0,-3.9081906194987485e-17,0
Melampyrum,Thymelicus_sylvestris,0,-2.9654184846498036e-16,0
Melampyrum,Thymelicus_lineola,0,-2.985826111121596e-16,0
Melampyrum,Ochlodes_sylvanus,0,4.765779624730374e-17,0
Melampyrum,Hesperia_comma,0,1.911154850251718e-17,0
Melampyrum,Gonepteryx_rhamni,0,8.608913904570008e-18,0
Melampyrum,Colias_alfacariensis,0,1.8631939412297368e-17,0
Melampyrum,Colias_phicomone,0,-4.8207242606070825e-18,0
Melampyrum,Colias_palaeno,0,4.056829152201963e-18,0
Melampyrum,Anthocharis_cardamines,0,-9.447246602858252e-17,0
Melampyrum,Aporia_crataegi,0,9.696559377645277e-20,0
Melampyrum,Pontia_callidice,0,-1.9731477914363646e-16,0
Melampyrum,Pieris_brassicae,0,8.721028853299832e-19,0
Melampyrum,Pieris_mannii,0,1.0361123663608268e-17,0
Melampyrum,Pieris_bryoniae,0,-2.0392027489603468e-16,0
Melampyrum,Hamearis_lucina,0,-8.268020814385863e-17,0
Melampyrum,Lycaena_phlaeas,0,-4.967582304721794e-18,0
Melampyrum,Lycaena_virgaureae,0,-1.7979884826573874e-18,0
Melampyrum,Lycaena_helle,0,2.3832567180256763e-17,0
Melampyrum,Lycaena_alciphron,0,1.7944164123205158e-18,0
Melampyrum,Lycaena_dispar,0,8.283812306233413e-19,0
Melampyrum,Lycaena_hippothoe,0,6.725752021168059e-19,0
Melampyrum,Thecla_betulae,0,-2.3755616039568988e-18,0
Melampyrum,Favonius_quercus,0,-4.093391268982998e-32,0
Melampyrum,Satyrium_acaciae,0,2.148844998819329e-18,0
Melampyrum,Satyrium_spini,0,2.7117628744759028e-18,0
Melampyrum,Satyrium_ilicis,0,-1.669416077448415e-18,0
Melampyrum,Lampides_boeticus,0,-7.630789675213927e-18,0
Melampyrum,Celastrina_argiolus,0,-3.9894189515468433e-19,0
Melampyrum,Phengaris_arion,0,-5.434311699371477e-22,0
Melampyrum,Phengaris_teleius,0,-1.4304700236609722e-20,0
Melampyrum,Phengaris_nausithous,0,-8.422507600646008e-20,0
Melampyrum,Scolitantides_orion,0,1.6982220003507141e-23,0
Melampyrum,Iolana_iolas,0,-8.923140737023064e-18,0
Melampyrum,Glaucopsyche_alexis,0,5.124636161031959e-18,0
Melampyrum,Pseudophilotes_baton,0,1.088752649257674e-22,0
Melampyrum,Leptotes_pirithous,0,-5.941751753451201e-17,0
Melampyrum,Cupido_argiades,0,-1.6433051730666726e-17,0
Melampyrum,Cupido_alcetas,0,-7.341276168961262e-17,0
Melampyrum,Cupido_osiris,0,-1.7027799885203958e-17,0
Melampyrum,Cupido_minimus,0,-2.975108773867036e-17,0
Melampyrum,Plebejus_argus,0,-6.927594426195737e-18,0
Melampyrum,Plebejus_idas,0,3.0995291946722853e-17,0
Melampyrum,Plebejus_argyrognomon,0,-1.3803773995181563e-17,0
Melampyrum,Cyaniris_semiargus,0,3.992334597050977e-17,0
Melampyrum,Aricia_nicias,0,-1.001320758816124e-17,0
Melampyrum,Aricia_artaxerxes,0,-5.912897070851633e-17,0
Melampyrum,Aricia_agestis,0,5.717399047658775e-17,0
Melampyrum,Polyommatus_escheri,0,2.6977113977183413e-17,0
Melampyrum,Polyommatus_thersites,0,-2.3932413174231775e-17,0
Melampyrum,Polyommatus_amandus,0,8.030616382939561e-17,0
Melampyrum,Polyommatus_icarus,0,-2.1418313889224952e-17,0
Melampyrum,Polyommatus_eros,0,8.782092400865391e-18,0
Melampyrum,Polyommatus_dorylas,0,-6.70400268105248e-17,0
Melampyrum,Polyommatus_damon,0,-2.3932413174231775e-17,0
Melampyrum,Neptis_rivularis,0,-1.1017197556601163e-20,0
Melampyrum,Limenitis_populi,0,-3.4247201754466875e-40,0
Melampyrum,Limenitis_reducta,0,-5.042558502033099e-45,0
Melampyrum,Limenitis_camilla,0,-1.432556992788524e-41,0
Melampyrum,Issoria_lathonia,0,-0.029757989227696614,0
Melampyrum,Brenthis_ino,0,6.0466193378231815e-19,0
Melampyrum,Argynnis_paphia,0,-0.029757989227696614,0
Melampyrum,Fabriciana_adippe,0,-0.029757989227696614,0
Melampyrum,Boloria_pales,0,0.06044896369952397,0
Melampyrum,Boloria_napaea,0,-0.029757989227696614,0
Melampyrum,Boloria_aquilonaris,0,3.72551040490609e-19,0
Melampyrum,Boloria_selene,0,-0.029757989227696614,0
Melampyrum,Boloria_dia,0,-0.029757989227696614,0
Melampyrum,Boloria_euphrosyne,0,-0.029757989227696614,0
Melampyrum,Boloria_titania,0,-0.029757989227696614,0
Melampyrum,Apatura_iris,0,3.971743678964316e-40,0
Melampyrum,Apatura_ilia,0,-4.567850011374007e-40,0
Melampyrum,Araschnia_levana,0,-0.006281033157844935,0
Melampyrum,Vanessa_cardui,0,-0.010567251193870291,0
Melampyrum,Vanessa_atalanta,0,-0.006281033157844935,0
Melampyrum,Aglais_io,0,-0.007513517298936331,0
Melampyrum,Aglais_urticae,0,-0.006281033157844935,0
Melampyrum,Nymphalis_polychloros,0,3.2110505748055704e-41,0
Melampyrum,Nymphalis_antiopa,0,3.971743678964316e-40,0
Melampyrum,Euphydryas_cynthia,0,0.06044896369952397,0
Melampyrum,Euphydryas_intermedia,0,-3.726186639789497e-42,0
Melampyrum,Melitaea_didyma,0,0.3290540813015274,1
Melampyrum,Melitaea_phoebe,0,0.02473790569129389,0
Melampyrum,Melitaea_cinxia,0,0.15625419781650096,1
Melampyrum,Melitaea_diamina,0,0,0
Melampyrum,Melitaea_aurelia,0,0.09020695292722063,1
Melampyrum,Melitaea_varia,0,0.09020695292722063,1
Melampyrum,Melitaea_parthenoides,0,0.1221329496860041,1
Melampyrum,Melitaea_deione,0,0.04786677093627691,0
Melampyrum,Melitaea_athalia,1,0.2899535923223679,1
Melampyrum,Melitaea_britomartis,0,0.15625419781650096,1
Melampyrum,Libythea_celtis,0,-3.7097976823717795e-40,0
Melampyrum,Lasiommata_maera,0,-1.673515979992375e-16,0
Melampyrum,Lasiommata_petropolitana,0,-1.609215293006043e-16,0
Melampyrum,Lasiommata_megera,0,-6.375613909051757e-17,0
Melampyrum,Lopinga_achine,0,-1.5689243387481516e-17,0
Melampyrum,Coenonympha_glycerion,0,-2.1815966426220831e-16,0
Melampyrum,Coenonympha_pamphilus,0,2.928516973086605e-17,0
Melampyrum,Coenonympha_tullia,0,1.4655035616702265e-16,0
Melampyrum,Melanargia_galathea,0,-1.1529518716691342e-16,0
Melampyrum,Hipparchia_statilinus,0,-1.1119261568214485e-16,0
Melampyrum,Hipparchia_fagi,0,-6.375613909051757e-17,0
Melampyrum,Hipparchia_semele,0,-1.609215293006043e-16,0
Melampyrum,Oeneis_glacialis,0,-1.609215293006043e-16,0
Melampyrum,Brintesia_circe,0,-6.375613909051757e-17,0
Melampyrum,Satyrus_ferula,0,-1.609215293006043e-16,0
Melampyrum,Hyponephele_lycaon,0,-1.7398519772813605e-16,0
Melampyrum,Aphantopus_hyperantus,0,-6.375613909051757e-17,0
Melampyrum,Maniola_jurtina,0,-6.375613909051757e-17,0
Melampyrum,Erebia_nivalis,0,-1.609215293006043e-16,0
Melampyrum,Erebia_tyndarus,0,-5.1539825682239035e-17,0
Melampyrum,Erebia_christi,0,-1.609215293006043e-16,0
Melampyrum,Erebia_pharte,0,4.234684349160458e-17,0
Melampyrum,Erebia_epiphron,0,-1.609215293006043e-16,0
Melampyrum,Erebia_meolans,0,-1.609215293006043e-16,0
Melampyrum,Erebia_triarius,0,-1.7398519772813605e-16,0
Melampyrum,Erebia_medusa,0,-2.5549727654332704e-16,0
Melampyrum,Erebia_aethiops,0,2.4789209697262473e-16,0
Melampyrum,Erebia_pandrose,0,-2.2582270917384952e-17,0
Melampyrum,Erebia_flavofasciata,0,-1.609215293006043e-16,0
Melampyrum,Erebia_gorge,0,5.436423235197251e-17,0
Melampyrum,Erebia_pluto,0,5.436423235197251e-17,0
Melampyrum,Erebia_sudetica,0,-1.0122964635595675e-16,0
Melampyrum,Erebia_melampus,0,3.63174794122238e-17,0
Melampyrum,Erebia_manto,0,3.492387502478893e-16,0
Melampyrum,Erebia_eriphyle,0,2.682314507124136e-16,0
Melampyrum,Erebia_euryale,0,5.662271385139882e-16,0
Melampyrum,Erebia_ligea,0,3.0734191015690057e-16,0
Melampyrum,Erebia_oeme,0,4.0404861403540266e-16,0
Melampyrum,Erebia_mnestra,0,-8.800396379953155e-17,0
Melampyrum,Erebia_styx,0,8.332979943595564e-17,0
Deschampsia,Parnassius_mnemosyne,0,0,0
Deschampsia,Parnassius_apollo,0,0,0
Deschampsia,Parnassius_phoebus,0,0,0
Deschampsia,Iphiclides_podalirius,0,-3.565376272628119e-34,0
Deschampsia,Papilio_machaon,0,1.527406435269655e-16,0
Deschampsia,Carcharodus_alceae,0,5.1399435788078895e-18,0
Deschampsia,Spialia_sertorius,0,6.754977998859232e-18,0
Deschampsia,Erynnis_tages,0,-5.583152613573644e-17,0
Deschampsia,Pyrgus_carthami,0,1.7011334870323813e-16,0
Deschampsia,Pyrgus_malvae,0,-2.3544398146742418e-16,0
Deschampsia,Pyrgus_andromedae,0,-1.549780930044773e-17,0
Deschampsia,Pyrgus_cacaliae,0,7.439248733189036e-17,0
Deschampsia,Pyrgus_serratulae,0,-8.172431980316177e-17,0
Deschampsia,Pyrgus_armoricanus,0,2.8656347231833014e-17,0
Deschampsia,Pyrgus_cirsii,0,-7.861304366988196e-17,0
Deschampsia,Pyrgus_carlinae,0,7.371220585551164e-17,0
Deschampsia,Pyrgus_alveus,0,4.901017075032357e-17,0
Deschampsia,Heteropterus_morpheus,0,-5.182887170700094e-5,0
Deschampsia,Carterocephalus_palaemon,0,0.030168050367525408,0
Deschampsia,Thymelicus_acteon,0,0.0604703015046642,0
Deschampsia,Thymelicus_sylvestris,0,0.1444892438097902,1
Deschampsia,Thymelicus_lineola,0,-0.020182983849234788,0
Deschampsia,Ochlodes_sylvanus,0,-0.04167749281656136,0
Deschampsia,Hesperia_comma,0,-0.009524858076544606,0
Deschampsia,Gonepteryx_rhamni,0,1.1642099396511305e-16,0
Deschampsia,Colias_alfacariensis,0,1.5818239847513027e-17,0
Deschampsia,Colias_phicomone,0,-1.9254089342676123e-18,0
Deschampsia,Colias_palaeno,0,-4.448936801878764e-17,0
Deschampsia,Anthocharis_cardamines,0,-9.43847352631575e-17,0
Deschampsia,Aporia_crataegi,0,-5.652377150765621e-17,0
Deschampsia,Pontia_callidice,0,-1.7803108767267251e-16,0
Deschampsia,Pieris_brassicae,0,5.894134803437574e-17,0
Deschampsia,Pieris_mannii,0,-6.3418567111051e-17,0
Deschampsia,Pieris_bryoniae,0,4.3221588640223774e-17,0
Deschampsia,Hamearis_lucina,0,-1.8578692643116793e-17,0
Deschampsia,Lycaena_phlaeas,0,-1.3328632112411073e-17,0
Deschampsia,Lycaena_virgaureae,0,-5.625257696365605e-17,0
Deschampsia,Lycaena_helle,0,1.0388787943983706e-17,0
Deschampsia,Lycaena_alciphron,0,-6.636710950183813e-17,0
Deschampsia,Lycaena_dispar,0,-3.8684235418113834e-17,0
Deschampsia,Lycaena_hippothoe,0,-4.659042073532101e-17,0
Deschampsia,Thecla_betulae,0,-1.3273669888163428e-16,0
Deschampsia,Favonius_quercus,0,-7.823654862852062e-19,0
Deschampsia,Satyrium_acaciae,0,-1.2937602406433964e-16,0
Deschampsia,Satyrium_spini,0,1.2391399597385994e-17,0
Deschampsia,Satyrium_ilicis,0,-4.640775082138994e-20,0
Deschampsia,Lampides_boeticus,0,-1.451109881546502e-17,0
Deschampsia,Celastrina_argiolus,0,1.973860552634881e-17,0
Deschampsia,Phengaris_arion,0,-8.31023188511071e-22,0
Deschampsia,Phengaris_teleius,0,2.6065568378803215e-17,0
Deschampsia,Phengaris_nausithous,0,2.6065568378803218e-17,0
Deschampsia,Scolitantides_orion,0,-4.3776065536205056e-24,0
Deschampsia,Iolana_iolas,0,-1.267063694526235e-17,0
Deschampsia,Glaucopsyche_alexis,0,2.552982139793151e-16,0
Deschampsia,Pseudophilotes_baton,0,4.177610516831205e-23,0
Deschampsia,Leptotes_pirithous,0,4.8159255679073895e-17,0
Deschampsia,Cupido_argiades,0,1.7048720527872053e-17,0
Deschampsia,Cupido_alcetas,0,8.345354867804595e-17,0
Deschampsia,Cupido_osiris,0,8.808657603104658e-17,0
Deschampsia,Cupido_minimus,0,1.3275019478368502e-16,0
Deschampsia,Plebejus_argus,0,-3.740794964819836e-18,0
Deschampsia,Plebejus_idas,0,-8.979937703354808e-17,0
Deschampsia,Plebejus_argyrognomon,0,-3.731420782060457e-17,0
Deschampsia,Cyaniris_semiargus,0,-2.1186090553445355e-16,0
Deschampsia,Aricia_nicias,0,6.95279827455194e-17,0
Deschampsia,Aricia_artaxerxes,0,-3.479264595285684e-18,0
Deschampsia,Aricia_agestis,0,1.0640162640475871e-17,0
Deschampsia,Polyommatus_escheri,0,-5.457475641937597e-17,0
Deschampsia,Polyommatus_thersites,0,1.3216539670400324e-17,0
Deschampsia,Polyommatus_amandus,0,-1.504550954324942e-16,0
Deschampsia,Polyommatus_icarus,0,5.30869472396869e-17,0
Deschampsia,Polyommatus_eros,0,3.0439893961692612e-18,0
Deschampsia,Polyommatus_dorylas,0,1.1965393924667702e-16,0
Deschampsia,Polyommatus_damon,0,1.3216539670400324e-17,0
Deschampsia,Neptis_rivularis,0,1.519951813241485e-17,0
Deschampsia,Limenitis_populi,0,-1.2906609612450202e-39,0
Deschampsia,Limenitis_reducta,0,-9.588340590489319e-40,0
Deschampsia,Limenitis_camilla,0,8.25495329780101e-40,0
Deschampsia,Issoria_lathonia,0,3.218845988565798e-18,0
Deschampsia,Brenthis_ino,0,-7.101416376434381e-18,0
Deschampsia,Argynnis_paphia,0,3.218845988565798e-18,0
Deschampsia,Fabriciana_adippe,0,3.218845988565798e-18,0
Deschampsia,Boloria_pales,0,8.196419877907996e-18,0
Deschampsia,Boloria_napaea,0,3.218845988565798e-18,0
Deschampsia,Boloria_aquilonaris,0,-6.219048110698483e-18,0
Deschampsia,Boloria_selene,0,3.218845988565798e-18,0
Deschampsia,Boloria_dia,0,3.218845988565798e-18,0
Deschampsia,Boloria_euphrosyne,0,3.218845988565798e-18,0
Deschampsia,Boloria_titania,0,3.218845988565798e-18,0
Deschampsia,Apatura_iris,0,2.1802216140536894e-40,0
Deschampsia,Apatura_ilia,0,4.800222396496187e-40,0
Deschampsia,Araschnia_levana,0,5.325197719169431e-16,0
Deschampsia,Vanessa_cardui,0,1.1039148521651796e-15,0
Deschampsia,Vanessa_atalanta,0,5.325197719169431e-16,0
Deschampsia,Aglais_io,0,6.3396220801678e-16,0
Deschampsia,Aglais_urticae,0,5.325197719169431e-16,0
Deschampsia,Nymphalis_polychloros,0,-4.0692899520057696e-40,0
Deschampsia,Nymphalis_antiopa,0,2.1802216140536894e-40,0
Deschampsia,Euphydryas_cynthia,0,8.196419877907996e-18,0
Deschampsia,Euphydryas_intermedia,0,2.153072639070304e-40,0
Deschampsia,Melitaea_didyma,0,3.5384852122453714e-16,0
Deschampsia,Melitaea_phoebe,0,2.7109921014504894e-16,0
Deschampsia,Melitaea_cinxia,0,1.1481700105885334e-16,0
Deschampsia,Melitaea_diamina,0,0,0
Deschampsia,Melitaea_aurelia,0,1.2291073073355505e-17,0
Deschampsia,Melitaea_varia,0,1.2291073073355505e-17,0
Deschampsia,Melitaea_parthenoides,0,8.494846826056351e-17,0
Deschampsia,Melitaea_deione,0,5.258332369592281e-17,0
Deschampsia,Melitaea_athalia,0,1.9415617414175548e-16,0
Deschampsia,Melitaea_britomartis,0,1.1481700105885334e-16,0
Deschampsia,Libythea_celtis,0,-2.8438272927863034e-40,0
Deschampsia,Lasiommata_maera,0,-0.03347390614586372,0
Deschampsia,Lasiommata_petropolitana,0,-0.03649833656695115,0
Deschampsia,Lasiommata_megera,0,-0.06798256716745137,0
Deschampsia,Lopinga_achine,1,0.0780383174309921,1
Deschampsia,Coenonympha_glycerion,0,0.11968562535921587,1
Deschampsia,Coenonympha_pamphilus,0,0.06356270351939167,0
Deschampsia,Coenonympha_tullia,0,0.15053328164643986,1
Deschampsia,Melanargia_galathea,0,-0.0467919500218665,0
Deschampsia,Hipparchia_statilinus,0,-0.08848408841655471,0
Deschampsia,Hipparchia_fagi,0,-0.06798256716745137,0
Deschampsia,Hipparchia_semele,0,-0.03649833656695115,0
Deschampsia,Oeneis_glacialis,0,-0.03649833656695115,0
Deschampsia,Brintesia_circe,0,-0.06798256716745137,0
Deschampsia,Satyrus_ferula,0,-0.03649833656695115,0
Deschampsia,Hyponephele_lycaon,0,-0.05699985781605439,0
Deschampsia,Aphantopus_hyperantus,0,-0.06798256716745137,0
Deschampsia,Maniola_jurtina,0,-0.06798256716745137,0
Deschampsia,Erebia_nivalis,0,-0.03649833656695115,0
Deschampsia,Erebia_tyndarus,0,0.07478207528786306,1
Deschampsia,Erebia_christi,0,-0.03649833656695115,0
Deschampsia,Erebia_pharte,0,0.11032169458039665,1
Deschampsia,Erebia_epiphron,0,-0.03649833656695115,0
Deschampsia,Erebia_meolans,0,-0.03649833656695115,0
Deschampsia,Erebia_triarius,0,-0.05699985781605439,0
Deschampsia,Erebia_medusa,0,-0.1044809037344026,0
Deschampsia,Erebia_aethiops,0,0.37621844601115934,1
Deschampsia,Erebia_pandrose,0,-0.023506738037280872,0
Deschampsia,Erebia_flavofasciata,0,-0.03649833656695115,0
Deschampsia,Erebia_gorge,0,0.03006191696522565,0
Deschampsia,Erebia_pluto,0,0.03006191696522565,0
Deschampsia,Erebia_sudetica,0,0.06653761646528558,0
Deschampsia,Erebia_melampus,0,0.12835073029036972,1
Deschampsia,Erebia_manto,0,0.3034246391820912,1
Deschampsia,Erebia_eriphyle,1,0.2984592256424141,1
Deschampsia,Erebia_euryale,1,0.492849694848103,1
Deschampsia,Erebia_ligea,0,0.22009424691985793,1
Deschampsia,Erebia_oeme,0,0.27353254034920527,1
Deschampsia,Erebia_mnestra,0,-0.031751196859858416,0
Deschampsia,Erebia_styx,0,0.004747139707092617,0
Briza,Parnassius_mnemosyne,0,0,0
Briza,Parnassius_apollo,0,0,0
Briza,Parnassius_phoebus,0,0,0
Briza,Iphiclides_podalirius,0,-7.555352321202374e-34,0
Briza,Papilio_machaon,0,3.2123113219297577e-16,0
Briza,Carcharodus_alceae,0,1.3049405184160976e-17,0
Briza,Spialia_sertorius,0,2.8358142707319556e-17,0
Briza,Erynnis_tages,0,-3.7926312247138827e-17,0
Briza,Pyrgus_carthami,0,3.70313135131951e-16,0
Briza,Pyrgus_malvae,0,-4.1847516420463793e-16,0
Briza,Pyrgus_andromedae,0,3.8157333618873623e-17,0
Briza,Pyrgus_cacaliae,0,1.6417689558790478e-16,0
Briza,Pyrgus_serratulae,0,-3.363174075949518e-16,0
Briza,Pyrgus_armoricanus,0,8.889830907106246e-18,0
Briza,Pyrgus_cirsii,0,-9.419509422385783e-17,0
Briza,Pyrgus_carlinae,0,1.2593879145138774e-16,0
Briza,Pyrgus_alveus,0,8.62266898119335e-17,0
Briza,Heteropterus_morpheus,0,0.05569023154367258,0
Briza,Carterocephalus_palaemon,0,0.0775295771426404,1
Briza,Thymelicus_acteon,0,0.18093085409205167,1
Briza,Thymelicus_sylvestris,0,0.3227949701232045,1
Briza,Thymelicus_lineola,0,0.051374067085785576,0
Briza,Ochlodes_sylvanus,0,0.3174715545386859,1
Briza,Hesperia_comma,0,0.060321751407958195,0
Briza,Gonepteryx_rhamni,0,6.682226333143456e-17,0
Briza,Colias_alfacariensis,0,1.0065951217542304e-16,0
Briza,Colias_phicomone,0,-2.0889740027598974e-16,0
Briza,Colias_palaeno,0,-7.274450236579878e-17,0
Briza,Anthocharis_cardamines,0,-2.459748208854352e-16,0
Briza,Aporia_crataegi,0,-1.1825499631789234e-16,0
Briza,Pontia_callidice,0,-2.3824148544255825e-16,0
Briza,Pieris_brassicae,0,1.224228221196205e-16,0
Briza,Pieris_mannii,0,-7.98968540740031e-17,0
Briza,Pieris_bryoniae,0,6.142195046783275e-17,0
Briza,Hamearis_lucina,0,-3.954229063778635e-17,0
Briza,Lycaena_phlaeas,0,-1.401093088820314e-16,0
Briza,Lycaena_virgaureae,0,-2.582914312535432e-16,0
Briza,Lycaena_helle,0,3.4377274360466564e-17,0
Briza,Lycaena_alciphron,0,-1.5785940527229053e-16,0
Briza,Lycaena_dispar,0,-1.9531400259139142e-16,0
Briza,Lycaena_hippothoe,0,-1.6996084521877004e-16,0
Briza,Thecla_betulae,0,-2.6316848881912746e-16,0
Briza,Favonius_quercus,0,-4.10382634873956e-18,0
Briza,Satyrium_acaciae,0,-2.478228910058485e-16,0
Briza,Satyrium_spini,0,3.8584561237766986e-18,0
Briza,Satyrium_ilicis,0,-2.4827793505646656e-19,0
Briza,Lampides_boeticus,0,-8.685785656207493e-17,0
Briza,Celastrina_argiolus,0,6.5228527251626456e-18,0
Briza,Phengaris_arion,0,-4.101080437687973e-21,0
Briza,Phengaris_teleius,0,5.297577871124611e-17,0
Briza,Phengaris_nausithous,0,5.2975778711246125e-17,0
Briza,Scolitantides_orion,0,-2.1340506724546277e-23,0
Briza,Iolana_iolas,0,-7.751132154061363e-17,0
Briza,Glaucopsyche_alexis,0,4.110428931358622e-16,0
Briza,Pseudophilotes_baton,0,2.0472151759021142e-22,0
Briza,Leptotes_pirithous,0,1.6524612948066681e-16,0
Briza,Cupido_argiades,0,1.193153715283044e-16,0
Briza,Cupido_alcetas,0,1.238050453514838e-16,0
Briza,Cupido_osiris,0,4.353989260601383e-17,0
Briza,Cupido_minimus,0,1.3107420926640579e-16,0
Briza,Plebejus_argus,0,-1.0604027465861421e-16,0
Briza,Plebejus_idas,0,-7.466273885329747e-17,0
Briza,Plebejus_argyrognomon,0,-2.395954381608955e-18,0
Briza,Cyaniris_semiargus,0,-2.923431661876682e-16,0
Briza,Aricia_nicias,0,1.8238373646183793e-16,0
Briza,Aricia_artaxerxes,0,8.830729986279743e-17,0
Briza,Aricia_agestis,0,9.082601824640686e-17,0
Briza,Polyommatus_escheri,0,4.146134637700151e-17,0
Briza,Polyommatus_thersites,0,4.36941263150526e-17,0
Briza,Polyommatus_amandus,0,-3.227374889236158e-16,0
Briza,Polyommatus_icarus,0,4.4985688399186115e-17,0
Briza,Polyommatus_eros,0,9.067304543076775e-17,0
Briza,Polyommatus_dorylas,0,5.579387371436118e-17,0
Briza,Polyommatus_damon,0,4.36941263150526e-17,0
Briza,Neptis_rivularis,0,4.2269016955754876e-17,0
Briza,Limenitis_populi,0,-6.376562586545661e-39,0
Briza,Limenitis_reducta,0,-4.741304974037194e-39,0
Briza,Limenitis_camilla,0,4.0820408132528845e-39,0
Briza,Issoria_lathonia,0,5.49084782891712e-17,0
Briza,Brenthis_ino,0,-3.4326041152112344e-18,0
Briza,Argynnis_paphia,0,5.49084782891712e-17,0
Briza,Fabriciana_adippe,0,5.49084782891712e-17,0
Briza,Boloria_pales,0,1.7311395206703167e-16,0
Briza,Boloria_napaea,0,5.49084782891712e-17,0
Briza,Boloria_aquilonaris,0,-5.502236632060329e-18,0
Briza,Boloria_selene,0,5.49084782891712e-17,0
Briza,Boloria_dia,0,5.49084782891712e-17,0
Briza,Boloria_euphrosyne,0,5.49084782891712e-17,0
Briza,Boloria_titania,0,5.49084782891712e-17,0
Briza,Apatura_iris,0,1.0718187312397606e-39,0
Briza,Apatura_ilia,0,2.3807278503008086e-39,0
Briza,Araschnia_levana,0,-4.169534753763344e-16,0
Briza,Vanessa_cardui,0,-8.673174375257305e-16,0
Briza,Vanessa_atalanta,0,-4.169534753763344e-16,0
Briza,Aglais_io,0,-4.961950269737033e-16,0
Briza,Aglais_urticae,0,-4.169534753763344e-16,0
Briza,Nymphalis_polychloros,0,-2.0126404597977776e-39,0
Briza,Nymphalis_antiopa,0,1.0718187312397606e-39,0
Briza,Euphydryas_cynthia,0,1.7311395206703167e-16,0
Briza,Euphydryas_intermedia,0,1.0646854975118012e-39,0
Briza,Melitaea_didyma,0,3.026973336016534e-16,0
Briza,Melitaea_phoebe,0,-2.20709907449496e-16,0
Briza,Melitaea_cinxia,0,1.9593630306493395e-16,0
Briza,Melitaea_diamina,0,0,0
Briza,Melitaea_aurelia,0,8.853542797231436e-17,0
Briza,Melitaea_varia,0,8.853542797231436e-17,0
Briza,Melitaea_parthenoides,0,1.633576952825281e-16,0
Briza,Melitaea_deione,0,4.12209993520755e-17,0
Briza,Melitaea_athalia,0,2.75396320475455e-16,0
Briza,Melitaea_britomartis,0,1.9593630306493395e-16,0
Briza,Libythea_celtis,0,-1.400362087140059e-39,0
Briza,Lasiommata_maera,0,0.028782188809438974,0
Briza,Lasiommata_petropolitana,0,0.010833774960439484,0
Briza,Lasiommata_megera,0,-0.12570515867968013,0
Briza,Lopinga_achine,0,0.17548906766789046,1
Briza,Coenonympha_glycerion,1,0.37688475928350995,1
Briza,Coenonympha_pamphilus,0,-0.023382962664380537,0
Briza,Coenonympha_tullia,0,0.19571208845471355,1
Briza,Melanargia_galathea,0,-0.02341177408284777,0
Briza,Hipparchia_statilinus,0,-0.14782921241317554,0
Briza,Hipparchia_fagi,0,-0.12570515867968013,0
Briza,Hipparchia_semele,0,0.010833774960439484,0
Briza,Oeneis_glacialis,0,0.010833774960439484,0
Briza,Brintesia_circe,0,-0.12570515867968013,0
Briza,Satyrus_ferula,0,0.010833774960439484,0
Briza,Hyponephele_lycaon,0,-0.011290278773055743,0
Briza,Aphantopus_hyperantus,0,-0.12570515867968013,0
Briza,Maniola_jurtina,0,-0.12570515867968013,0
Briza,Erebia_nivalis,0,0.010833774960439484,0
Briza,Erebia_tyndarus,0,0.0742958116634317,1
Briza,Erebia_christi,0,0.010833774960439484,0
Briza,Erebia_pharte,0,0.18590858285145734,1
Briza,Erebia_epiphron,0,0.010833774960439484,0
Briza,Erebia_meolans,0,0.010833774960439484,0
Briza,Erebia_triarius,0,-0.011290278773055743,0
Briza,Erebia_medusa,0,-0.11487138371924077,0
Briza,Erebia_aethiops,1,0.639729523116962,1
Briza,Erebia_pandrose,0,0.03701224628964702,0
Briza,Erebia_flavofasciata,0,0.010833774960439484,0
Briza,Erebia_gorge,0,0.10181204317096422,1
Briza,Erebia_pluto,0,0.10181204317096422,1
Briza,Erebia_sudetica,0,0.0805704414807564,1
Briza,Erebia_melampus,0,0.13909560854474923,1
Briza,Erebia_manto,0,0.3096112712926522,1
Briza,Erebia_eriphyle,0,0.32428178729971735,1
Briza,Erebia_euryale,1,0.7625154516000753,1
Briza,Erebia_ligea,0,0.3992191129861108,1
Briza,Erebia_oeme,1,0.42544886552114497,1
Briza,Erebia_mnestra,0,0.04328687610697161,0
Briza,Erebia_styx,0,0.032453101146531986,0
Agrostis,Parnassius_mnemosyne,0,0,0
Agrostis,Parnassius_apollo,0,0,0
Agrostis,Parnassius_phoebus,0,0,0
Agrostis,Iphiclides_podalirius,0,-2.0402707891788973e-34,0
Agrostis,Papilio_machaon,0,7.326434933825393e-17,0
Agrostis,Carcharodus_alceae,0,1.0210273560715384e-17,0
Agrostis,Spialia_sertorius,0,-7.463156681693752e-19,0
Agrostis,Erynnis_tages,0,-7.064790702996191e-17,0
Agrostis,Pyrgus_carthami,0,-5.646473454421978e-17,0
Agrostis,Pyrgus_malvae,0,-1.6877749404857807e-16,0
Agrostis,Pyrgus_andromedae,0,-9.865900338388823e-17,0
Agrostis,Pyrgus_cacaliae,0,-1.0147339495719206e-16,0
Agrostis,Pyrgus_serratulae,0,2.5856118152597745e-16,0
Agrostis,Pyrgus_armoricanus,0,2.7076647572244193e-16,0
Agrostis,Pyrgus_cirsii,0,-1.391870952912499e-16,0
Agrostis,Pyrgus_carlinae,0,-6.68922871164969e-17,0
Agrostis,Pyrgus_alveus,0,-5.766816213390268e-17,0
Agrostis,Heteropterus_morpheus,0,-0.023825938926823536,0
Agrostis,Carterocephalus_palaemon,0,-0.06536409548174593,0
Agrostis,Thymelicus_acteon,0,-0.05943145319930808,0
Agrostis,Thymelicus_sylvestris,0,0.024187014427761416,0
Agrostis,Thymelicus_lineola,0,0.13281545104962614,1
Agrostis,Ochlodes_sylvanus,0,-0.06796536264446083,0
Agrostis,Hesperia_comma,0,0.11964696151205995,1
Agrostis,Gonepteryx_rhamni,0,2.071839805632339e-17,0
Agrostis,Colias_alfacariensis,0,3.3798574654535234e-17,0
Agrostis,Colias_phicomone,0,2.425467523586283e-18,0
Agrostis,Colias_palaeno,0,6.192015725685268e-18,0
Agrostis,Anthocharis_cardamines,0,1.1078473709568645e-16,0
Agrostis,Aporia_crataegi,0,-2.7920377109255123e-17,0
Agrostis,Pontia_callidice,0,2.482147709505593e-16,0
Agrostis,Pieris_brassicae,0,-5.043656533817978e-17,0
Agrostis,Pieris_mannii,0,-5.7258220585077406e-17,0
Agrostis,Pieris_bryoniae,0,3.616133055915411e-16,0
Agrostis,Hamearis_lucina,0,1.6418580049369523e-17,0
Agrostis,Lycaena_phlaeas,0,6.963420313218553e-17,0
Agrostis,Lycaena_virgaureae,0,1.6901893669766703e-16,0
Agrostis,Lycaena_helle,0,-4.199599556889983e-18,0
Agrostis,Lycaena_alciphron,0,8.462387759783722e-17,0
Agrostis,Lycaena_dispar,0,7.96529790079412e-17,0
Agrostis,Lycaena_hippothoe,0,7.220589228263658e-17,0
Agrostis,Thecla_betulae,0,-5.476237135651005e-17,0
Agrostis,Favonius_quercus,0,2.7492018590274953e-18,0
Agrostis,Satyrium_acaciae,0,-6.372801955117167e-17,0
Agrostis,Satyrium_spini,0,3.1327161499064607e-18,0
Agrostis,Satyrium_ilicis,0,1.7871198493712973e-19,0
Agrostis,Lampides_boeticus,0,2.430204883124855e-17,0
Agrostis,Celastrina_argiolus,0,3.2812657009199127e-18,0
Agrostis,Phengaris_arion,0,2.6214612457207335e-21,0
Agrostis,Phengaris_teleius,0,1.0648681858265792e-17,0
Agrostis,Phengaris_nausithous,0,1.0648681858265801e-17,0
Agrostis,Scolitantides_orion,0,1.3693572518095846e-23,0
Agrostis,Iolana_iolas,0,1.7544432037479826e-17,0
Agrostis,Glaucopsyche_alexis,0,3.7682901649090486e-17,0
Agrostis,Pseudophilotes_baton,0,-1.3140591193100098e-22,0
Agrostis,Leptotes_pirithous,0,3.9487124085927026e-17,0
Agrostis,Cupido_argiades,0,-5.118200071187285e-17,0
Agrostis,Cupido_alcetas,0,1.6622591956101866e-17,0
Agrostis,Cupido_osiris,0,2.429905936205189e-17,0
Agrostis,Cupido_minimus,0,4.4453135580873564e-17,0
Agrostis,Plebejus_argus,0,2.2326308696508137e-17,0
Agrostis,Plebejus_idas,0,-1.4376171633787466e-17,0
Agrostis,Plebejus_argyrognomon,0,1.901538210196711e-17,0
Agrostis,Cyaniris_semiargus,0,5.781787383303328e-17,0
Agrostis,Aricia_nicias,0,-2.9253658515726376e-17,0
Agrostis,Aricia_artaxerxes,0,4.317191312102723e-18,0
Agrostis,Aricia_agestis,0,-2.0952424258757973e-17,0
Agrostis,Polyommatus_escheri,0,-4.819476177749008e-17,0
Agrostis,Polyommatus_thersites,0,1.0079164097335199e-17,0
Agrostis,Polyommatus_amandus,0,4.6898876526687016e-17,0
Agrostis,Polyommatus_icarus,0,2.6664669034944604e-17,0
Agrostis,Polyommatus_eros,0,-1.0846266316735445e-17,0
Agrostis,Polyommatus_dorylas,0,8.155280461285018e-17,0
Agrostis,Polyommatus_damon,0,1.0079164097335199e-17,0
Agrostis,Neptis_rivularis,0,-2.6355855491716618e-18,0
Agrostis,Limenitis_populi,0,4.080481417483559e-39,0
Agrostis,Limenitis_reducta,0,3.031975807024349e-39,0
Agrostis,Limenitis_camilla,0,-2.610369305087274e-39,0
Agrostis,Issoria_lathonia,0,-5.372259965247341e-17,0
Agrostis,Brenthis_ino,0,-4.233928294510277e-18,0
Agrostis,Argynnis_paphia,0,-5.372259965247341e-17,0
Agrostis,Fabriciana_adippe,0,-5.372259965247341e-17,0
Agrostis,Boloria_pales,0,-1.1065237363570674e-16,0
Agrostis,Boloria_napaea,0,-5.372259965247341e-17,0
Agrostis,Boloria_aquilonaris,0,4.310350046688639e-18,0
Agrostis,Boloria_selene,0,-5.372259965247341e-17,0
Agrostis,Boloria_dia,0,-5.372259965247341e-17,0
Agrostis,Boloria_euphrosyne,0,-5.372259965247341e-17,0
Agrostis,Boloria_titania,0,-5.372259965247341e-17,0
Agrostis,Apatura_iris,0,-6.885088252466801e-40,0
Agrostis,Apatura_ilia,0,-1.518945650245319e-39,0
Agrostis,Araschnia_levana,0,-5.938328515993466e-17,0
Agrostis,Vanessa_cardui,0,-1.2035302296127532e-16,0
Agrostis,Vanessa_atalanta,0,-5.938328515993466e-17,0
Agrostis,Aglais_io,0,-7.049053738813688e-17,0
Agrostis,Aglais_urticae,0,-5.938328515993466e-17,0
Agrostis,Nymphalis_polychloros,0,1.28684222985536e-39,0
Agrostis,Nymphalis_antiopa,0,-6.885088252466801e-40,0
Agrostis,Euphydryas_cynthia,0,-1.1065237363570674e-16,0
Agrostis,Euphydryas_intermedia,0,-6.808414696770845e-40,0
Agrostis,Melitaea_didyma,0,1.0310362884461947e-16,0
Agrostis,Melitaea_phoebe,0,-9.191659548739508e-18,0
Agrostis,Melitaea_cinxia,0,2.7319974992029923e-17,0
Agrostis,Melitaea_diamina,0,0,0
Agrostis,Melitaea_aurelia,0,-7.446297142623522e-18,0
Agrostis,Melitaea_varia,0,-7.446297142623522e-18,0
Agrostis,Melitaea_parthenoides,0,-4.765520317076905e-19,0
Agrostis,Melitaea_deione,0,3.00327672447878e-17,0
Agrostis,Melitaea_athalia,0,1.0082577649213249e-16,0
Agrostis,Melitaea_britomartis,0,2.7319974992029923e-17,0
Agrostis,Libythea_celtis,0,8.984105229241664e-40,0
Agrostis,Lasiommata_maera,0,-0.031036995872017022,0
Agrostis,Lasiommata_petropolitana,0,-0.0013224037596161814,0
Agrostis,Lasiommata_megera,0,0.08968239087192309,1
Agrostis,Lopinga_achine,0,-0.051155590998818175,0
Agrostis,Coenonympha_glycerion,0,-0.15286871956356304,0
Agrostis,Coenonympha_pamphilus,1,0.30495273034779213,1
Agrostis,Coenonympha_tullia,0,-0.03484777043716248,0
Agrostis,Melanargia_galathea,0,0.04357671829920899,0
Agrostis,Hipparchia_statilinus,0,0.07083747348559728,1
Agrostis,Hipparchia_fagi,0,0.08968239087192309,1
Agrostis,Hipparchia_semele,0,-0.0013224037596161814,0
Agrostis,Oeneis_glacialis,0,-0.0013224037596161814,0
Agrostis,Brintesia_circe,0,0.08968239087192309,1
Agrostis,Satyrus_ferula,0,-0.0013224037596161814,0
Agrostis,Hyponephele_lycaon,0,-0.02016732114594205,0
Agrostis,Aphantopus_hyperantus,0,0.08968239087192309,1
Agrostis,Maniola_jurtina,0,0.08968239087192309,1
Agrostis,Erebia_nivalis,0,-0.0013224037596161814,0
Agrostis,Erebia_tyndarus,0,0.12312669875382916,1
Agrostis,Erebia_christi,0,-0.0013224037596161814,0
Agrostis,Erebia_pharte,0,0.017634482559545306,0
Agrostis,Erebia_epiphron,0,-0.0013224037596161814,0
Agrostis,Erebia_meolans,0,-0.0013224037596161814,0
Agrostis,Erebia_triarius,0,-0.02016732114594205,0
Agrostis,Erebia_medusa,0,0.08835998711230693,1
Agrostis,Erebia_aethiops,0,0.08011786134195807,1
Agrostis,Erebia_pandrose,0,0.03909821195203242,0
Agrostis,Erebia_flavofasciata,0,-0.0013224037596161814,0
Agrostis,Erebia_gorge,0,0.051922102500750335,0
Agrostis,Erebia_pluto,0,0.051922102500750335,0
Agrostis,Erebia_sudetica,0,0.07535189064553591,1
Agrostis,Erebia_melampus,0,0.135950589302547,1
Agrostis,Erebia_manto,0,0.10845507127303151,1
Agrostis,Erebia_eriphyle,0,0.04280645418991638,0
Agrostis,Erebia_euryale,0,0.0719118403282936,1
Agrostis,Erebia_ligea,0,-0.1005897300933895,0
Agrostis,Erebia_oeme,0,-0.022543944771068688,0
Agrostis,Erebia_mnestra,0,-0.008676596156260789,0
Agrostis,Erebia_styx,0,-0.007354192396644592,0
Eriophorum,Parnassius_mnemosyne,0,0,0
Eriophorum,Parnassius_apollo,0,0,0
Eriophorum,Parnassius_phoebus,0,0,0
Eriophorum,Iphiclides_podalirius,0,-2.3272917956645387e-35,0
Eriophorum,Papilio_machaon,0,9.287151244695527e-18,0
Eriophorum,Carcharodus_alceae,0,-2.548228623046648e-18,0
Eriophorum,Spialia_sertorius,0,-1.423559919492999e-18,0
Eriophorum,Erynnis_tages,0,4.977281204426497e-18,0
Eriophorum,Pyrgus_carthami,0,5.342799777148834e-17,0
Eriophorum,Pyrgus_malvae,0,-1.2261422331340467e-17,0
Eriophorum,Pyrgus_andromedae,0,2.5094926293662726e-17,0
Eriophorum,Pyrgus_cacaliae,0,5.404839359662118e-17,0
Eriophorum,Pyrgus_serratulae,0,-2.5018388907572124e-18,0
Eriophorum,Pyrgus_armoricanus,0,-3.1888933316406905e-17,0
Eriophorum,Pyrgus_cirsii,0,1.1977947329078564e-17,0
Eriophorum,Pyrgus_carlinae,0,1.9143986403975115e-18,0
Eriophorum,Pyrgus_alveus,0,-8.788036022561547e-18,0
Eriophorum,Heteropterus_morpheus,0,-0.0019402010220474252,0
Eriophorum,Carterocephalus_palaemon,0,0.030073765128317064,0
Eriophorum,Thymelicus_acteon,0,0.15774521742436226,1
Eriophorum,Thymelicus_sylvestris,0,-0.0635203742460603,0
Eriophorum,Thymelicus_lineola,0,-0.046241688673517835,0
Eriophorum,Ochlodes_sylvanus,0,-0.06638251824749666,0
Eriophorum,Hesperia_comma,0,-0.04174029437711567,0
Eriophorum,Gonepteryx_rhamni,0,4.3476688995243024e-17,0
Eriophorum,Colias_alfacariensis,0,5.605595386396369e-18,0
Eriophorum,Colias_phicomone,0,-2.3883123952510792e-17,0
Eriophorum,Colias_palaeno,0,-3.129293897916729e-17,0
Eriophorum,Anthocharis_cardamines,0,7.449493230181566e-17,0
Eriophorum,Aporia_crataegi,0,-3.798229654911324e-18,0
Eriophorum,Pontia_callidice,0,9.31476034930969e-17,0
Eriophorum,Pieris_brassicae,0,5.038167743979975e-17,0
Eriophorum,Pieris_mannii,0,4.4173855099553107e-17,0
Eriophorum,Pieris_bryoniae,0,1.9790942472544978e-16,0
Eriophorum,Hamearis_lucina,0,-8.110984747957333e-18,0
Eriophorum,Lycaena_phlaeas,0,1.0299976458057029e-17,0
Eriophorum,Lycaena_virgaureae,0,-2.7065695204731077e-17,0
Eriophorum,Lycaena_helle,0,-1.8763058569018443e-17,0
Eriophorum,Lycaena_alciphron,0,-4.1844886470519966e-17,0
Eriophorum,Lycaena_dispar,0,-1.7761210633367526e-18,0
Eriophorum,Lycaena_hippothoe,0,8.943378943036712e-18,0
Eriophorum,Thecla_betulae,0,-1.8306446420016767e-17,0
Eriophorum,Favonius_quercus,0,-1.965690891988944e-18,0
Eriophorum,Satyrium_acaciae,0,-1.407366605540177e-17,0
Eriophorum,Satyrium_spini,0,4.2820670024313206e-18,0
Eriophorum,Satyrium_ilicis,0,-1.4278471360002228e-19,0
Eriophorum,Lampides_boeticus,0,1.1785022204889495e-17,0
Eriophorum,Celastrina_argiolus,0,9.62526938104227e-18,0
Eriophorum,Phengaris_arion,0,-1.761494601100172e-21,0
Eriophorum,Phengaris_teleius,0,3.011647938599764e-18,0
Eriophorum,Phengaris_nausithous,0,3.0116479385997848e-18,0
Eriophorum,Scolitantides_orion,0,-9.323088832951987e-24,0
Eriophorum,Iolana_iolas,0,1.438041645706078e-17,0
Eriophorum,Glaucopsyche_alexis,0,4.300880914684295e-17,0
Eriophorum,Pseudophilotes_baton,0,8.931296678179443e-23,0
Eriophorum,Leptotes_pirithous,0,1.2863291008379085e-18,0
Eriophorum,Cupido_argiades,0,-2.883648132569129e-17,0
Eriophorum,Cupido_alcetas,0,-2.0948407976313475e-17,0
Eriophorum,Cupido_osiris,0,-5.551726500384026e-18,0
Eriophorum,Cupido_minimus,0,9.923736805482667e-17,0
Eriophorum,Plebejus_argus,0,9.824770929711212e-18,0
Eriophorum,Plebejus_idas,0,-4.1530941052096745e-18,0
Eriophorum,Plebejus_argyrognomon,0,-3.718455900603922e-17,0
Eriophorum,Cyaniris_semiargus,0,-4.848176631754751e-17,0
Eriophorum,Aricia_nicias,0,-1.764570970396367e-17,0
Eriophorum,Aricia_artaxerxes,0,-5.491525774696785e-17,0
Eriophorum,Aricia_agestis,0,-4.5406262118498123e-17,0
Eriophorum,Polyommatus_escheri,0,4.078236644341411e-18,0
Eriophorum,Polyommatus_thersites,0,-5.26830146568907e-17,0
Eriophorum,Polyommatus_amandus,0,-5.300889692205804e-17,0
Eriophorum,Polyommatus_icarus,0,1.8661514734902303e-17,0
Eriophorum,Polyommatus_eros,0,-3.534846547384321e-17,0
Eriophorum,Polyommatus_dorylas,0,2.7483735058653236e-17,0
Eriophorum,Polyommatus_damon,0,-5.26830146568907e-17,0
Eriophorum,Neptis_rivularis,0,2.8761886708604265e-18,0
Eriophorum,Limenitis_populi,0,-2.746551102574574e-39,0
Eriophorum,Limenitis_reducta,0,-2.0372350503962905e-39,0
Eriophorum,Limenitis_camilla,0,1.753910427485652e-39,0
Eriophorum,Issoria_lathonia,0,1.45970271914681e-17,0
Eriophorum,Brenthis_ino,0,-3.3136043025953215e-18,0
Eriophorum,Argynnis_paphia,0,1.45970271914681e-17,0
Eriophorum,Fabriciana_adippe,0,1.45970271914681e-17,0
Eriophorum,Boloria_pales,0,1.1630571615516592e-17,0
Eriophorum,Boloria_napaea,0,1.45970271914681e-17,0
Eriophorum,Boloria_aquilonaris,0,-3.446583571136677e-18,0
Eriophorum,Boloria_selene,0,1.45970271914681e-17,0
Eriophorum,Boloria_dia,0,1.45970271914681e-17,0
Eriophorum,Boloria_euphrosyne,0,1.45970271914681e-17,0
Eriophorum,Boloria_titania,0,1.45970271914681e-17,0
Eriophorum,Apatura_iris,0,4.679775732499241e-40,0
Eriophorum,Apatura_ilia,0,1.0145778480497257e-39,0
Eriophorum,Araschnia_levana,0,-8.45500568984582e-18,0
Eriophorum,Vanessa_cardui,0,-1.7123298067573628e-17,0
Eriophorum,Vanessa_atalanta,0,-8.45500568984582e-18,0
Eriophorum,Aglais_io,0,-1.0169605238699378e-17,0
Eriophorum,Aglais_urticae,0,-8.45500568984582e-18,0
Eriophorum,Nymphalis_polychloros,0,-8.642954669079376e-40,0
Eriophorum,Nymphalis_antiopa,0,4.679775732499241e-40,0
Eriophorum,Euphydryas_cynthia,0,1.1630571615516592e-17,0
Eriophorum,Euphydryas_intermedia,0,4.574583792329604e-40,0
Eriophorum,Melitaea_didyma,0,2.875756582709375e-17,0
Eriophorum,Melitaea_phoebe,0,-6.7631255579578e-18,0
Eriophorum,Melitaea_cinxia,0,1.1282201399928172e-17,0
Eriophorum,Melitaea_diamina,0,0,0
Eriophorum,Melitaea_aurelia,0,-5.112431910448552e-18,0
Eriophorum,Melitaea_varia,0,-5.112431910448552e-18,0
Eriophorum,Melitaea_parthenoides,0,4.858048945507731e-18,0
Eriophorum,Melitaea_deione,0,2.0484304213659832e-18,0
Eriophorum,Melitaea_athalia,0,-1.9815767519758525e-18,0
Eriophorum,Melitaea_britomartis,0,1.1282201399928172e-17,0
Eriophorum,Libythea_celtis,0,-6.086754153059767e-40,0
Eriophorum,Lasiommata_maera,0,0.03053630997934171,0
Eriophorum,Lasiommata_petropolitana,0,-0.0034769829788748935,0
Eriophorum,Lasiommata_megera,0,-0.011599530919187796,0
Eriophorum,Lopinga_achine,0,0.012674669347228171,0
Eriophorum,Coenonympha_glycerion,0,0.0023783075240393805,0
Eriophorum,Coenonympha_pamphilus,0,-0.0348477704371626,0
Eriophorum,Coenonympha_tullia,1,0.0903874860917949,1
Eriophorum,Melanargia_galathea,0,-0.010882570893629184,0
Eriophorum,Hipparchia_statilinus,0,0.032655858279585295,0
Eriophorum,Hipparchia_fagi,0,-0.011599530919187796,0
Eriophorum,Hipparchia_semele,0,-0.0034769829788748935,0
Eriophorum,Oeneis_glacialis,0,-0.0034769829788748935,0
Eriophorum,Brintesia_circe,0,-0.011599530919187796,0
Eriophorum,Satyrus_ferula,0,-0.0034769829788748935,0
Eriophorum,Hyponephele_lycaon,0,0.04077840621989824,0
Eriophorum,Aphantopus_hyperantus,0,-0.011599530919187796,0
Eriophorum,Maniola_jurtina,0,-0.011599530919187796,0
Eriophorum,Erebia_nivalis,0,-0.0034769829788748935,0
Eriophorum,Erebia_tyndarus,0,-0.015692603438211147,0
Eriophorum,Erebia_christi,0,-0.0034769829788748935,0
Eriophorum,Erebia_pharte,0,0.06677811845357037,0
Eriophorum,Erebia_epiphron,0,-0.0034769829788748935,0
Eriophorum,Erebia_meolans,0,-0.0034769829788748935,0
Eriophorum,Erebia_triarius,0,0.04077840621989824,0
Eriophorum,Erebia_medusa,0,-0.015076513898062714,0
Eriophorum,Erebia_aethiops,0,0.05265927077672679,0
Eriophorum,Erebia_pandrose,0,-0.027792463117510616,0
Eriophorum,Erebia_flavofasciata,0,-0.0034769829788748935,0
Eriophorum,Erebia_gorge,0,-0.02097957497372187,0
Eriophorum,Erebia_pluto,0,-0.02097957497372187,0
Eriophorum,Erebia_sudetica,0,-0.007353927862689509,0
Eriophorum,Erebia_melampus,0,-0.00887971529442229,0
Eriophorum,Erebia_manto,0,0.07319104469241947,1
Eriophorum,Erebia_eriphyle,0,0.08667454144582183,1
Eriophorum,Erebia_euryale,0,0.051184070853389746,0
Eriophorum,Erebia_ligea,0,0.05362429653149612,0
Eriophorum,Erebia_oeme,0,0.08949043930055753,1
Eriophorum,Erebia_mnestra,0,-0.019453787541988992,0
Eriophorum,Erebia_styx,0,-0.015976804563114125,0
Phragmites,Parnassius_mnemosyne,0,0,0
Phragmites,Parnassius_apollo,0,0,0
Phragmites,Parnassius_phoebus,0,0,0
Phragmites,Iphiclides_podalirius,0,0,0
Phragmites,Papilio_machaon,0,0,0
Phragmites,Carcharodus_alceae,0,0,0
Phragmites,Spialia_sertorius,0,0,0
Phragmites,Erynnis_tages,0,0,0
Phragmites,Pyrgus_carthami,0,0,0
Phragmites,Pyrgus_malvae,0,0,0
Phragmites,Pyrgus_andromedae,0,0,0
Phragmites,Pyrgus_cacaliae,0,0,0
Phragmites,Pyrgus_serratulae,0,0,0
Phragmites,Pyrgus_armoricanus,0,0,0
Phragmites,Pyrgus_cirsii,0,0,0
Phragmites,Pyrgus_carlinae,0,0,0
Phragmites,Pyrgus_alveus,0,0,0
Phragmites,Heteropterus_morpheus,0,0,0
Phragmites,Carterocephalus_palaemon,0,0,0
Phragmites,Thymelicus_acteon,0,0,0
Phragmites,Thymelicus_sylvestris,0,0,0
Phragmites,Thymelicus_lineola,0,0,0
Phragmites,Ochlodes_sylvanus,0,0,0
Phragmites,Hesperia_comma,0,0,0
Phragmites,Gonepteryx_rhamni,0,0,0
Phragmites,Colias_alfacariensis,0,0,0
Phragmites,Colias_phicomone,0,0,0
Phragmites,Colias_palaeno,0,0,0
Phragmites,Anthocharis_cardamines,0,0,0
Phragmites,Aporia_crataegi,0,0,0
Phragmites,Pontia_callidice,0,0,0
Phragmites,Pieris_brassicae,0,0,0
Phragmites,Pieris_mannii,0,0,0
Phragmites,Pieris_bryoniae,0,0,0
Phragmites,Hamearis_lucina,0,0,0
Phragmites,Lycaena_phlaeas,0,0,0
Phragmites,Lycaena_virgaureae,0,0,0
Phragmites,Lycaena_helle,0,0,0
Phragmites,Lycaena_alciphron,0,0,0
Phragmites,Lycaena_dispar,0,0,0
Phragmites,Lycaena_hippothoe,0,0,0
Phragmites,Thecla_betulae,0,0,0
Phragmites,Favonius_quercus,0,0,0
Phragmites,Satyrium_acaciae,0,0,0
Phragmites,Satyrium_spini,0,0,0
Phragmites,Satyrium_ilicis,0,0,0
Phragmites,Lampides_boeticus,0,0,0
Phragmites,Celastrina_argiolus,0,0,0
Phragmites,Phengaris_arion,0,0,0
Phragmites,Phengaris_teleius,0,0,0
Phragmites,Phengaris_nausithous,0,0,0
Phragmites,Scolitantides_orion,0,0,0
Phragmites,Iolana_iolas,0,0,0
Phragmites,Glaucopsyche_alexis,0,0,0
Phragmites,Pseudophilotes_baton,0,0,0
Phragmites,Leptotes_pirithous,0,0,0
Phragmites,Cupido_argiades,0,0,0
Phragmites,Cupido_alcetas,0,0,0
Phragmites,Cupido_osiris,0,0,0
Phragmites,Cupido_minimus,0,0,0
Phragmites,Plebejus_argus,0,0,0
Phragmites,Plebejus_idas,0,0,0
Phragmites,Plebejus_argyrognomon,0,0,0
Phragmites,Cyaniris_semiargus,0,0,0
Phragmites,Aricia_nicias,0,0,0
Phragmites,Aricia_artaxerxes,0,0,0
Phragmites,Aricia_agestis,0,0,0
Phragmites,Polyommatus_escheri,0,0,0
Phragmites,Polyommatus_thersites,0,0,0
Phragmites,Polyommatus_amandus,0,0,0
Phragmites,Polyommatus_icarus,0,0,0
Phragmites,Polyommatus_eros,0,0,0
Phragmites,Polyommatus_dorylas,0,0,0
Phragmites,Polyommatus_damon,0,0,0
Phragmites,Neptis_rivularis,0,0,0
Phragmites,Limenitis_populi,0,0,0
Phragmites,Limenitis_reducta,0,0,0
Phragmites,Limenitis_camilla,0,0,0
Phragmites,Issoria_lathonia,0,0,0
Phragmites,Brenthis_ino,0,0,0
Phragmites,Argynnis_paphia,0,0,0
Phragmites,Fabriciana_adippe,0,0,0
Phragmites,Boloria_pales,0,0,0
Phragmites,Boloria_napaea,0,0,0
Phragmites,Boloria_aquilonaris,0,0,0
Phragmites,Boloria_selene,0,0,0
Phragmites,Boloria_dia,0,0,0
Phragmites,Boloria_euphrosyne,0,0,0
Phragmites,Boloria_titania,0,0,0
Phragmites,Apatura_iris,0,0,0
Phragmites,Apatura_ilia,0,0,0
Phragmites,Araschnia_levana,0,0,0
Phragmites,Vanessa_cardui,0,0,0
Phragmites,Vanessa_atalanta,0,0,0
Phragmites,Aglais_io,0,0,0
Phragmites,Aglais_urticae,0,0,0
Phragmites,Nymphalis_polychloros,0,0,0
Phragmites,Nymphalis_antiopa,0,0,0
Phragmites,Euphydryas_cynthia,0,0,0
Phragmites,Euphydryas_intermedia,0,0,0
Phragmites,Melitaea_didyma,0,0,0
Phragmites,Melitaea_phoebe,0,0,0
Phragmites,Melitaea_cinxia,0,0,0
Phragmites,Melitaea_diamina,0,0,0
Phragmites,Melitaea_aurelia,0,0,0
Phragmites,Melitaea_varia,0,0,0
Phragmites,Melitaea_parthenoides,0,0,0
Phragmites,Melitaea_deione,0,0,0
Phragmites,Melitaea_athalia,0,0,0
Phragmites,Melitaea_britomartis,0,0,0
Phragmites,Libythea_celtis,0,0,0
Phragmites,Lasiommata_maera,0,0,0
Phragmites,Lasiommata_petropolitana,0,0,0
Phragmites,Lasiommata_megera,0,0,0
Phragmites,Lopinga_achine,0,0,0
Phragmites,Coenonympha_glycerion,0,0,0
Phragmites,Coenonympha_pamphilus,0,0,0
Phragmites,Coenonympha_tullia,0,0,0
Phragmites,Melanargia_galathea,0,0,0
Phragmites,Hipparchia_statilinus,0,0,0
Phragmites,Hipparchia_fagi,0,0,0
Phragmites,Hipparchia_semele,0,0,0
Phragmites,Oeneis_glacialis,0,0,0
Phragmites,Brintesia_circe,0,0,0
Phragmites,Satyrus_ferula,0,0,0
Phragmites,Hyponephele_lycaon,0,0,0
Phragmites,Aphantopus_hyperantus,0,0,0
Phragmites,Maniola_jurtina,0,0,0
Phragmites,Erebia_nivalis,0,0,0
Phragmites,Erebia_tyndarus,0,0,0
Phragmites,Erebia_christi,0,0,0
Phragmites,Erebia_pharte,0,0,0
Phragmites,Erebia_epiphron,0,0,0
Phragmites,Erebia_meolans,0,0,0
Phragmites,Erebia_triarius,0,0,0
Phragmites,Erebia_medusa,0,0,0
Phragmites,Erebia_aethiops,0,0,0
Phragmites,Erebia_pandrose,0,0,0
Phragmites,Erebia_flavofasciata,0,0,0
Phragmites,Erebia_gorge,0,0,0
Phragmites,Erebia_pluto,0,0,0
Phragmites,Erebia_sudetica,0,0,0
Phragmites,Erebia_melampus,0,0,0
Phragmites,Erebia_manto,0,0,0
Phragmites,Erebia_eriphyle,0,0,0
Phragmites,Erebia_euryale,0,0,0
Phragmites,Erebia_ligea,0,0,0
Phragmites,Erebia_oeme,0,0,0
Phragmites,Erebia_mnestra,0,0,0
Phragmites,Erebia_styx,0,0,0
Sesleria,Parnassius_mnemosyne,0,0,0
Sesleria,Parnassius_apollo,0,0,0
Sesleria,Parnassius_phoebus,0,0,0
Sesleria,Iphiclides_podalirius,0,-7.549578630855722e-34,0
Sesleria,Papilio_machaon,0,3.1344590610518653e-16,0
Sesleria,Carcharodus_alceae,0,1.1359448139031918e-17,0
Sesleria,Spialia_sertorius,0,4.711974966063282e-17,0
Sesleria,Erynnis_tages,0,8.578090457152667e-17,0
Sesleria,Pyrgus_carthami,0,3.4959067921894266e-16,0
Sesleria,Pyrgus_malvae,0,-2.8847023853868264e-16,0
Sesleria,Pyrgus_andromedae,0,1.6368439386893986e-16,0
Sesleria,Pyrgus_cacaliae,0,5.627480208333671e-17,0
Sesleria,Pyrgus_serratulae,0,-4.687079969576937e-16,0
Sesleria,Pyrgus_armoricanus,0,-2.387537014032439e-16,0
Sesleria,Pyrgus_cirsii,0,1.0644274224787664e-17,0
Sesleria,Pyrgus_carlinae,0,1.3018364472539726e-16,0
Sesleria,Pyrgus_alveus,0,1.4194075449724672e-16,0
Sesleria,Heteropterus_morpheus,0,-0.06041185711214252,0
Sesleria,Carterocephalus_palaemon,0,-0.06446828907493588,0
Sesleria,Thymelicus_acteon,0,-0.19918014309889673,0
Sesleria,Thymelicus_sylvestris,0,0.04927166850799294,0
Sesleria,Thymelicus_lineola,0,-0.3868633509333589,0
Sesleria,Ochlodes_sylvanus,0,-0.04772498696805589,0
Sesleria,Hesperia_comma,0,0.08852180139534574,1
Sesleria,Gonepteryx_rhamni,0,-1.2679699302629357e-16,0
Sesleria,Colias_alfacariensis,0,1.7161014044340167e-16,0
Sesleria,Colias_phicomone,0,-2.6021395847118645e-16,0
Sesleria,Colias_palaeno,0,-1.5045870735608366e-16,0
Sesleria,Anthocharis_cardamines,0,-1.968993030009854e-16,0
Sesleria,Aporia_crataegi,0,-4.8447750094298955e-17,0
Sesleria,Pontia_callidice,0,-1.2821818676844762e-16,0
Sesleria,Pieris_brassicae,0,-1.2104409349274316e-16,0
Sesleria,Pieris_mannii,0,-1.0618259899295044e-16,0
Sesleria,Pieris_bryoniae,0,-5.0587823645062207e-17,0
Sesleria,Hamearis_lucina,0,-1.1658767819222065e-17,0
Sesleria,Lycaena_phlaeas,0,7.754675782918993e-16,0
Sesleria,Lycaena_virgaureae,0,7.652232003055315e-16,0
Sesleria,Lycaena_helle,0,-1.8935827297525963e-16,0
Sesleria,Lycaena_alciphron,0,8.22927963858789e-16,0
Sesleria,Lycaena_dispar,0,1.4229466952670089e-15,0
Sesleria,Lycaena_hippothoe,0,9.07340132891555e-16,0
Sesleria,Thecla_betulae,0,-2.27546489612535e-16,0
Sesleria,Favonius_quercus,0,3.066027271624571e-17,0
Sesleria,Satyrium_acaciae,0,-2.9487464896348366e-16,0
Sesleria,Satyrium_spini,0,5.588497945127579e-18,0
Sesleria,Satyrium_ilicis,0,1.8901084696902998e-18,0
Sesleria,Lampides_boeticus,0,2.8395039306740757e-16,0
Sesleria,Celastrina_argiolus,0,-6.0096990239715e-18,0
Sesleria,Phengaris_arion,0,3.032695017985654e-20,0
Sesleria,Phengaris_teleius,0,8.529093265529e-17,0
Sesleria,Phengaris_nausithous,0,8.529093265528983e-17,0
Sesleria,Scolitantides_orion,0,1.5801028440267578e-22,0
Sesleria,Iolana_iolas,0,2.4820638605230944e-16,0
Sesleria,Glaucopsyche_alexis,0,7.282382833704405e-16,0
Sesleria,Pseudophilotes_baton,0,-1.515796727592049e-21,0
Sesleria,Leptotes_pirithous,0,-1.1828268529563362e-16,0
Sesleria,Cupido_argiades,0,1.7547879332609984e-16,0
Sesleria,Cupido_alcetas,0,1.4679920265070698e-16,0
Sesleria,Cupido_osiris,0,4.886245723430426e-16,0
Sesleria,Cupido_minimus,0,-5.010654775345301e-16,0
Sesleria,Plebejus_argus,0,-5.570579857985863e-17,0
Sesleria,Plebejus_idas,0,-1.148455457641373e-16,0
Sesleria,Plebejus_argyrognomon,0,8.584938462876238e-18,0
Sesleria,Cyaniris_semiargus,0,-2.0237788594216955e-16,0
Sesleria,Aricia_nicias,0,8.553320745028339e-17,0
Sesleria,Aricia_artaxerxes,0,3.3701521226332854e-16,0
Sesleria,Aricia_agestis,0,-4.7707023243983776e-17,0
Sesleria,Polyommatus_escheri,0,-4.004410232882304e-16,0
Sesleria,Polyommatus_thersites,0,5.1258100390892e-16,0
Sesleria,Polyommatus_amandus,0,-4.971239267118254e-16,0
Sesleria,Polyommatus_icarus,0,-5.82711627734969e-17,0
Sesleria,Polyommatus_eros,0,1.251423960272623e-16,0
Sesleria,Polyommatus_dorylas,0,-1.662659727696282e-17,0
Sesleria,Polyommatus_damon,0,5.1258100390892e-16,0
Sesleria,Neptis_rivularis,0,-2.122632964178819e-17,0
Sesleria,Limenitis_populi,0,4.716711513575081e-38,0
Sesleria,Limenitis_reducta,0,3.5064406564702267e-38,0
Sesleria,Limenitis_camilla,0,-3.018873910236883e-38,0
Sesleria,Issoria_lathonia,0,-1.457459999206298e-17,0
Sesleria,Brenthis_ino,0,4.15967064737558e-17,0
Sesleria,Argynnis_paphia,0,-1.457459999206298e-17,0
Sesleria,Fabriciana_adippe,0,-1.457459999206298e-17,0
Sesleria,Boloria_pales,0,1.3048687083177544e-17,0
Sesleria,Boloria_napaea,0,-1.457459999206298e-17,0
Sesleria,Boloria_aquilonaris,0,-3.4828880866185657e-17,0
Sesleria,Boloria_selene,0,-1.457459999206298e-17,0
Sesleria,Boloria_dia,0,-1.457459999206298e-17,0
Sesleria,Boloria_euphrosyne,0,-1.457459999206298e-17,0
Sesleria,Boloria_titania,0,-1.457459999206298e-17,0
Sesleria,Apatura_iris,0,-7.936817262091446e-39,0
Sesleria,Apatura_ilia,0,-1.759528991324361e-38,0
Sesleria,Araschnia_levana,0,3.285073666733131e-16,0
Sesleria,Vanessa_cardui,0,6.72299189504904e-16,0
Sesleria,Vanessa_atalanta,0,3.285073666733131e-16,0
Sesleria,Aglais_io,0,3.9274425615237405e-16,0
Sesleria,Aglais_urticae,0,3.285073666733131e-16,0
Sesleria,Nymphalis_polychloros,0,1.4883849347121695e-38,0
Sesleria,Nymphalis_antiopa,0,-7.936817262091446e-39,0
Sesleria,Euphydryas_cynthia,0,1.3048687083177544e-17,0
Sesleria,Euphydryas_intermedia,0,-7.873883492160908e-39,0
Sesleria,Melitaea_didyma,0,2.4024137910940314e-16,0
Sesleria,Melitaea_phoebe,0,1.497174077905863e-16,0
Sesleria,Melitaea_cinxia,0,6.247061958941928e-17,0
Sesleria,Melitaea_diamina,0,0,0
Sesleria,Melitaea_aurelia,0,-1.3900112455975395e-17,0
Sesleria,Melitaea_varia,0,-1.3900112455975395e-17,0
Sesleria,Melitaea_parthenoides,0,4.8864076779265455e-17,0
Sesleria,Melitaea_deione,0,5.435520452021802e-17,0
Sesleria,Melitaea_athalia,0,2.3773126084298864e-16,0
Sesleria,Melitaea_britomartis,0,6.247061958941928e-17,0
Sesleria,Libythea_celtis,0,1.0365924036805235e-38,0
Sesleria,Lasiommata_maera,0,-0.009709427712707313,0
Sesleria,Lasiommata_petropolitana,0,0.05794595467445633,0
Sesleria,Lasiommata_megera,0,0.09055657362141017,1
Sesleria,Lopinga_achine,0,-0.12372375328960028,0
Sesleria,Coenonympha_glycerion,0,0.12319232242731477,1
Sesleria,Coenonympha_pamphilus,0,0.09823373863553302,1
Sesleria,Coenonympha_tullia,0,-3.7383778517139504e-4,0
Sesleria,Melanargia_galathea,0,-0.03791431937528296,0
Sesleria,Hipparchia_statilinus,0,0.032236878702674096,0
Sesleria,Hipparchia_fagi,0,0.09055657362141017,1
Sesleria,Hipparchia_semele,0,0.05794595467445633,0
Sesleria,Oeneis_glacialis,0,0.05794595467445633,0
Sesleria,Brintesia_circe,0,0.09055657362141017,1
Sesleria,Satyrus_ferula,0,0.05794595467445633,0
Sesleria,Hyponephele_lycaon,0,-3.7374024427987303e-4,0
Sesleria,Aphantopus_hyperantus,0,0.09055657362141017,1
Sesleria,Maniola_jurtina,0,0.09055657362141017,1
Sesleria,Erebia_nivalis,0,0.05794595467445633,0
Sesleria,Erebia_tyndarus,0,-0.09543187564777708,0
Sesleria,Erebia_christi,0,0.05794595467445633,0
Sesleria,Erebia_pharte,0,0.144623961363775,1
Sesleria,Erebia_epiphron,0,0.05794595467445633,0
Sesleria,Erebia_meolans,0,0.05794595467445633,0
Sesleria,Erebia_triarius,0,-3.7374024427987303e-4,0
Sesleria,Erebia_medusa,0,0.1485025282958666,1
Sesleria,Erebia_aethiops,0,0.2064276106265381,1
Sesleria,Erebia_pandrose,1,0.8592403825120856,1
Sesleria,Erebia_flavofasciata,0,0.05794595467445633,0
Sesleria,Erebia_gorge,1,0.8986285756592545,1
Sesleria,Erebia_pluto,1,0.8986285756592545,1
Sesleria,Erebia_sudetica,0,-0.16650691555915326,0
Sesleria,Erebia_melampus,0,-0.05604368250060884,0
Sesleria,Erebia_manto,0,-0.0983866703971224,0
Sesleria,Erebia_eriphyle,0,-0.20410276374857397,0
Sesleria,Erebia_euryale,1,1.0503834975465436,1
Sesleria,Erebia_ligea,1,1.0950185572317923,1
Sesleria,Erebia_oeme,0,0.09810744387087696,1
Sesleria,Erebia_mnestra,1,0.7881653426007097,1
Sesleria,Erebia_styx,1,0.7302193879262537,1
